id,nombre,nombre_oficial,nombre_artistico,alias,comuna,comuna_nombre,provincia,localidad,region,anio_creacion,director,integrantes,tipo,disciplinas,descripcion,obras,obras_nombre,espacios,espacios_nombre,comunas_trabajo,regiones_circulacion,festivales,festivales_nombre,fondos,fondos_nombre,instagram,facebook,youtube,tiktok,spotify,vimeo,linkedin,web,correo,telefono,fuentes,estado,fecha_descubrimiento,fecha_ultima_verificacion,duplicado_de,contradicciones,notas
COMP-0001,Arte Escénico La Ligua,NO ENCONTRADO,NO ENCONTRADO,NO ENCONTRADO,la-ligua,La Ligua,petorca,NO ENCONTRADO,valparaiso,NO ENCONTRADO,NO ENCONTRADO,Nelson Hernán Rojas Torres (director),teatro comunitario,teatro | teatro-comunitario,"Organización de teatro y gestión cultural de La Ligua dirigida por Nelson Rojas Torres. Organiza el Festival de Teatro y Todas las Artes Valle del Liwa, que lleva teatro a localidades rurales y urbanas de la Provincia de Petorca.",NO ENCONTRADO,NO ENCONTRADO,NO ENCONTRADO,NO ENCONTRADO,petorca | cabildo,NO ENCONTRADO,FES-0006,Festival de Teatro y Todas las Artes Valle del Liwa,FIN-0001,7% FNDR Cultura — Festival Valle del Liwa (tercera versión),NO ENCONTRADO,NO ENCONTRADO,NO ENCONTRADO,NO ENCONTRADO,NO ENCONTRADO,NO ENCONTRADO,NO ENCONTRADO,NO ENCONTRADO,NO ENCONTRADO,NO ENCONTRADO,FUE-0013 | FUE-0014 | FUE-0082 | FUE-0083 | FUE-0084,PARCIAL,2026-09-08,2026-09-08,NO ENCONTRADO,NO ENCONTRADO,Importado de data/companies/arte-escenico-la-ligua.json (score 60).
COMP-0002,Asamblea Titiritera ATTICH V Región,NO ENCONTRADO,NO ENCONTRADO,Asamblea Titiritera ATTICH Quinta Región | ATTICH Quinta Región,valparaiso,Valparaíso,valparaiso,NO ENCONTRADO,valparaiso,NO ENCONTRADO,NO ENCONTRADO,NO ENCONTRADO,compañía de títeres,titeres,"Agrupación regional de titiriteras y titiriteros de la Región de Valparaíso, vinculada a la Asamblea de Titiriteros y Titiriteras de Chile (ATTICH). Organiza el Festival Ventolera y el Festival Caleta de Títeres.",NO ENCONTRADO,NO ENCONTRADO,NO ENCONTRADO,NO ENCONTRADO,NO ENCONTRADO,NO ENCONTRADO,FES-0007 | FES-0008,Festival Ventolera | Festival Caleta de Títeres,NO ENCONTRADO,NO ENCONTRADO,NO ENCONTRADO,NO ENCONTRADO,NO ENCONTRADO,NO ENCONTRADO,NO ENCONTRADO,NO ENCONTRADO,NO ENCONTRADO,NO ENCONTRADO,NO ENCONTRADO,NO ENCONTRADO,FUE-0015 | FUE-0016 | FUE-0017 | FUE-0018 | FUE-0069,PARCIAL,2026-09-08,2026-09-08,NO ENCONTRADO,NO ENCONTRADO,"Importado de data/companies/asamblea-titiritera-attich-v.json (score 80). El Catálogo SNPC 2025 indica que Titiricaos, La Barconeta, La Capuchina y Vaccaro Puppets integran la Asamblea. Organiza el Festival Ventolera (IV versión, 2024). Comuna según la sede del festival."
COMP-0003,Colectiva Artística Medioambiental La Capuchina,NO ENCONTRADO,NO ENCONTRADO,Colectiva Artístico Medio Ambiental La Capuchina | Compañía La Capuchina | La Capuchina | Colectiva La Capuchina | Compañía Capuchina,valparaiso,Valparaíso,valparaiso,NO ENCONTRADO,valparaiso,2018,NO ENCONTRADO,Waleska Vilches Valdivia (integrante fundadora) | Ana Sagredo Núñez (integrante fundadora),compañía de títeres,titeres | musica-escenica | teatro-comunitario,"Colectiva de artes escénicas y teatro tradicional de títeres de Valparaíso, nacida en 2018, centrada en educación medioambiental, música original y trabajo comunitario en jardines infantiles, escuelas y espacios no convencionales.",NO ENCONTRADO,NO ENCONTRADO,NO ENCONTRADO,NO ENCONTRADO,NO ENCONTRADO,NO ENCONTRADO,FES-0007,Festival Ventolera,FIN-0002,"Convocatoria 2023, Ministerio de las Culturas, las Artes y el Patrimonio (obra La Ruta de la Quebrada)",https://www.instagram.com/la_capuchina/,NO ENCONTRADO,NO ENCONTRADO,https://www.tiktok.com/@lacapuchina9537,NO ENCONTRADO,NO ENCONTRADO,NO ENCONTRADO,NO ENCONTRADO,colectivalacapuchina@gmail.com,+569 4353 3803,FUE-0018 | FUE-0019 | FUE-0020 | FUE-0015 | FUE-0069,PARCIAL,2026-09-08,2026-09-08,NO ENCONTRADO,"descripcion: 'Colectiva de artes escénicas y teatro tradicional de títeres de Valparaíso, nacida en 2018, centrada en educación medioambiental, música original y trabajo comunitario en jardines infantiles, escuelas y espacios no convencionales.' vs 'Nace en 2018 en Valparaíso; artes escénicas, teatro, títeres, música, trabajo comunitario y medio ambiente, con un proyecto educativo centrado en protección y cuidado de entornos naturales. Obras originales con música de autoría; investigación en manipulación de títeres para formatos audiovisuales. Trabaja en jardines infantiles, escuelas y espacios no convencionales. Integra la Asamblea Titiritera ATTICH Quinta Región.'",Importado de data/companies/colectiva-la-capuchina.json (score 78). Ficha en el Catálogo SNPC 2025 (p. 10). Identificadores de red publicados: 'la_capuchina' y '@lacapuchina9537'; segundo teléfono +569 6469 5363. Figura como 'Compañía Capuchina (Valparaíso)' en el IV Festival Ventolera (2024).
COMP-0004,Compañía de Muñecos Marionautas,NO ENCONTRADO,NO ENCONTRADO,Compañía Marionautas | Marionautas,quilpue,Quilpué,marga-marga,NO ENCONTRADO,valparaiso,NO ENCONTRADO,Rafael Brozzi,Rafael Brozzi (dirección),compañía de títeres,titeres,"Compañía de marionetas y títeres con enfoque educativo y de entretención, dirigida por Rafael Brozzi. Con sede en Quilpué, ha recorrido escenarios de una veintena de países.",NO ENCONTRADO,NO ENCONTRADO,NO ENCONTRADO,NO ENCONTRADO,NO ENCONTRADO,Latinoamérica (giras) | Europa (giras),NO ENCONTRADO,NO ENCONTRADO,NO ENCONTRADO,NO ENCONTRADO,https://www.instagram.com/elmundodelostiteres/,NO ENCONTRADO,NO ENCONTRADO,NO ENCONTRADO,NO ENCONTRADO,NO ENCONTRADO,NO ENCONTRADO,NO ENCONTRADO,marionautas@gmail.com,+569 8564 5270,FUE-0018 | FUE-0021 | FUE-0087,PARCIAL,2026-09-08,2026-09-08,NO ENCONTRADO,"descripcion: 'Compañía de marionetas y títeres con enfoque educativo y de entretención, dirigida por Rafael Brozzi. Con sede en Quilpué, ha recorrido escenarios de una veintena de países.' vs 'Dirigida por Rafael Brozzi, quien llegó a Chile en 1994. Con tres décadas de trayectoria, desarrolla marionetas y títeres con enfoque educativo y de entretención; ha recorrido escenarios en una veintena de países con giras por Latinoamérica y Europa. Funciones en teatros, centros educativos y espacio público. Público: primera infancia, infantil y familiar.'",Importado de data/companies/compania-de-munecos-marionautas.json (score 75). Ficha en el Catálogo SNPC 2025 (p. 6). Red social publicada como 'elmundodelostiteres' sin indicar la plataforma. Año exacto de fundación no indicado ('tres décadas de trayectoria').
COMP-0005,Compañía de Teatro Alegría,NO ENCONTRADO,NO ENCONTRADO,NO ENCONTRADO,villa-alemana,Villa Alemana,marga-marga,NO ENCONTRADO,valparaiso,2012,NO ENCONTRADO,Sofía Espinoza (elenco de El Loco y la Triste) | Lucy Salgado (elenco de El Loco y la Triste) | Víctor Eduardo Opazo Herrera (integrante y representante),teatro comunitario,teatro | teatro-comunitario,"Compañía de teatro comunitario de Villa Alemana, nacida en 2012 con alrededor de quince actores y actrices. Obtuvo personalidad jurídica en julio de 2012, lo que le permitió postular a fondos públicos y subvenciones.",OBR-0001,El Loco y la Triste,NO ENCONTRADO,NO ENCONTRADO,NO ENCONTRADO,NO ENCONTRADO,NO ENCONTRADO,NO ENCONTRADO,FIN-0003,Subvención municipal (equipamiento),NO ENCONTRADO,NO ENCONTRADO,NO ENCONTRADO,NO ENCONTRADO,NO ENCONTRADO,NO ENCONTRADO,NO ENCONTRADO,NO ENCONTRADO,NO ENCONTRADO,NO ENCONTRADO,FUE-0022 | FUE-0023 | FUE-0055 | FUE-0085 | FUE-0086,DESCUBIERTO,2026-09-08,2026-09-08,NO ENCONTRADO,NO ENCONTRADO,Importado de data/companies/compania-de-teatro-alegria.json (score 65).
COMP-0006,Compañía de Teatro La Lancha,Compañía de Teatro La Lancha SpA,NO ENCONTRADO,Teatro la Lancha Spa,san-antonio,San Antonio,san-antonio,NO ENCONTRADO,valparaiso,NO ENCONTRADO,Diego Chamorro,Diego Chamorro (director) | Paz Olivares (elenco de Llo Lle We) | Valeria Morales (elenco de Llo Lle We) | Francisco Luco (musicalización) | Pablo Urtubia (musicalización) | Alan Sebastián Fernández Caro (actor y gestor),teatro infantil/familiar,teatro | teatro-familiar | juglaria,"Compañía de teatro de San Antonio dirigida por Diego Chamorro. Trabaja teatro, memoria e identidad territorial del litoral; responsable del proyecto Quinta Escena Podcast.",OBR-0002,Llo Lle We,NO ENCONTRADO,NO ENCONTRADO,NO ENCONTRADO,NO ENCONTRADO,NO ENCONTRADO,NO ENCONTRADO,FIN-0087,"Equipamiento profesional para la escena itinerante - La Lancha, Teatro y Patrimonio",NO ENCONTRADO,NO ENCONTRADO,NO ENCONTRADO,NO ENCONTRADO,NO ENCONTRADO,NO ENCONTRADO,NO ENCONTRADO,NO ENCONTRADO,NO ENCONTRADO,NO ENCONTRADO,FUE-0024 | FUE-0025 | FUE-0026 | FUE-0056 | FUE-0072 | FUE-0073 | FUE-0092 | FUE-0094 | FUE-0098 | FUE-0117,VERIFICADO,2026-09-08,2026-09-08,NO ENCONTRADO,nombre_oficial: 'Compañía de Teatro La Lancha SpA' vs 'Teatro La Lancha SpA'; tipo: 'teatro infantil/familiar' vs 'organización de artes escénicas (según nómina de fondos)',"Importado de data/companies/compania-de-teatro-la-lancha.json (score 75). Mencionada como 'Teatro La Lancha' entre los seleccionados de Fondos Cultura 2026 en la nota ministerial; proyecto por confirmar en la nómina oficial. 'Equipamiento profesional para la escena itinerante - La Lancha, Teatro y Patrimonio' (2026, $14.997.500). 'Huidobro Viene Navegando + Registro' (2025, $17.093.777) y 'Gira de Llo Lle We: Ko Rüpü, el camino del agua' (2023, $14.325.891), ambos con Diego Sebastián Chamorro Ramírez como responsable. Responsable del proyecto «Equipamiento profesional para la escena itinerante - La Lancha, Teatro y Patrimonio» (Fondo de Artes Escénicas 2026, Compañías de las Artes Escénicas). Comuna no indicada en la nómina (solo región)."
COMP-0007,Festín de la Risa,NO ENCONTRADO,NO ENCONTRADO,NO ENCONTRADO,valparaiso,Valparaíso,valparaiso,NO ENCONTRADO,valparaiso,2009,NO ENCONTRADO,Felipe Godoy (Tony Pitilla) | Katherine Cisternas (Tony Petunia) | Carlos Andrés Muñoz Rivera (integrante (Tony Pinganilla)),compañía de circo,clown | circo | teatro-callejero,"Compañía de clown nacida en 2009 en el Teatromuseo del Títere y el Payaso de Valparaíso, a partir de un encuentro entre artistas del clown y el mimo. Desde 2014 la conforman Carlos Muñoz (Tony Pinganilla), Felipe Godoy (Tony Pitilla) y Katherine Cisternas (Tony Petunia). Mezcla clown, teatro, circo, calle, humor físico, acrobacia cómica, improvisación, música y tradición circense, con números clásicos del payaso.",OBR-0003,Ayayai,NO ENCONTRADO,NO ENCONTRADO,putaendo,NO ENCONTRADO,FES-0010 | FES-0011,Jallalla Festi Circo | Gira regional de teatro familiar,NO ENCONTRADO,NO ENCONTRADO,NO ENCONTRADO,NO ENCONTRADO,NO ENCONTRADO,NO ENCONTRADO,NO ENCONTRADO,NO ENCONTRADO,NO ENCONTRADO,NO ENCONTRADO,NO ENCONTRADO,NO ENCONTRADO,FUE-0027 | FUE-0028 | FUE-0054 | FUE-0074 | FUE-0075,DESCUBIERTO,2026-09-08,2026-09-08,NO ENCONTRADO,NO ENCONTRADO,Importado de data/companies/festin-de-la-risa.json (score 55).
COMP-0008,Fundación OANI de Teatro,Fundación OANI de Teatro,NO ENCONTRADO,OANI Teatro | OANI — Objeto Animado No Identificado,valparaiso,Valparaíso,valparaiso,NO ENCONTRADO,valparaiso,1998,Camila Landon Vío,"Camila Landon Vío (directora presidenta, actriz) | Andrés Landon Vío (director secretario, compositor y productor musical) | Gloria Vío Grossi (directora tesorera, asesora de proyectos)",compañía de títeres,titeres | lambe-lambe | teatro-familiar | teatro,"Compañía y fundación de Teatro de Formas Animadas con sede en Valparaíso, pionera en la difusión del Teatro Lambe-Lambe (teatro miniatura) en Chile desde 2007. Organiza el FESTILAMBE de Valparaíso y realiza tardes familiares y residencias en Casa OANI y en el Parque Cultural de Valparaíso.",OBR-0041 | OBR-0121 | OBR-0129 | OBR-0130 | OBR-0131,NOSOTRXS | Yo soy un oso | La estrategia de Elías | La cocina pública | Avatares,ESP-0003 | ESP-0088,Parque Cultural de Valparaíso | Casa OANI,valparaiso,NO ENCONTRADO,FES-0012 | FES-0047,FESTILAMBE de Valparaíso | Mes del Teatro en la Región de Valparaíso 2022,FIN-0004 | FIN-0005 | FIN-0111 | FIN-0265 | FIN-0525 | FIN-0542 | FIN-0829,"Fondo Nacional de Fomento y Desarrollo de las Artes Escénicas — Creación y Producción Escénica (obra NOSOTRXS) | Comunidades Escénicas — Programa de Artes Escénicas Itinerantes Regionales (coproducción «Puerto a Puerta» con Teatro Container) | 9° FESTILAMBE de Valparaíso, Festival Internacional de Teatro Lambe Lambe de Chile ""Contagiando Humanidad"" | NOSOTRXS | 8vo FESTILAMBE de Valparaíso Festival Internacional de Teatro Lambe Lambe de Chile - Convocando Humanidad | EL CUERPO COMO ESCENARIO DE LAS MINIATURAS | 7° FESTILAMBE de Valparaíso - Festival Internacional de Teatro Lambe Lambe de Chile - Compartiendo Humanidad",https://www.instagram.com/oaniteatro/,https://www.facebook.com/oaniteatro/,https://www.youtube.com/@oaniteatro,NO ENCONTRADO,NO ENCONTRADO,NO ENCONTRADO,NO ENCONTRADO,https://oaniteatro.com,produccion@oaniteatro.com,NO ENCONTRADO,FUE-0029 | FUE-0030 | FUE-0031 | FUE-0032 | FUE-0088 | FUE-0095 | FUE-0098 | FUE-0105 | FUE-0106 | FUE-0118 | FUE-0175,VERIFICADO,2026-09-08,2026-09-08,NO ENCONTRADO,"tipo: 'compañía de títeres' vs 'organización de artes escénicas (según nómina de fondos)'; tipo: 'compañía de títeres' vs 'compañía de teatro de animación'; descripcion: 'Compañía y fundación de Teatro de Formas Animadas con sede en Valparaíso, pionera en la difusión del Teatro Lambe-Lambe (teatro miniatura) en Chile desde 2007. Organiza el FESTILAMBE de Valparaíso y realiza tardes familiares y residencias en Casa OANI y en el Parque Cultural de Valparaíso.' vs 'OANI (Objeto Animado No Identificado) nace en Santiago en 1998, se radica en Valparaíso en 2007 y se constituye como Fundación en 2014. Su misión: promover desde Valparaíso la articulación, desarrollo, investigación, formación y difusión de las artes escénicas, en especial el teatro de animación. Ha estrenado 33 espectáculos de producción independiente.'; correo: 'produccion@oaniteatro.com' vs 'fundacion@oaniteatro.com'","Importado de data/companies/fundacion-oani-de-teatro.json (score 90). Punto de Cultura Comunitaria validado. Responsable del proyecto «9° FESTILAMBE de Valparaíso, Festival Internacional de Teatro Lambe Lambe de Chile ""Contagiando Humanidad""» (Fondo de Artes Escénicas 2026, Nacionales). Comuna no indicada en la nómina (solo región). Responsable del proyecto «NOSOTRXS» (Fondo de Artes Escénicas 2025, Títeres). Comuna no indicada en la nómina (solo región). Responsable del proyecto «8vo FESTILAMBE de Valparaíso Festival Internacional de Teatro Lambe Lambe de Chile - Convocando Humanidad» (Fondo de Artes Escénicas 2024, Festivales y Encuentros Nacionales). Comuna no indicada en la nómina (solo región). Responsable del proyecto «EL CUERPO COMO ESCENARIO DE LAS MINIATURAS» (Fondo de Artes Escénicas 2024, Residencias Internacionales). Comuna no indicada en la nómina (solo región). Responsable del proyecto «7° FESTILAMBE de Valparaíso - Festival Internacional de Teatro Lambe Lambe de Chile - Compartiendo Humanidad» (Fondo de Artes Escénicas 2023, Festivales y encuentros de trayectoria). Comuna no indicada en la nómina (solo región). 'NOSOTRXS' (títeres 2025, $23.953.984); residencia internacional 'El cuerpo como escenario de las miniaturas' (2024, $10.655.490); organiza FESTILAMBE. 'Yo soy un oso' junto a Abrapalabra (Mes del Teatro 2022). Teatro Lambe Lambe desde 2007. Correo de producción: produccion@oaniteatro.com. El sitio no nombra director/a ni integrantes actuales."
COMP-0009,Guaico Títeres,NO ENCONTRADO,NO ENCONTRADO,Compañía Guaico Títeres,valparaiso,Valparaíso,valparaiso,NO ENCONTRADO,valparaiso,NO ENCONTRADO,NO ENCONTRADO,NO ENCONTRADO,compañía de títeres,titeres,"Compañía familiar de teatro tradicional de títeres de educación intercultural mapuche, con casa taller en el cerro Playa Ancha de Valparaíso.",NO ENCONTRADO,NO ENCONTRADO,NO ENCONTRADO,NO ENCONTRADO,NO ENCONTRADO,NO ENCONTRADO,NO ENCONTRADO,NO ENCONTRADO,NO ENCONTRADO,NO ENCONTRADO,https://www.instagram.com/guaicotiteres/,https://www.facebook.com/guaico.titeres,https://www.youtube.com/user/guaicotiteres,NO ENCONTRADO,NO ENCONTRADO,NO ENCONTRADO,NO ENCONTRADO,https://guaicotiteres.com/,guaicotiteres@gmail.com,+569 9354 8413,FUE-0018 | FUE-0033,PARCIAL,2026-09-08,2026-09-08,NO ENCONTRADO,"descripcion: 'Compañía familiar de teatro tradicional de títeres de educación intercultural mapuche, con casa taller en el cerro Playa Ancha de Valparaíso.' vs 'Compañía familiar de teatro de educación intercultural, especializada en la transmisión de la cosmovisión mapuche. Obras de teatro de títeres y varieté intercultural en giras y festivales nacionales e internacionales, centros culturales, plazas, teatros, jardines, colegios y eventos particulares. Público: infantil, familiar y adultos.'","Importado de data/companies/guaico-titeres.json (score 73). Ficha en el Catálogo SNPC 2025 (p. 7). El catálogo publica los identificadores 'guaicotiteres', '@guaicotiteres', 'guaico.titeres' y 'guaicotiteres.com'; la asignación de plataforma es inferida por el formato."
COMP-0010,La Enredadera,Colectivo Escénico La Enredadera,NO ENCONTRADO,Colectivo Escénico La Enredadera,valparaiso,Valparaíso,valparaiso,NO ENCONTRADO,valparaiso,2014,NO ENCONTRADO,"Laura Corona (dirección coreográfica) | Milenka Cucurella (intérprete) | Mariela Díaz (intérprete) | Andrea Garrido (dirección e interpretación, gira Mujeres en Escena 2026) | Francisco Cooper (composición musical, colaborador en La Caracol)",compañía de danza,danza,"Colectivo escénico de danza para la primera infancia, fundado en Valparaíso en 2014, dirigido por la coreógrafa Laura Corona. Su obra «La Caracol» aborda el respeto, la diversidad y el cuidado del medio ambiente para bebés y niñas y niños desde los 6 meses.",NO ENCONTRADO,NO ENCONTRADO,NO ENCONTRADO,NO ENCONTRADO,NO ENCONTRADO,NO ENCONTRADO,FES-0011 | FES-0014,Gira regional de teatro familiar | Mujeres en Escena,FIN-0006 | FIN-0007,"Apoyo del Ministerio de las Culturas, las Artes y el Patrimonio para «La Caracol» | Programa Itinerantes Regionales, Fondo de Artes Escénicas — proyecto «Mujeres en Escena»",NO ENCONTRADO,NO ENCONTRADO,NO ENCONTRADO,NO ENCONTRADO,NO ENCONTRADO,NO ENCONTRADO,NO ENCONTRADO,NO ENCONTRADO,NO ENCONTRADO,NO ENCONTRADO,FUE-0034 | FUE-0035 | FUE-0036 | FUE-0037 | FUE-0038 | FUE-0098,PARCIAL,2026-09-08,2026-09-08,NO ENCONTRADO,NO ENCONTRADO,"Importado de data/companies/la-enredadera.json (score 75). 'Residencia Exploración del lenguaje creativo para la primera infancia. Colectivo Escénico La Enredadera' (2025, Milenka Cucurella Farías, $8.707.400)."
COMP-0011,Ludus Teatro,NO ENCONTRADO,NO ENCONTRADO,NO ENCONTRADO,concon,Concón,valparaiso,NO ENCONTRADO,valparaiso,2010,NO ENCONTRADO,NO ENCONTRADO,teatro infantil/familiar,teatro-familiar,"Compañía de teatro familiar y educativo con sede en el sector Las Pataguas, comuna de Concón, fundada en 2010 para poner el arte interpretativo al servicio del desarrollo integral de niñas, niños y jóvenes.",NO ENCONTRADO,NO ENCONTRADO,ESP-0004 | ESP-0003,Teatro Municipal Juan Bustos Ramírez | Parque Cultural de Valparaíso,quilpue,NO ENCONTRADO,FES-0011,Gira regional de teatro familiar,NO ENCONTRADO,NO ENCONTRADO,NO ENCONTRADO,NO ENCONTRADO,NO ENCONTRADO,NO ENCONTRADO,NO ENCONTRADO,NO ENCONTRADO,NO ENCONTRADO,NO ENCONTRADO,NO ENCONTRADO,NO ENCONTRADO,FUE-0039 | FUE-0040 | FUE-0041,PARCIAL,2026-09-08,2026-09-08,NO ENCONTRADO,NO ENCONTRADO,Importado de data/companies/ludus-teatro.json (score 55).
COMP-0012,"Productora ABC: Arte, Bienestar y Cultura",NO ENCONTRADO,NO ENCONTRADO,NO ENCONTRADO,quillota,Quillota,quillota,NO ENCONTRADO,valparaiso,NO ENCONTRADO,NO ENCONTRADO,Natalia Vanessa Zúñiga Ortiz (directora),teatro infantil/familiar,narracion-oral | teatro | teatro-familiar,"Productora de Quillota dirigida por Natalia Zúñiga Ortiz. Cuentacuentos, docencia, talleres de teatro y trabajo socioemocional con niñas, niños, jóvenes y personas mayores.",NO ENCONTRADO,NO ENCONTRADO,NO ENCONTRADO,NO ENCONTRADO,NO ENCONTRADO,NO ENCONTRADO,NO ENCONTRADO,NO ENCONTRADO,NO ENCONTRADO,NO ENCONTRADO,NO ENCONTRADO,NO ENCONTRADO,NO ENCONTRADO,NO ENCONTRADO,NO ENCONTRADO,NO ENCONTRADO,NO ENCONTRADO,NO ENCONTRADO,NO ENCONTRADO,NO ENCONTRADO,FUE-0042 | FUE-0043 | FUE-0080 | FUE-0081,DESCUBIERTO,2026-09-08,2026-09-08,NO ENCONTRADO,NO ENCONTRADO,Importado de data/companies/productora-abc-arte-bienestar-y-cultura.json (score 55).
COMP-0013,Centro de Investigación Teatro La Peste,NO ENCONTRADO,NO ENCONTRADO,Grupo de Teatro La Peste | Teatro La Peste,valparaiso,Valparaíso,valparaiso,NO ENCONTRADO,valparaiso,2000,Danilo Llanos,"Danilo Llanos (director, actor y dramaturgo, fundador) | Katty Sagredo (integrante del núcleo estable) | Katty López (integrante del núcleo estable) | Daniela Misle (integrante del núcleo estable)",compañía de teatro,teatro | teatro-experimental,"Compañía y centro de investigación teatral porteño, fundado alrededor del año 2000, con más de 30 estrenos y trabajo ininterrumpido en creación, gestión, formación, mediación y trabajo territorial desde Valparaíso. Dirigido por Danilo Llanos.",OBR-0017 | OBR-0035 | OBR-0132,Error | FIN; último episodio Trilogía de la Catástrofe | Feroz,ESP-0003 | ESP-0051 | ESP-0070,Parque Cultural de Valparaíso | Mikroespacio | Casa Centro de Investigación Teatro La Peste,valparaiso,NO ENCONTRADO,FES-0015 | FES-0021 | FES-0046,Encuentro de Teatro Porteño Independiente | Ciudad Teatro | Festival Síntesis Teatral,FIN-0008 | FIN-0009 | FIN-0544,Fondart (montaje surgido de taller de Juan Radrigán) | Valparaíso Creativo — plan de internacionalización del teatro regional | Plan de gestión del Centro de Investigación Teatro la Peste. 25 años de creación y gestión para las artes escénicas nacionales desde la región de Valparaíso.,https://www.instagram.com/teatrolapeste/,NO ENCONTRADO,NO ENCONTRADO,NO ENCONTRADO,NO ENCONTRADO,NO ENCONTRADO,NO ENCONTRADO,NO ENCONTRADO,NO ENCONTRADO,NO ENCONTRADO,FUE-0044 | FUE-0045 | FUE-0046 | FUE-0047 | FUE-0048 | FUE-0088 | FUE-0131 | FUE-0107 | FUE-0124 | FUE-0136 | FUE-0176 | FUE-0177 | FUE-0178,PARCIAL,2026-09-08,2026-09-08,NO ENCONTRADO,nombre: 'Centro de Investigación Teatro La Peste' vs 'Grupo de Teatro La Peste'; tipo: 'compañía de teatro' vs 'organización de artes escénicas (según nómina de fondos)',"Importado de data/companies/teatro-la-peste.json (score 80). Figura como 'Grupo de Teatro La Peste' entre los Puntos de Cultura Comunitaria validados. Responsable del proyecto «Plan de gestión del Centro de Investigación Teatro la Peste. 25 años de creación y gestión para las artes escénicas nacionales desde la región de Valparaíso.» (PAOCC — Compañías de trayectoria de artes escénicas 2024, Compañías de trayectoria). Comuna no indicada en la nómina (solo región). PAOCC Compañías de trayectoria 2024: 'Plan de gestión del Centro de Investigación Teatro la Peste. 25 años…' ($116.000.000, responsable Grupo de Teatro La Peste). 'FIN; último episodio Trilogía de la Catástrofe' (trayectoria teatro 2022, Danilo Patricio Llanos Quezada, $29.437.926). 'Feroz' (2018) repuesta en el Festival Síntesis Teatral 2019."
COMP-0014,Compañía de Marionetas The Magic Show,NO ENCONTRADO,NO ENCONTRADO,NO ENCONTRADO,los-andes,Los Andes,los-andes,NO ENCONTRADO,valparaiso,NO ENCONTRADO,NO ENCONTRADO,Hugo Hernández Urtubia (creador y director),compañía de títeres,titeres | teatro-familiar,"Compañía de títeres y marionetas de Los Andes creada por Hugo Hernández Urtubia. Espectáculos y actividades en Chile y fuera del país; marionetas musicales, marionetas gigantes, trabajo callejero y formación de niños y niñas.",OBR-0004,Varieté de Marionetas Musicales,NO ENCONTRADO,NO ENCONTRADO,NO ENCONTRADO,NO ENCONTRADO,NO ENCONTRADO,NO ENCONTRADO,NO ENCONTRADO,NO ENCONTRADO,NO ENCONTRADO,NO ENCONTRADO,NO ENCONTRADO,NO ENCONTRADO,NO ENCONTRADO,NO ENCONTRADO,NO ENCONTRADO,NO ENCONTRADO,NO ENCONTRADO,NO ENCONTRADO,FUE-0049 | FUE-0050 | FUE-0051 | FUE-0057 | FUE-0078 | FUE-0079,VERIFICADO,2026-09-08,2026-09-08,NO ENCONTRADO,NO ENCONTRADO,Importado de data/companies/the-magic-show.json (score 75).
COMP-0015,Títeres Humedal Río Maipo,NO ENCONTRADO,NO ENCONTRADO,NO ENCONTRADO,santo-domingo,Santo Domingo,san-antonio,NO ENCONTRADO,valparaiso,NO ENCONTRADO,Eduardo Romero,Eduardo Romero (director ejecutivo),compañía de títeres,titeres,"Compañía de teatro de títeres de material reciclado dedicada a la educación ambiental, ligada al Humedal Río Maipo, en el límite entre las comunas de San Antonio y Santo Domingo. Dirigida por Eduardo Romero.",NO ENCONTRADO,NO ENCONTRADO,NO ENCONTRADO,NO ENCONTRADO,san-antonio,NO ENCONTRADO,NO ENCONTRADO,NO ENCONTRADO,NO ENCONTRADO,NO ENCONTRADO,NO ENCONTRADO,NO ENCONTRADO,NO ENCONTRADO,NO ENCONTRADO,NO ENCONTRADO,NO ENCONTRADO,NO ENCONTRADO,NO ENCONTRADO,NO ENCONTRADO,NO ENCONTRADO,FUE-0052 | FUE-0053,PARCIAL,2026-09-08,2026-09-08,NO ENCONTRADO,NO ENCONTRADO,Importado de data/companies/titeres-humedal-rio-maipo.json (score 50).
COMP-0016,Titiricaos,NO ENCONTRADO,NO ENCONTRADO,Compañía Titiricaos,valparaiso,Valparaíso,valparaiso,NO ENCONTRADO,valparaiso,NO ENCONTRADO,Paola Escudero Navia,Paola Escudero Navia (dirección),compañía de títeres,titeres,"Compañía de teatro tradicional de títeres de Valparaíso, dirigida por Paola Escudero Navia, activa desde el año 2000, que usa el títere como herramienta de mediación social, memoria histórica y terapia.",OBR-0056,A la Memoria de Carla Korman,NO ENCONTRADO,NO ENCONTRADO,NO ENCONTRADO,Región Metropolitana,FES-0007,Festival Ventolera,NO ENCONTRADO,NO ENCONTRADO,https://www.instagram.com/_titiricaos_/,NO ENCONTRADO,NO ENCONTRADO,NO ENCONTRADO,NO ENCONTRADO,NO ENCONTRADO,NO ENCONTRADO,NO ENCONTRADO,historiapalu@gmail.com,+569 7924 8566,FUE-0018 | FUE-0015 | FUE-0117 | FUE-0069,PARCIAL,2026-09-08,2026-09-08,NO ENCONTRADO,"descripcion: 'Compañía de teatro tradicional de títeres de Valparaíso, dirigida por Paola Escudero Navia, activa desde el año 2000, que usa el títere como herramienta de mediación social, memoria histórica y terapia.' vs 'Su directora, Paola Escudero Navia, comenzó en el año 2000 a explorar el arte de los títeres. Gestora en educación social, participa en el colectivo internacional 'Titeroterapia sin Fronteras'. Funciones y talleres en Santiago y la Región de Valparaíso; talleres de títeres, montajes con infancias y adultez, terapia con mujeres y grupos que han vivido violencias. Integra la Asamblea Titiritera ATTICH Quinta Región. Todo público.'",Importado de data/companies/titiricaos.json (score 72). Ficha en el Catálogo SNPC 2025 (p. 8). Identificador de red publicado: '_titiricaos_' (plataforma no indicada). Ubicada en Valparaíso por la nota del IV Festival Ventolera (2024).
COMP-0017,Hypókritas,NO ENCONTRADO,NO ENCONTRADO,NO ENCONTRADO,NO ENCONTRADO,NO ENCONTRADO,NO ENCONTRADO,NO ENCONTRADO,valparaiso,NO ENCONTRADO,NO ENCONTRADO,NO ENCONTRADO,NO ENCONTRADO,NO ENCONTRADO,NO ENCONTRADO,NO ENCONTRADO,NO ENCONTRADO,NO ENCONTRADO,NO ENCONTRADO,NO ENCONTRADO,NO ENCONTRADO,NO ENCONTRADO,NO ENCONTRADO,NO ENCONTRADO,NO ENCONTRADO,NO ENCONTRADO,NO ENCONTRADO,NO ENCONTRADO,NO ENCONTRADO,NO ENCONTRADO,NO ENCONTRADO,NO ENCONTRADO,NO ENCONTRADO,NO ENCONTRADO,NO ENCONTRADO,FUE-0076 | FUE-0077,DESCUBIERTO,2026-09-08,2026-09-08,NO ENCONTRADO,NO ENCONTRADO,Creado por referencia desde PER-0009.
COMP-0018,Teatro Ánima,NO ENCONTRADO,NO ENCONTRADO,NO ENCONTRADO,quillota,Quillota,quillota,NO ENCONTRADO,valparaiso,NO ENCONTRADO,NO ENCONTRADO,Natalia Zúñiga | Freddy Van Dort | Ludo Torres,NO ENCONTRADO,NO ENCONTRADO,NO ENCONTRADO,OBR-0093,El Viaje de los Caracoles,ESP-0016,Centro Cultural Leopoldo Silva Reynoard,quillota,NO ENCONTRADO,FES-0041,Ciclo de Teatro Familiar de Quillota,NO ENCONTRADO,NO ENCONTRADO,NO ENCONTRADO,NO ENCONTRADO,NO ENCONTRADO,NO ENCONTRADO,NO ENCONTRADO,NO ENCONTRADO,NO ENCONTRADO,NO ENCONTRADO,NO ENCONTRADO,NO ENCONTRADO,FUE-0080 | FUE-0081 | FUE-0156 | FUE-0174,PARCIAL,2026-09-08,2026-09-08,NO ENCONTRADO,NO ENCONTRADO,"Creado por referencia desde PER-0011. Participó en el Ciclo de Teatro Familiar de Quillota (julio de 2019). Comuna de sede no indicada. Compañía quillotana según Ivo Herrera (2019), integrada por Natalia Zúñiga, Freddy Van Dort y Ludo Torres."
COMP-0019,Compañía de Teatro Espontáneo de Quillota,NO ENCONTRADO,NO ENCONTRADO,NO ENCONTRADO,NO ENCONTRADO,NO ENCONTRADO,NO ENCONTRADO,NO ENCONTRADO,valparaiso,NO ENCONTRADO,NO ENCONTRADO,NO ENCONTRADO,NO ENCONTRADO,NO ENCONTRADO,NO ENCONTRADO,NO ENCONTRADO,NO ENCONTRADO,NO ENCONTRADO,NO ENCONTRADO,NO ENCONTRADO,NO ENCONTRADO,NO ENCONTRADO,NO ENCONTRADO,NO ENCONTRADO,NO ENCONTRADO,NO ENCONTRADO,NO ENCONTRADO,NO ENCONTRADO,NO ENCONTRADO,NO ENCONTRADO,NO ENCONTRADO,NO ENCONTRADO,NO ENCONTRADO,NO ENCONTRADO,NO ENCONTRADO,FUE-0080 | FUE-0081,DESCUBIERTO,2026-09-08,2026-09-08,NO ENCONTRADO,NO ENCONTRADO,Creado por referencia desde PER-0011.
COMP-0020,Teatro del Silencio,NO ENCONTRADO,NO ENCONTRADO,NO ENCONTRADO,NO ENCONTRADO,NO ENCONTRADO,NO ENCONTRADO,NO ENCONTRADO,valparaiso,NO ENCONTRADO,NO ENCONTRADO,NO ENCONTRADO,NO ENCONTRADO,NO ENCONTRADO,NO ENCONTRADO,NO ENCONTRADO,NO ENCONTRADO,NO ENCONTRADO,NO ENCONTRADO,NO ENCONTRADO,NO ENCONTRADO,NO ENCONTRADO,NO ENCONTRADO,NO ENCONTRADO,NO ENCONTRADO,NO ENCONTRADO,NO ENCONTRADO,NO ENCONTRADO,NO ENCONTRADO,NO ENCONTRADO,NO ENCONTRADO,NO ENCONTRADO,NO ENCONTRADO,NO ENCONTRADO,NO ENCONTRADO,FUE-0082 | FUE-0083 | FUE-0084,DESCUBIERTO,2026-09-08,2026-09-08,NO ENCONTRADO,NO ENCONTRADO,Creado por referencia desde PER-0012.
COMP-0021,Siento Teatro,NO ENCONTRADO,NO ENCONTRADO,NO ENCONTRADO,vina-del-mar,Viña del Mar,valparaiso,NO ENCONTRADO,valparaiso,NO ENCONTRADO,NO ENCONTRADO,NO ENCONTRADO,compañía de teatro,teatro,NO ENCONTRADO,NO ENCONTRADO,NO ENCONTRADO,NO ENCONTRADO,NO ENCONTRADO,NO ENCONTRADO,NO ENCONTRADO,FES-0019,"Festival de Artes Escénicas, Autocuidado y Salud Mental (Siento Teatro)",FIN-0013,"Siento Teatro: Primer Festival de Artes Escénicas, Autocuidado y Salud Mental",NO ENCONTRADO,NO ENCONTRADO,NO ENCONTRADO,NO ENCONTRADO,NO ENCONTRADO,NO ENCONTRADO,NO ENCONTRADO,NO ENCONTRADO,NO ENCONTRADO,NO ENCONTRADO,FUE-0091 | FUE-0088 | FUE-0099 | FUE-0095,DESCUBIERTO,2026-09-08,2026-09-08,NO ENCONTRADO,NO ENCONTRADO,"Creado por referencia desde FES-0019. Punto de Cultura Comunitaria validado. Responsable del proyecto 'Siento Teatro: Primer Festival de Artes Escénicas, Autocuidado y Salud Mental' (Fondo de Artes Escénicas 2025)."
COMP-0022,Compañía La Barconeta,NO ENCONTRADO,NO ENCONTRADO,La Barconeta | Marionetas La Barconeta,NO ENCONTRADO,NO ENCONTRADO,NO ENCONTRADO,NO ENCONTRADO,valparaiso,2016,NO ENCONTRADO,NO ENCONTRADO,compañía de títeres,titeres,"Fundada en 2016, compañía itinerante dedicada a la fabricación y muestra de espectáculos de marionetas de hilos. Ha recorrido gran parte de Sudamérica con 'Pirateando títeres'; 'Piratas del Barrio' es una función a bordo de una lancha en Valparaíso; 'El Despertar de los Antiguos' se basa en relatos de terror. Integra la Asamblea Titiritera ATTICH Quinta Región. Público: infantil, familiar, adulto.",OBR-0010 | OBR-0011 | OBR-0012,Pirateando títeres | Piratas del Barrio | El Despertar de los Antiguos,NO ENCONTRADO,NO ENCONTRADO,valparaiso,Sudamérica (giras),NO ENCONTRADO,NO ENCONTRADO,NO ENCONTRADO,NO ENCONTRADO,NO ENCONTRADO,NO ENCONTRADO,NO ENCONTRADO,NO ENCONTRADO,NO ENCONTRADO,NO ENCONTRADO,NO ENCONTRADO,NO ENCONTRADO,namunkurra2629@gmail.com,+569 3736 3320,FUE-0018,DESCUBIERTO,2026-09-08,2026-09-08,NO ENCONTRADO,NO ENCONTRADO,Ficha en el Catálogo SNPC 2025 (p. 9). Comuna de sede no indicada (compañía itinerante). Identificador de red publicado: 'marionetaslabarconeta'.
COMP-0023,Colectiva Artístico Medio Ambiental La Capuchina,NO ENCONTRADO,NO ENCONTRADO,Compañía La Capuchina | La Capuchina | Colectiva La Capuchina,valparaiso,Valparaíso,valparaiso,NO ENCONTRADO,valparaiso,2018,NO ENCONTRADO,NO ENCONTRADO,compañía de títeres,titeres | teatro-comunitario,"Nace en 2018 en Valparaíso; artes escénicas, teatro, títeres, música, trabajo comunitario y medio ambiente, con un proyecto educativo centrado en protección y cuidado de entornos naturales. Obras originales con música de autoría; investigación en manipulación de títeres para formatos audiovisuales. Trabaja en jardines infantiles, escuelas y espacios no convencionales. Integra la Asamblea Titiritera ATTICH Quinta Región.",NO ENCONTRADO,NO ENCONTRADO,NO ENCONTRADO,NO ENCONTRADO,NO ENCONTRADO,NO ENCONTRADO,NO ENCONTRADO,NO ENCONTRADO,NO ENCONTRADO,NO ENCONTRADO,NO ENCONTRADO,NO ENCONTRADO,NO ENCONTRADO,NO ENCONTRADO,NO ENCONTRADO,NO ENCONTRADO,NO ENCONTRADO,NO ENCONTRADO,colectivalacapuchina@gmail.com,+569 4353 3803,FUE-0018,DUPLICADO,2026-09-08,2026-09-08,COMP-0003,NO ENCONTRADO,Ficha en el Catálogo SNPC 2025 (p. 10). Identificadores de red publicados: 'la_capuchina' y '@lacapuchina9537'; segundo teléfono +569 6469 5363.
COMP-0024,Compañía Vaccaro Puppets,NO ENCONTRADO,NO ENCONTRADO,Vaccaro Puppets,NO ENCONTRADO,NO ENCONTRADO,NO ENCONTRADO,NO ENCONTRADO,valparaiso,NO ENCONTRADO,NO ENCONTRADO,"Giovanni Vaccaro (fundador, actor, titiritero, pedagogo teatral y cuentacuentos)",compañía de títeres,titeres | narracion-oral,"Fundada por Giovanni Vaccaro, actor profesional, titiritero, pedagogo teatral y cuentacuentos; primer lugar en el Festival de Teatro Juan Edmundo González en 2003 y 2005. Combina educación y entretenimiento en talleres y espectáculos; ha colaborado con La Patogallina, Sobrevento, Tespis, Círculo Teatro Museo Marítimo Nacional, Colectivo La Caja, Guaico Títeres, Teatro Urbano y Artefacto. Integra la Asamblea Titiritera ATTICH Quinta Región.",NO ENCONTRADO,NO ENCONTRADO,NO ENCONTRADO,NO ENCONTRADO,NO ENCONTRADO,NO ENCONTRADO,FES-0020,Festival de Teatro Juan Edmundo González,NO ENCONTRADO,NO ENCONTRADO,NO ENCONTRADO,NO ENCONTRADO,NO ENCONTRADO,NO ENCONTRADO,NO ENCONTRADO,NO ENCONTRADO,NO ENCONTRADO,NO ENCONTRADO,giovanni.vaccaro@gmail.com,+569 6178 4355,FUE-0018,DESCUBIERTO,2026-09-08,2026-09-08,NO ENCONTRADO,NO ENCONTRADO,Ficha en el Catálogo SNPC 2025 (p. 11). Comuna de sede no indicada. Identificador de red publicado: 'vaccaropuppets'.
COMP-0025,Colombina Teatro,NO ENCONTRADO,NO ENCONTRADO,NO ENCONTRADO,el-tabo,El Tabo,san-antonio,NO ENCONTRADO,valparaiso,NO ENCONTRADO,NO ENCONTRADO,NO ENCONTRADO,compañía de teatro,teatro,NO ENCONTRADO,NO ENCONTRADO,NO ENCONTRADO,NO ENCONTRADO,NO ENCONTRADO,NO ENCONTRADO,NO ENCONTRADO,NO ENCONTRADO,NO ENCONTRADO,NO ENCONTRADO,NO ENCONTRADO,NO ENCONTRADO,NO ENCONTRADO,NO ENCONTRADO,NO ENCONTRADO,NO ENCONTRADO,NO ENCONTRADO,NO ENCONTRADO,NO ENCONTRADO,NO ENCONTRADO,NO ENCONTRADO,FUE-0088,DESCUBIERTO,2026-09-08,2026-09-08,NO ENCONTRADO,NO ENCONTRADO,Punto de Cultura Comunitaria validado (Región de Valparaíso). Sin más datos en la fuente.
COMP-0026,Compañía de Marionetas Gigantes Gigantes sin Fronteras,NO ENCONTRADO,NO ENCONTRADO,Gigantes sin Fronteras,valparaiso,Valparaíso,valparaiso,NO ENCONTRADO,valparaiso,NO ENCONTRADO,NO ENCONTRADO,NO ENCONTRADO,compañía de títeres,titeres,NO ENCONTRADO,NO ENCONTRADO,NO ENCONTRADO,NO ENCONTRADO,NO ENCONTRADO,NO ENCONTRADO,NO ENCONTRADO,NO ENCONTRADO,NO ENCONTRADO,NO ENCONTRADO,NO ENCONTRADO,NO ENCONTRADO,NO ENCONTRADO,NO ENCONTRADO,NO ENCONTRADO,NO ENCONTRADO,NO ENCONTRADO,NO ENCONTRADO,NO ENCONTRADO,NO ENCONTRADO,NO ENCONTRADO,FUE-0088,DESCUBIERTO,2026-09-08,2026-09-08,NO ENCONTRADO,NO ENCONTRADO,"Punto de Cultura Comunitaria validado; listado como 'Compañía de Marionetas Gigantes ""Gigantes sin Fronteras""'."
COMP-0027,Centro Cultural y Colectivo Teatral La Mandrágora,NO ENCONTRADO,NO ENCONTRADO,Colectivo Teatral La Mandrágora | La Mandrágora,vina-del-mar,Viña del Mar,valparaiso,NO ENCONTRADO,valparaiso,NO ENCONTRADO,NO ENCONTRADO,NO ENCONTRADO,colectivo de artes escénicas,teatro,NO ENCONTRADO,NO ENCONTRADO,NO ENCONTRADO,NO ENCONTRADO,NO ENCONTRADO,NO ENCONTRADO,NO ENCONTRADO,NO ENCONTRADO,NO ENCONTRADO,NO ENCONTRADO,NO ENCONTRADO,NO ENCONTRADO,NO ENCONTRADO,NO ENCONTRADO,NO ENCONTRADO,NO ENCONTRADO,NO ENCONTRADO,NO ENCONTRADO,NO ENCONTRADO,NO ENCONTRADO,NO ENCONTRADO,FUE-0088,DESCUBIERTO,2026-09-08,2026-09-08,NO ENCONTRADO,NO ENCONTRADO,Punto de Cultura Comunitaria validado. Sin más datos en la fuente.
COMP-0028,Malabicirco,Centro Cultural Malabicirco,NO ENCONTRADO,Centro Cultural Malabicirco,valparaiso,Valparaíso,valparaiso,NO ENCONTRADO,valparaiso,NO ENCONTRADO,NO ENCONTRADO,NO ENCONTRADO,compañía de circo,circo,NO ENCONTRADO,NO ENCONTRADO,NO ENCONTRADO,NO ENCONTRADO,NO ENCONTRADO,NO ENCONTRADO,NO ENCONTRADO,FES-0033,CIMAC — Congreso Internacional de Malabarismo y Artes Circenses,FIN-0545 | FIN-0828,Financiamient o Plan de Gestión con énfasis en la creación Compañía Malabicirco | Congreso Internacional de Malabarismo y Artes Circenses (CIMAC) Valparaíso 2023- 2024,NO ENCONTRADO,NO ENCONTRADO,NO ENCONTRADO,NO ENCONTRADO,NO ENCONTRADO,NO ENCONTRADO,NO ENCONTRADO,NO ENCONTRADO,NO ENCONTRADO,NO ENCONTRADO,FUE-0088 | FUE-0118 | FUE-0107,DESCUBIERTO,2026-09-08,2026-09-08,NO ENCONTRADO,tipo: 'compañía de circo' vs 'organización de artes escénicas (según nómina de fondos)',"Punto de Cultura Comunitaria validado. Sin más datos en la fuente. PAOCC Compañías de trayectoria 2024 ('Plan de Gestión con énfasis en la creación Compañía Malabicirco', $116.000.000); organiza CIMAC. Responsable del proyecto «Financiamient o Plan de Gestión con énfasis en la creación Compañía Malabicirco» (PAOCC — Compañías de trayectoria de artes escénicas 2024, Compañías de trayectoria). Comuna no indicada en la nómina (solo región). Responsable del proyecto «Congreso Internacional de Malabarismo y Artes Circenses (CIMAC) Valparaíso 2023- 2024» (Fondo de Artes Escénicas 2023, Festivales y encuentros de trayectoria). Comuna no indicada en la nómina (solo región)."
COMP-0029,ONG Ludicirco,NO ENCONTRADO,NO ENCONTRADO,Ludicirco,valparaiso,Valparaíso,valparaiso,NO ENCONTRADO,valparaiso,NO ENCONTRADO,NO ENCONTRADO,NO ENCONTRADO,compañía de circo,circo,NO ENCONTRADO,NO ENCONTRADO,NO ENCONTRADO,NO ENCONTRADO,NO ENCONTRADO,NO ENCONTRADO,NO ENCONTRADO,NO ENCONTRADO,NO ENCONTRADO,NO ENCONTRADO,NO ENCONTRADO,NO ENCONTRADO,NO ENCONTRADO,NO ENCONTRADO,NO ENCONTRADO,NO ENCONTRADO,NO ENCONTRADO,NO ENCONTRADO,NO ENCONTRADO,NO ENCONTRADO,NO ENCONTRADO,FUE-0088,DESCUBIERTO,2026-09-08,2026-09-08,NO ENCONTRADO,NO ENCONTRADO,Punto de Cultura Comunitaria validado. Sin más datos en la fuente.
COMP-0030,Club Deportivo y Cultural Colectivo Aéreos 7 Colores,NO ENCONTRADO,NO ENCONTRADO,Aéreos 7 Colores,concon,Concón,valparaiso,NO ENCONTRADO,valparaiso,NO ENCONTRADO,NO ENCONTRADO,NO ENCONTRADO,compañía de circo,circo,NO ENCONTRADO,NO ENCONTRADO,NO ENCONTRADO,NO ENCONTRADO,NO ENCONTRADO,NO ENCONTRADO,NO ENCONTRADO,NO ENCONTRADO,NO ENCONTRADO,NO ENCONTRADO,NO ENCONTRADO,NO ENCONTRADO,NO ENCONTRADO,NO ENCONTRADO,NO ENCONTRADO,NO ENCONTRADO,NO ENCONTRADO,NO ENCONTRADO,NO ENCONTRADO,NO ENCONTRADO,NO ENCONTRADO,FUE-0088,DESCUBIERTO,2026-09-08,2026-09-08,NO ENCONTRADO,NO ENCONTRADO,Punto de Cultura Comunitaria validado (acrobacia aérea). Actividad escénica por confirmar.
COMP-0031,Aéreos Viña,NO ENCONTRADO,NO ENCONTRADO,NO ENCONTRADO,vina-del-mar,Viña del Mar,valparaiso,NO ENCONTRADO,valparaiso,NO ENCONTRADO,NO ENCONTRADO,NO ENCONTRADO,compañía de circo,circo,NO ENCONTRADO,NO ENCONTRADO,NO ENCONTRADO,NO ENCONTRADO,NO ENCONTRADO,NO ENCONTRADO,NO ENCONTRADO,NO ENCONTRADO,NO ENCONTRADO,NO ENCONTRADO,NO ENCONTRADO,NO ENCONTRADO,NO ENCONTRADO,NO ENCONTRADO,NO ENCONTRADO,NO ENCONTRADO,NO ENCONTRADO,NO ENCONTRADO,NO ENCONTRADO,NO ENCONTRADO,NO ENCONTRADO,FUE-0088,DESCUBIERTO,2026-09-08,2026-09-08,NO ENCONTRADO,NO ENCONTRADO,Punto de Cultura Comunitaria validado (acrobacia aérea). Actividad escénica por confirmar.
COMP-0032,Centro Cultural Deportivo y Social Enaires,NO ENCONTRADO,NO ENCONTRADO,Enaires,valparaiso,Valparaíso,valparaiso,NO ENCONTRADO,valparaiso,NO ENCONTRADO,NO ENCONTRADO,NO ENCONTRADO,compañía de circo,circo,NO ENCONTRADO,NO ENCONTRADO,NO ENCONTRADO,NO ENCONTRADO,NO ENCONTRADO,NO ENCONTRADO,NO ENCONTRADO,NO ENCONTRADO,NO ENCONTRADO,NO ENCONTRADO,NO ENCONTRADO,NO ENCONTRADO,NO ENCONTRADO,NO ENCONTRADO,NO ENCONTRADO,NO ENCONTRADO,NO ENCONTRADO,NO ENCONTRADO,NO ENCONTRADO,NO ENCONTRADO,NO ENCONTRADO,FUE-0088,DESCUBIERTO,2026-09-08,2026-09-08,NO ENCONTRADO,NO ENCONTRADO,Punto de Cultura Comunitaria validado (acrobacia aérea). Actividad escénica por confirmar.
COMP-0033,Fundación Escenas en Contextos,NO ENCONTRADO,NO ENCONTRADO,NO ENCONTRADO,valparaiso,Valparaíso,valparaiso,NO ENCONTRADO,valparaiso,NO ENCONTRADO,NO ENCONTRADO,NO ENCONTRADO,organización cultural,NO ENCONTRADO,NO ENCONTRADO,NO ENCONTRADO,NO ENCONTRADO,NO ENCONTRADO,NO ENCONTRADO,NO ENCONTRADO,NO ENCONTRADO,NO ENCONTRADO,NO ENCONTRADO,NO ENCONTRADO,NO ENCONTRADO,NO ENCONTRADO,NO ENCONTRADO,NO ENCONTRADO,NO ENCONTRADO,NO ENCONTRADO,NO ENCONTRADO,NO ENCONTRADO,NO ENCONTRADO,NO ENCONTRADO,NO ENCONTRADO,FUE-0088,DESCUBIERTO,2026-09-08,2026-09-08,NO ENCONTRADO,NO ENCONTRADO,Punto de Cultura Comunitaria validado; ámbito no especificado en la fuente (el nombre sugiere artes escénicas). Por confirmar.
COMP-0034,"Centro Cultural, Deportivo, Social y Educacional CIA. La Fabrica",NO ENCONTRADO,NO ENCONTRADO,CIA. La Fabrica | Compañía La Fábrica,villa-alemana,Villa Alemana,marga-marga,NO ENCONTRADO,valparaiso,NO ENCONTRADO,NO ENCONTRADO,NO ENCONTRADO,organización cultural,NO ENCONTRADO,NO ENCONTRADO,NO ENCONTRADO,NO ENCONTRADO,NO ENCONTRADO,NO ENCONTRADO,NO ENCONTRADO,NO ENCONTRADO,NO ENCONTRADO,NO ENCONTRADO,NO ENCONTRADO,NO ENCONTRADO,NO ENCONTRADO,NO ENCONTRADO,NO ENCONTRADO,NO ENCONTRADO,NO ENCONTRADO,NO ENCONTRADO,NO ENCONTRADO,NO ENCONTRADO,NO ENCONTRADO,NO ENCONTRADO,FUE-0088,DESCUBIERTO,2026-09-08,2026-09-08,NO ENCONTRADO,NO ENCONTRADO,Punto de Cultura Comunitaria validado; ámbito no especificado en la fuente. Por confirmar si es compañía escénica.
COMP-0035,Agrupación Cultural de Santo Domingo,NO ENCONTRADO,NO ENCONTRADO,NO ENCONTRADO,santo-domingo,Santo Domingo,san-antonio,NO ENCONTRADO,valparaiso,NO ENCONTRADO,NO ENCONTRADO,NO ENCONTRADO,organización cultural,NO ENCONTRADO,NO ENCONTRADO,NO ENCONTRADO,NO ENCONTRADO,NO ENCONTRADO,NO ENCONTRADO,NO ENCONTRADO,NO ENCONTRADO,NO ENCONTRADO,NO ENCONTRADO,FIN-0022,PAOCC 2020 — Agrupación Cultural de Santo Domingo,NO ENCONTRADO,NO ENCONTRADO,NO ENCONTRADO,NO ENCONTRADO,NO ENCONTRADO,NO ENCONTRADO,NO ENCONTRADO,NO ENCONTRADO,NO ENCONTRADO,NO ENCONTRADO,FUE-0089 | FUE-0090,DESCUBIERTO,2026-09-08,2026-09-08,NO ENCONTRADO,NO ENCONTRADO,Integra la Red de Espacios Culturales (2020); beneficiaria PAOCC 2020 ($17.930.765). Programación teatral no confirmada.
COMP-0036,Fundación Cultural Lumbre,NO ENCONTRADO,NO ENCONTRADO,NO ENCONTRADO,limache,Limache,marga-marga,NO ENCONTRADO,valparaiso,NO ENCONTRADO,NO ENCONTRADO,NO ENCONTRADO,organización cultural,NO ENCONTRADO,NO ENCONTRADO,NO ENCONTRADO,NO ENCONTRADO,NO ENCONTRADO,NO ENCONTRADO,NO ENCONTRADO,NO ENCONTRADO,NO ENCONTRADO,NO ENCONTRADO,FIN-0023,PAOCC 2020 — Fundación Cultural Lumbre,NO ENCONTRADO,NO ENCONTRADO,NO ENCONTRADO,NO ENCONTRADO,NO ENCONTRADO,NO ENCONTRADO,NO ENCONTRADO,NO ENCONTRADO,NO ENCONTRADO,NO ENCONTRADO,FUE-0090,DESCUBIERTO,2026-09-08,2026-09-08,NO ENCONTRADO,NO ENCONTRADO,Beneficiaria PAOCC 2020 ($17.977.858) como espacio cultural. Programación teatral no confirmada.
COMP-0037,ONG Corporación Cultural Desarrollo Crearte,NO ENCONTRADO,NO ENCONTRADO,Crearte,NO ENCONTRADO,NO ENCONTRADO,NO ENCONTRADO,NO ENCONTRADO,valparaiso,NO ENCONTRADO,NO ENCONTRADO,NO ENCONTRADO,organización cultural,NO ENCONTRADO,NO ENCONTRADO,NO ENCONTRADO,NO ENCONTRADO,NO ENCONTRADO,NO ENCONTRADO,NO ENCONTRADO,NO ENCONTRADO,NO ENCONTRADO,NO ENCONTRADO,NO ENCONTRADO,NO ENCONTRADO,NO ENCONTRADO,NO ENCONTRADO,NO ENCONTRADO,NO ENCONTRADO,NO ENCONTRADO,NO ENCONTRADO,NO ENCONTRADO,NO ENCONTRADO,NO ENCONTRADO,NO ENCONTRADO,FUE-0089,DESCUBIERTO,2026-09-08,2026-09-08,NO ENCONTRADO,NO ENCONTRADO,Integra la Red de Espacios Culturales de la Región de Valparaíso (2020). Comuna no indicada.
COMP-0038,Compañía El Baúl,NO ENCONTRADO,NO ENCONTRADO,El Baúl,NO ENCONTRADO,NO ENCONTRADO,NO ENCONTRADO,NO ENCONTRADO,valparaiso,NO ENCONTRADO,NO ENCONTRADO,NO ENCONTRADO,organización de artes escénicas (según nómina de fondos),teatro,NO ENCONTRADO,NO ENCONTRADO,NO ENCONTRADO,NO ENCONTRADO,NO ENCONTRADO,NO ENCONTRADO,NO ENCONTRADO,NO ENCONTRADO,NO ENCONTRADO,FIN-0086,Equipar la Memoria Viva: 32 Años del Baúl y su Proyección Técnica para el Teatro del Mañana,NO ENCONTRADO,NO ENCONTRADO,NO ENCONTRADO,NO ENCONTRADO,NO ENCONTRADO,NO ENCONTRADO,NO ENCONTRADO,NO ENCONTRADO,NO ENCONTRADO,NO ENCONTRADO,FUE-0092 | FUE-0094,DESCUBIERTO,2026-09-08,2026-09-08,NO ENCONTRADO,tipo: 'organización de artes escénicas (según nómina de fondos)' vs 'compañía de teatro',"Mencionada entre los seleccionados de la Región de Valparaíso en la nota ministerial de Fondos Cultura 2026; proyecto, línea y comuna por confirmar en la nómina oficial. Responsable del proyecto «Equipar la Memoria Viva: 32 Años del Baúl y su Proyección Técnica para el Teatro del Mañana» (Fondo de Artes Escénicas 2026, Compañías de las Artes Escénicas). Comuna no indicada en la nómina (solo región). 'Equipar la Memoria Viva: 32 Años del Baúl y su Proyección Técnica para el Teatro del Mañana' (Fondo de Artes Escénicas 2026, línea Compañías, $12.258.990): 32 años de trayectoria hacia 2025-2026 (fundación aproximada 1993-1994, por confirmar). Comuna no indicada."
COMP-0039,Cooperativa de Artes Escénicas de Valparaíso,NO ENCONTRADO,NO ENCONTRADO,Cooperativa Teatral | Cooperativa Teatral de Valparaíso | Cooperativa Teatral Valparaíso,valparaiso,Valparaíso,valparaiso,NO ENCONTRADO,valparaiso,NO ENCONTRADO,NO ENCONTRADO,NO ENCONTRADO,compañía de teatro,teatro,NO ENCONTRADO,OBR-0018 | OBR-0113 | OBR-0123,Repertorio para habitar la soledad | La Tendalá | En la puerta del horno se quema el pan,ESP-0052 | ESP-0002 | ESP-0087,Espacio Catarsis | Centro Cultural San Antonio | Cancha Quebrada Márquez,valparaiso | san-antonio,NO ENCONTRADO,FES-0021 | FES-0002 | FES-0047,Ciudad Teatro | Festival Litoral Teatral | Mes del Teatro en la Región de Valparaíso 2022,FIN-0116,"Gira Internacional ""Repertorio para Habitar la Soledad"" de Cooperativa Teatral Valparaíso.",NO ENCONTRADO,NO ENCONTRADO,NO ENCONTRADO,NO ENCONTRADO,NO ENCONTRADO,NO ENCONTRADO,NO ENCONTRADO,NO ENCONTRADO,NO ENCONTRADO,NO ENCONTRADO,FUE-0131 | FUE-0096 | FUE-0167 | FUE-0063 | FUE-0175,PARCIAL,2026-09-08,2026-09-08,NO ENCONTRADO,tipo: 'compañía de teatro' vs 'organización de artes escénicas (según nómina de fondos)',"Nombrada 'Cooperativa Teatral' en Ciudad Teatro 2025; la nómina de Circulación Internacional 2026 registra a 'Cooperativa de Artes Escénicas de Valparaíso' como responsable de la gira de 'Repertorio para Habitar la Soledad'. Responsable del proyecto «Gira Internacional ""Repertorio para Habitar la Soledad"" de Cooperativa Teatral Valparaíso.» (Fondo de Artes Escénicas 2026, Circulación Internacional). Comuna no indicada en la nómina (solo región). Gira internacional de 'Repertorio para Habitar la Soledad' (Circulación Internacional 2026, $17.773.647). 'La Tendalá' en el Festival Litoral Teatral 2026 (19 de abril, 18:00), como Cooperativa Teatral de Valparaíso. Como 'Cooperativa Teatral Valparaíso' en el Mes del Teatro 2022 (Cancha Quebrada Márquez, 19 de mayo)."
COMP-0040,Astillero Teatro,NO ENCONTRADO,NO ENCONTRADO,NO ENCONTRADO,valparaiso,Valparaíso,valparaiso,NO ENCONTRADO,valparaiso,NO ENCONTRADO,NO ENCONTRADO,NO ENCONTRADO,compañía de teatro,teatro,NO ENCONTRADO,OBR-0019 | OBR-0037,Hipodérmica | La memoria de los sésiles,ESP-0053,Centro Cultural IPA,valparaiso,circulación internacional 2024,FES-0021,Ciudad Teatro,NO ENCONTRADO,NO ENCONTRADO,NO ENCONTRADO,NO ENCONTRADO,NO ENCONTRADO,NO ENCONTRADO,NO ENCONTRADO,NO ENCONTRADO,NO ENCONTRADO,NO ENCONTRADO,NO ENCONTRADO,NO ENCONTRADO,FUE-0131 | FUE-0117 | FUE-0109,PARCIAL,2026-09-08,2026-09-08,NO ENCONTRADO,NO ENCONTRADO,"Comuna inferida de su participación en Ciudad Teatro (ciclo de compañías porteñas); sede por confirmar. 'La memoria de los sésiles' (creación teatro 2023, $27.629.944) y 'Circulación Internacional La memoria de los sésiles, Astillero Teatro 2024' ($14.709.411), responsable Gabriel Nicolás Contreras Hernández."
COMP-0041,Teatro ILUcIÓN,Círculo Teatral Independiente CTI,NO ENCONTRADO,Teatro IluCión | Compañía de Teatro Escuela IluCión | Teatro Escuela IluCión | CTI,valparaiso,Valparaíso,valparaiso,NO ENCONTRADO,valparaiso,NO ENCONTRADO,NO ENCONTRADO,NO ENCONTRADO,compañía de teatro,teatro,NO ENCONTRADO,OBR-0020 | OBR-0021 | OBR-0083,Anku | Cuestión de Ubicación | Caleu,ESP-0054 | ESP-0053 | ESP-0067,Centex — Centro de Extensión del Ministerio de las Culturas | Centro Cultural IPA | Espacio Comunitario Santa Ana,valparaiso,NO ENCONTRADO,FES-0021,Ciudad Teatro,NO ENCONTRADO,NO ENCONTRADO,NO ENCONTRADO,NO ENCONTRADO,NO ENCONTRADO,NO ENCONTRADO,NO ENCONTRADO,NO ENCONTRADO,NO ENCONTRADO,NO ENCONTRADO,NO ENCONTRADO,NO ENCONTRADO,FUE-0131 | FUE-0133 | FUE-0107 | FUE-0136,PARCIAL,2026-09-08,2026-09-08,NO ENCONTRADO,NO ENCONTRADO,"Comuna inferida de su participación en Ciudad Teatro; sede por confirmar. PAOCC Compañías de trayectoria 2024: '31 Años de Resistencia y Creación Teatral: Plan de Gestión de la Compañía de Teatro Escuela IluCión…' ($116.000.000): fundación aproximada 1993, por confirmar. Figura como 'Compañía de Teatro Escuela IluCión' en Ciudad Teatro 2026 ('Caleu')."
COMP-0042,Teatro Desastre,NO ENCONTRADO,NO ENCONTRADO,NO ENCONTRADO,valparaiso,Valparaíso,valparaiso,NO ENCONTRADO,valparaiso,NO ENCONTRADO,NO ENCONTRADO,NO ENCONTRADO,compañía de teatro,teatro,NO ENCONTRADO,OBR-0022 | OBR-0088,Amada Gayshá | Casa,ESP-0025 | ESP-0070,Carpa Azul Circo | Casa Centro de Investigación Teatro La Peste,valparaiso,NO ENCONTRADO,FES-0021,Ciudad Teatro,NO ENCONTRADO,NO ENCONTRADO,NO ENCONTRADO,NO ENCONTRADO,NO ENCONTRADO,NO ENCONTRADO,NO ENCONTRADO,NO ENCONTRADO,NO ENCONTRADO,NO ENCONTRADO,NO ENCONTRADO,NO ENCONTRADO,FUE-0131 | FUE-0136,PARCIAL,2026-09-08,2026-09-08,NO ENCONTRADO,NO ENCONTRADO,"Comuna inferida de su participación en Ciudad Teatro; sede por confirmar. Lectura dramatizada 'Casa' en Ciudad Teatro 2026 (Casa Teatro La Peste, 21 de mayo)."
COMP-0043,La Bayka,NO ENCONTRADO,NO ENCONTRADO,NO ENCONTRADO,valparaiso,Valparaíso,valparaiso,NO ENCONTRADO,valparaiso,NO ENCONTRADO,NO ENCONTRADO,NO ENCONTRADO,compañía de teatro,teatro-familiar,NO ENCONTRADO,OBR-0023,Fofi el cachorro,ESP-0033,Centro Comunitario Las Cañas,valparaiso,NO ENCONTRADO,FES-0021,Ciudad Teatro,NO ENCONTRADO,NO ENCONTRADO,NO ENCONTRADO,NO ENCONTRADO,NO ENCONTRADO,NO ENCONTRADO,NO ENCONTRADO,NO ENCONTRADO,NO ENCONTRADO,NO ENCONTRADO,NO ENCONTRADO,NO ENCONTRADO,FUE-0131,PARCIAL,2026-09-08,2026-09-08,NO ENCONTRADO,NO ENCONTRADO,Comuna inferida de su participación en Ciudad Teatro; sede por confirmar. Disciplina inferida del título (obra para infancias); por confirmar.
COMP-0044,Disparate Circo,NO ENCONTRADO,NO ENCONTRADO,Compañía Disparate Circo,valparaiso,Valparaíso,valparaiso,NO ENCONTRADO,valparaiso,NO ENCONTRADO,NO ENCONTRADO,NO ENCONTRADO,compañía de circo,circo,NO ENCONTRADO,OBR-0024 | OBR-0032,Disparate Circo Rock | Tripulación Paraíso,ESP-0055,CECO de Rodelillo,valparaiso | san-antonio,circulación internacional 2026 (Circo Pa'l Barrio),FES-0021 | FES-0002,Ciudad Teatro | Festival Litoral Teatral,NO ENCONTRADO,NO ENCONTRADO,NO ENCONTRADO,NO ENCONTRADO,NO ENCONTRADO,NO ENCONTRADO,NO ENCONTRADO,NO ENCONTRADO,NO ENCONTRADO,NO ENCONTRADO,NO ENCONTRADO,NO ENCONTRADO,FUE-0131 | FUE-0096 | FUE-0124 | FUE-0094 | FUE-0167 | FUE-0063,PARCIAL,2026-09-08,2026-09-08,NO ENCONTRADO,NO ENCONTRADO,"Comuna inferida de su participación en Ciudad Teatro; sede por confirmar. 'Tripulación Paraíso, Disparate Circo Rock, puro circo chileno' (trayectoria circo 2022, Patricio Alejandro Núñez Rojas, $29.610.451); 'Tripulación Paraíso, abriendo horizontes, Circulación Esperanza' (2026); 'Circo Pa'l Barrio: Circulación Internacional Compañía Disparate Circo' (2026, Carla Paz Cepeda Cortés, $17.588.496). 'Tripulación Paraíso' en el Festival Litoral Teatral 2024."
COMP-0045,Teatro del Instinto,NO ENCONTRADO,NO ENCONTRADO,NO ENCONTRADO,valparaiso,Valparaíso,valparaiso,NO ENCONTRADO,valparaiso,NO ENCONTRADO,George Casanova,NO ENCONTRADO,compañía de teatro,teatro,NO ENCONTRADO,OBR-0025,Extraño ser,ESP-0056,Cancha Población Márquez,valparaiso,NO ENCONTRADO,FES-0021,Ciudad Teatro,NO ENCONTRADO,NO ENCONTRADO,NO ENCONTRADO,NO ENCONTRADO,NO ENCONTRADO,NO ENCONTRADO,NO ENCONTRADO,NO ENCONTRADO,NO ENCONTRADO,NO ENCONTRADO,NO ENCONTRADO,NO ENCONTRADO,FUE-0131,PARCIAL,2026-09-08,2026-09-08,NO ENCONTRADO,NO ENCONTRADO,Comuna inferida de su participación en Ciudad Teatro; sede por confirmar.
COMP-0046,Organizacion Comunitaria Artistica Cultural y Educativa la Washa,NO ENCONTRADO,NO ENCONTRADO,NO ENCONTRADO,NO ENCONTRADO,NO ENCONTRADO,NO ENCONTRADO,NO ENCONTRADO,valparaiso,NO ENCONTRADO,NO ENCONTRADO,NO ENCONTRADO,organización de artes escénicas (según nómina de fondos),NO ENCONTRADO,NO ENCONTRADO,NO ENCONTRADO,NO ENCONTRADO,NO ENCONTRADO,NO ENCONTRADO,NO ENCONTRADO,NO ENCONTRADO,NO ENCONTRADO,NO ENCONTRADO,FIN-0076 | FIN-0807,“El Chungungo y la Voz del Mar” | Hoguera,NO ENCONTRADO,NO ENCONTRADO,NO ENCONTRADO,NO ENCONTRADO,NO ENCONTRADO,NO ENCONTRADO,NO ENCONTRADO,NO ENCONTRADO,NO ENCONTRADO,NO ENCONTRADO,FUE-0094 | FUE-0117,DESCUBIERTO,2026-09-08,2026-09-08,NO ENCONTRADO,NO ENCONTRADO,"Responsable del proyecto «“El Chungungo y la Voz del Mar”» (Fondo de Artes Escénicas 2026, Interdisciplinar). Comuna no indicada en la nómina (solo región). Responsable del proyecto «Hoguera» (Fondo de Artes Escénicas 2023, Teatro). Comuna no indicada en la nómina (solo región)."
COMP-0047,Puerto Escena SPA,NO ENCONTRADO,NO ENCONTRADO,NO ENCONTRADO,NO ENCONTRADO,NO ENCONTRADO,NO ENCONTRADO,NO ENCONTRADO,valparaiso,NO ENCONTRADO,NO ENCONTRADO,NO ENCONTRADO,organización de artes escénicas (según nómina de fondos),NO ENCONTRADO,NO ENCONTRADO,NO ENCONTRADO,NO ENCONTRADO,NO ENCONTRADO,NO ENCONTRADO,NO ENCONTRADO,NO ENCONTRADO,NO ENCONTRADO,NO ENCONTRADO,FIN-0084,Red Salas de Teatro Valparaíso,NO ENCONTRADO,NO ENCONTRADO,NO ENCONTRADO,NO ENCONTRADO,NO ENCONTRADO,NO ENCONTRADO,NO ENCONTRADO,NO ENCONTRADO,NO ENCONTRADO,NO ENCONTRADO,FUE-0094,DUPLICADO,2026-09-08,2026-09-08,COMP-0071,NO ENCONTRADO,"Responsable del proyecto «Red Salas de Teatro Valparaíso» (Fondo de Artes Escénicas 2026, Única). Comuna no indicada en la nómina (solo región)."
COMP-0048,Actividades Teatrales Yorka Ojeda Banz E.i.r.l.,NO ENCONTRADO,NO ENCONTRADO,Telón.cl | Actividades Teatrales Yorka Ojeda Banz E.I.R.L.,NO ENCONTRADO,NO ENCONTRADO,NO ENCONTRADO,NO ENCONTRADO,valparaiso,NO ENCONTRADO,NO ENCONTRADO,NO ENCONTRADO,organización de artes escénicas (según nómina de fondos),NO ENCONTRADO,NO ENCONTRADO,NO ENCONTRADO,NO ENCONTRADO,NO ENCONTRADO,NO ENCONTRADO,NO ENCONTRADO,NO ENCONTRADO,NO ENCONTRADO,NO ENCONTRADO,FIN-0085,Premio Telón a las Artes Escénicas Nacionales,NO ENCONTRADO,NO ENCONTRADO,NO ENCONTRADO,NO ENCONTRADO,NO ENCONTRADO,NO ENCONTRADO,NO ENCONTRADO,https://www.telon.cl/,NO ENCONTRADO,NO ENCONTRADO,FUE-0094,DESCUBIERTO,2026-09-08,2026-09-08,NO ENCONTRADO,nombre: 'Actividades Teatrales Yorka Ojeda Banz E.i.r.l.' vs 'Telón — Actividades Teatrales Yorka Ojeda Banz E.I.R.L.'; tipo: 'organización de artes escénicas (según nómina de fondos)' vs 'organización cultural (medio y premio de artes escénicas)',"Responsable del proyecto «Premio Telón a las Artes Escénicas Nacionales» (Fondo de Artes Escénicas 2026, Única). Comuna no indicada en la nómina (solo región). Responsable del 'Premio Telón a las Artes Escénicas Nacionales' (Fondo de Artes Escénicas 2026, $14.975.407), Región de Valparaíso."
COMP-0049,Teatro la Lancha Spa,NO ENCONTRADO,NO ENCONTRADO,NO ENCONTRADO,NO ENCONTRADO,NO ENCONTRADO,NO ENCONTRADO,NO ENCONTRADO,valparaiso,NO ENCONTRADO,NO ENCONTRADO,NO ENCONTRADO,organización de artes escénicas (según nómina de fondos),NO ENCONTRADO,NO ENCONTRADO,NO ENCONTRADO,NO ENCONTRADO,NO ENCONTRADO,NO ENCONTRADO,NO ENCONTRADO,NO ENCONTRADO,NO ENCONTRADO,NO ENCONTRADO,FIN-0087,"Equipamiento profesional para la escena itinerante - La Lancha, Teatro y Patrimonio",NO ENCONTRADO,NO ENCONTRADO,NO ENCONTRADO,NO ENCONTRADO,NO ENCONTRADO,NO ENCONTRADO,NO ENCONTRADO,NO ENCONTRADO,NO ENCONTRADO,NO ENCONTRADO,FUE-0094,DUPLICADO,2026-09-08,2026-09-08,COMP-0006,NO ENCONTRADO,"Responsable del proyecto «Equipamiento profesional para la escena itinerante - La Lancha, Teatro y Patrimonio» (Fondo de Artes Escénicas 2026, Compañías de las Artes Escénicas). Comuna no indicada en la nómina (solo región)."
COMP-0050,Colectivo interdisciplinario Musgo,NO ENCONTRADO,NO ENCONTRADO,Musgo | Ensamble Vocal Comunitario | Colectivo Interdisciplinario Musgo,NO ENCONTRADO,NO ENCONTRADO,NO ENCONTRADO,NO ENCONTRADO,valparaiso,NO ENCONTRADO,Diego Belmar,NO ENCONTRADO,organización de artes escénicas (según nómina de fondos),NO ENCONTRADO,NO ENCONTRADO,OBR-0027 | OBR-0109 | OBR-0110,Ensamble Vocal Comunitario | Voces por la memoria | Monumentos,ESP-0002,Centro Cultural San Antonio,san-antonio,NO ENCONTRADO,FES-0002,Festival Litoral Teatral,FIN-0093,Ensamble Vocal Comunitario: Quinta versión,NO ENCONTRADO,NO ENCONTRADO,NO ENCONTRADO,NO ENCONTRADO,NO ENCONTRADO,NO ENCONTRADO,NO ENCONTRADO,NO ENCONTRADO,NO ENCONTRADO,NO ENCONTRADO,FUE-0094 | FUE-0167 | FUE-0063,DESCUBIERTO,2026-09-08,2026-09-08,NO ENCONTRADO,tipo: 'organización de artes escénicas (según nómina de fondos)' vs 'colectivo de artes escénicas'; nombre: 'Colectivo interdisciplinario Musgo' vs 'Ensamble Vocal Comunitario',"Responsable del proyecto «Ensamble Vocal Comunitario: Quinta versión» (Fondo de Artes Escénicas 2026, Públicos y comunidades). Comuna no indicada en la nómina (solo región). 'Ensamble Vocal Comunitario: Quinta versión' (Fondo de Artes Escénicas 2026, Públicos y comunidades, $6.985.600). El Ensamble Vocal Comunitario presentó 'Monumentos' en el Festival Litoral Teatral 2026. Festival Litoral Teatral 2024 ('Voces por la memoria', dir. Diego Belmar) y 2026 ('Monumentos', 25 de abril). Vinculado al Colectivo Interdisciplinario Musgo según Fondos Cultura 2026."
COMP-0051,Cooperativa Corredor Danza Valparaíso Ltda.,NO ENCONTRADO,NO ENCONTRADO,NO ENCONTRADO,NO ENCONTRADO,NO ENCONTRADO,NO ENCONTRADO,NO ENCONTRADO,valparaiso,NO ENCONTRADO,NO ENCONTRADO,NO ENCONTRADO,organización de artes escénicas (según nómina de fondos),NO ENCONTRADO,NO ENCONTRADO,NO ENCONTRADO,NO ENCONTRADO,NO ENCONTRADO,NO ENCONTRADO,NO ENCONTRADO,NO ENCONTRADO,NO ENCONTRADO,NO ENCONTRADO,FIN-0095,Entremos en Movimiento Programa de Corredor Danza Valparíso para la formación y sensibilización de públicos en danza contemporánea,NO ENCONTRADO,NO ENCONTRADO,NO ENCONTRADO,NO ENCONTRADO,NO ENCONTRADO,NO ENCONTRADO,NO ENCONTRADO,NO ENCONTRADO,NO ENCONTRADO,NO ENCONTRADO,FUE-0094,DUPLICADO,2026-09-08,2026-09-08,COMP-0072,NO ENCONTRADO,"Responsable del proyecto «Entremos en Movimiento Programa de Corredor Danza Valparíso para la formación y sensibilización de públicos en danza contemporánea» (Fondo de Artes Escénicas 2026, Públicos y comunidades). Comuna no indicada en la nómina (solo región)."
COMP-0052,Centro Cultural Teatro Container,NO ENCONTRADO,NO ENCONTRADO,Teatro Container,valparaiso,Valparaíso,valparaiso,NO ENCONTRADO,valparaiso,NO ENCONTRADO,NO ENCONTRADO,NO ENCONTRADO,organización de artes escénicas (según nómina de fondos),teatro-callejero,NO ENCONTRADO,NO ENCONTRADO,NO ENCONTRADO,NO ENCONTRADO,NO ENCONTRADO,NO ENCONTRADO,"Brasil (Belo Horizonte, 2024)",FES-0003,VIII Festival Teatro Container,FIN-0113 | FIN-0550 | FIN-0553,IX Festival Teatro Container 2026 | Teatro container. Proyección internacional de las artes de calle | Cocina Pública Festival de Belo Horizonte,NO ENCONTRADO,NO ENCONTRADO,NO ENCONTRADO,NO ENCONTRADO,NO ENCONTRADO,NO ENCONTRADO,NO ENCONTRADO,NO ENCONTRADO,NO ENCONTRADO,NO ENCONTRADO,FUE-0095 | FUE-0108 | FUE-0109,DESCUBIERTO,2026-09-08,2026-09-08,NO ENCONTRADO,tipo: 'organización de artes escénicas (según nómina de fondos)' vs 'compañía de teatro callejero',"Responsable del proyecto «IX Festival Teatro Container 2026» (Fondo de Artes Escénicas 2026, Nacionales). Comuna no indicada en la nómina (solo región). Responsable del proyecto «Teatro container. Proyección internacional de las artes de calle» (Fondo de Artes Escénicas 2024, Asistencia a Instancias Internacionales). Comuna no indicada en la nómina (solo región). Responsable del proyecto «Cocina Pública Festival de Belo Horizonte» (Fondo de Artes Escénicas 2024, Circulación Internacional). Comuna no indicada en la nómina (solo región). Organiza el Festival Teatro Container; 'Proyección internacional de las artes de calle' (2024) y 'Cocina Pública Festival de Belo Horizonte' (2024, $3.872.936). Comuna según el festival (Valparaíso)."
COMP-0053,Centro Cultural Escenalborde,Sociedad de Artes Escénicas Escenalborde Limitada,NO ENCONTRADO,Escenalborde,valparaiso,Valparaíso,valparaiso,NO ENCONTRADO,valparaiso,NO ENCONTRADO,NO ENCONTRADO,NO ENCONTRADO,organización de artes escénicas (según nómina de fondos),danza,NO ENCONTRADO,NO ENCONTRADO,NO ENCONTRADO,NO ENCONTRADO,NO ENCONTRADO,NO ENCONTRADO,NO ENCONTRADO,FES-0025,Danzalborde,FIN-0234,"""Danza en la Biblioteca"", circulación de unipersonales coreográficos en Bibliotecas Públicas de las Regiones de Los Lagos y Los Ríos.",NO ENCONTRADO,https://www.facebook.com/escenalbordeartesescenicas,NO ENCONTRADO,NO ENCONTRADO,NO ENCONTRADO,NO ENCONTRADO,NO ENCONTRADO,NO ENCONTRADO,NO ENCONTRADO,NO ENCONTRADO,FUE-0098 | FUE-0118 | FUE-0146,PARCIAL,2026-09-08,2026-09-08,NO ENCONTRADO,tipo: 'organización de artes escénicas (según nómina de fondos)' vs 'compañía de danza',"Responsable del proyecto «""Danza en la Biblioteca"", circulación de unipersonales coreográficos en Bibliotecas Públicas de las Regiones de Los Lagos y Los Ríos.» (Fondo de Artes Escénicas 2025, Única). Comuna no indicada en la nómina (solo región). 'Danza en la Biblioteca' (circulación 2025, Los Lagos y Los Ríos, $18.404.528); organiza Danzalborde. Comuna por confirmar. Organizador del programa Artes Escénicas Itinerantes Regionales 2021 (Secretaría Ejecutiva de Artes Escénicas), con funciones en Putaendo."
COMP-0054,Organización Comunitaria Artística Cultural y Deportiva La Coraje,NO ENCONTRADO,NO ENCONTRADO,La Coraje | Compañía de Teatro La Coraje,valparaiso,Valparaíso,valparaiso,NO ENCONTRADO,valparaiso,NO ENCONTRADO,NO ENCONTRADO,NO ENCONTRADO,organización de artes escénicas (según nómina de fondos),teatro,NO ENCONTRADO,OBR-0082,Imaginaria,ESP-0066,Liceo Pedro Montt,valparaiso,NO ENCONTRADO,FES-0037 | FES-0021,Paraísos Creativos — Encuentro de Educación Artística comprometida con las jóvenes audiencias | Ciudad Teatro,FIN-0524 | FIN-0823,"PARAISOS CREATIVOS: 3er Encuentro de Educación Artística comprometida con las jóvenes audiencias | Teatro y Educación: Espacio de perfeccionamiento para docentes, artistas educadores y agentes comunitarios: Incorporando herramientas teatrales en la educación",NO ENCONTRADO,NO ENCONTRADO,NO ENCONTRADO,NO ENCONTRADO,NO ENCONTRADO,NO ENCONTRADO,NO ENCONTRADO,NO ENCONTRADO,NO ENCONTRADO,NO ENCONTRADO,FUE-0105 | FUE-0117 | FUE-0136,PARCIAL,2026-09-08,2026-09-08,NO ENCONTRADO,tipo: 'organización de artes escénicas (según nómina de fondos)' vs 'organización cultural',"Responsable del proyecto «PARAISOS CREATIVOS: 3er Encuentro de Educación Artística comprometida con las jóvenes audiencias» (Fondo de Artes Escénicas 2024, Festivales y encuentros regionales). Comuna no indicada en la nómina (solo región). Responsable del proyecto «Teatro y Educación: Espacio de perfeccionamiento para docentes, artistas educadores y agentes comunitarios: Incorporando herramientas teatrales en la educación» (Fondo de Artes Escénicas 2023, Públicos y comunidades). Comuna no indicada en la nómina (solo región). Punto de Cultura Comunitaria (Valparaíso). 'Teatro y Educación' (2023) y 'Paraísos Creativos' (2024). Figura como 'Compañía de Teatro La Coraje' en Ciudad Teatro 2026 ('Imaginaria', Liceo Pedro Montt)."
COMP-0055,Fundacion Pájarx Entre Púas,NO ENCONTRADO,NO ENCONTRADO,NO ENCONTRADO,valparaiso,Valparaíso,valparaiso,NO ENCONTRADO,valparaiso,NO ENCONTRADO,NO ENCONTRADO,NO ENCONTRADO,organización de artes escénicas (según nómina de fondos),NO ENCONTRADO,NO ENCONTRADO,NO ENCONTRADO,NO ENCONTRADO,NO ENCONTRADO,NO ENCONTRADO,NO ENCONTRADO,NO ENCONTRADO,NO ENCONTRADO,NO ENCONTRADO,FIN-0541,DRAMA. Talleres de teatro con mujeres y diversidades privadas de libertad en la región de Valparaíso.,NO ENCONTRADO,NO ENCONTRADO,NO ENCONTRADO,NO ENCONTRADO,NO ENCONTRADO,NO ENCONTRADO,NO ENCONTRADO,NO ENCONTRADO,NO ENCONTRADO,NO ENCONTRADO,FUE-0105,DESCUBIERTO,2026-09-08,2026-09-08,NO ENCONTRADO,tipo: 'organización de artes escénicas (según nómina de fondos)' vs 'organización cultural',"Responsable del proyecto «DRAMA. Talleres de teatro con mujeres y diversidades privadas de libertad en la región de Valparaíso.» (Fondo de Artes Escénicas 2024, Públicos y comunidades). Comuna no indicada en la nómina (solo región). 'DRAMA. Talleres de teatro con mujeres y diversidades privadas de libertad en la región de Valparaíso' (2024, $5.000.000). Punto de Cultura Comunitaria (Valparaíso)."
COMP-0056,centro cultural de arte español flamenco triana,NO ENCONTRADO,NO ENCONTRADO,NO ENCONTRADO,NO ENCONTRADO,NO ENCONTRADO,NO ENCONTRADO,NO ENCONTRADO,valparaiso,NO ENCONTRADO,NO ENCONTRADO,NO ENCONTRADO,organización de artes escénicas (según nómina de fondos),NO ENCONTRADO,NO ENCONTRADO,NO ENCONTRADO,NO ENCONTRADO,NO ENCONTRADO,NO ENCONTRADO,NO ENCONTRADO,NO ENCONTRADO,NO ENCONTRADO,NO ENCONTRADO,FIN-0543 | FIN-1073,Flamenco Triana: 24 Años de Arte y Tradición - Programa de Apoyo a Compañías de Artes Escénicas | (Des) Hágase la Luz: residencia artística Flamenco Triana en FormArteFlamenco Sevilla España.,NO ENCONTRADO,NO ENCONTRADO,NO ENCONTRADO,NO ENCONTRADO,NO ENCONTRADO,NO ENCONTRADO,NO ENCONTRADO,NO ENCONTRADO,NO ENCONTRADO,NO ENCONTRADO,FUE-0107 | FUE-0126,DESCUBIERTO,2026-09-08,2026-09-08,NO ENCONTRADO,NO ENCONTRADO,"Responsable del proyecto «Flamenco Triana: 24 Años de Arte y Tradición - Programa de Apoyo a Compañías de Artes Escénicas» (PAOCC — Compañías de trayectoria de artes escénicas 2024, Compañías de trayectoria). Comuna no indicada en la nómina (solo región). Responsable del proyecto «(Des) Hágase la Luz: residencia artística Flamenco Triana en FormArteFlamenco Sevilla España.» (Fondo de Artes Escénicas 2022, Participación en Instancias Internacionales - Formato Grupal (3 o más participantes) - Presencial). Comuna no indicada en la nómina (solo región)."
COMP-0057,Centro Cultural Malabicirco,NO ENCONTRADO,NO ENCONTRADO,NO ENCONTRADO,NO ENCONTRADO,NO ENCONTRADO,NO ENCONTRADO,NO ENCONTRADO,valparaiso,NO ENCONTRADO,NO ENCONTRADO,NO ENCONTRADO,organización de artes escénicas (según nómina de fondos),NO ENCONTRADO,NO ENCONTRADO,NO ENCONTRADO,NO ENCONTRADO,NO ENCONTRADO,NO ENCONTRADO,NO ENCONTRADO,NO ENCONTRADO,NO ENCONTRADO,NO ENCONTRADO,FIN-0545 | FIN-0828,Financiamient o Plan de Gestión con énfasis en la creación Compañía Malabicirco | Congreso Internacional de Malabarismo y Artes Circenses (CIMAC) Valparaíso 2023- 2024,NO ENCONTRADO,NO ENCONTRADO,NO ENCONTRADO,NO ENCONTRADO,NO ENCONTRADO,NO ENCONTRADO,NO ENCONTRADO,NO ENCONTRADO,NO ENCONTRADO,NO ENCONTRADO,FUE-0107 | FUE-0118,DUPLICADO,2026-09-08,2026-09-08,COMP-0028,NO ENCONTRADO,"Responsable del proyecto «Financiamient o Plan de Gestión con énfasis en la creación Compañía Malabicirco» (PAOCC — Compañías de trayectoria de artes escénicas 2024, Compañías de trayectoria). Comuna no indicada en la nómina (solo región). Responsable del proyecto «Congreso Internacional de Malabarismo y Artes Circenses (CIMAC) Valparaíso 2023- 2024» (Fondo de Artes Escénicas 2023, Festivales y encuentros de trayectoria). Comuna no indicada en la nómina (solo región)."
COMP-0058,Fundacion Puerto Cultura,NO ENCONTRADO,NO ENCONTRADO,NO ENCONTRADO,NO ENCONTRADO,NO ENCONTRADO,NO ENCONTRADO,NO ENCONTRADO,valparaiso,NO ENCONTRADO,NO ENCONTRADO,NO ENCONTRADO,organización de artes escénicas (según nómina de fondos),NO ENCONTRADO,NO ENCONTRADO,OBR-0036,Enjuiciamiento a Pedro Urdemales,NO ENCONTRADO,NO ENCONTRADO,NO ENCONTRADO,NO ENCONTRADO,NO ENCONTRADO,NO ENCONTRADO,FIN-0547,enjuiciamiento a Pedro Urdemales,NO ENCONTRADO,NO ENCONTRADO,NO ENCONTRADO,NO ENCONTRADO,NO ENCONTRADO,NO ENCONTRADO,NO ENCONTRADO,NO ENCONTRADO,NO ENCONTRADO,NO ENCONTRADO,FUE-0107,DESCUBIERTO,2026-09-08,2026-09-08,NO ENCONTRADO,tipo: 'organización de artes escénicas (según nómina de fondos)' vs 'organización de artes escénicas',"Responsable del proyecto «enjuiciamiento a Pedro Urdemales» (PAOCC — Compañías de trayectoria de artes escénicas 2024, Compañías de trayectoria). Comuna no indicada en la nómina (solo región). PAOCC Compañías de trayectoria 2024 ($116.000.000). Comuna no indicada."
COMP-0059,Colectivo de Teatro Lanzarte,NO ENCONTRADO,NO ENCONTRADO,NO ENCONTRADO,NO ENCONTRADO,NO ENCONTRADO,NO ENCONTRADO,NO ENCONTRADO,valparaiso,NO ENCONTRADO,NO ENCONTRADO,NO ENCONTRADO,organización de artes escénicas (según nómina de fondos),NO ENCONTRADO,NO ENCONTRADO,NO ENCONTRADO,NO ENCONTRADO,NO ENCONTRADO,NO ENCONTRADO,NO ENCONTRADO,NO ENCONTRADO,NO ENCONTRADO,NO ENCONTRADO,FIN-0548,LANZARTE TEATRO,NO ENCONTRADO,NO ENCONTRADO,NO ENCONTRADO,NO ENCONTRADO,NO ENCONTRADO,NO ENCONTRADO,NO ENCONTRADO,NO ENCONTRADO,NO ENCONTRADO,NO ENCONTRADO,FUE-0107,DUPLICADO,2026-09-08,2026-09-08,COMP-0078,NO ENCONTRADO,"Responsable del proyecto «LANZARTE TEATRO» (PAOCC — Compañías de trayectoria de artes escénicas 2024, Compañías de trayectoria). Comuna no indicada en la nómina (solo región)."
COMP-0060,Compañía de Teatro Fuera de Lugar Limitada,NO ENCONTRADO,NO ENCONTRADO,NO ENCONTRADO,NO ENCONTRADO,NO ENCONTRADO,NO ENCONTRADO,NO ENCONTRADO,valparaiso,NO ENCONTRADO,NO ENCONTRADO,NO ENCONTRADO,organización de artes escénicas (según nómina de fondos),NO ENCONTRADO,NO ENCONTRADO,NO ENCONTRADO,NO ENCONTRADO,NO ENCONTRADO,NO ENCONTRADO,NO ENCONTRADO,NO ENCONTRADO,NO ENCONTRADO,NO ENCONTRADO,FIN-0811,En Defensa Propia,NO ENCONTRADO,NO ENCONTRADO,NO ENCONTRADO,NO ENCONTRADO,NO ENCONTRADO,NO ENCONTRADO,NO ENCONTRADO,NO ENCONTRADO,NO ENCONTRADO,NO ENCONTRADO,FUE-0117,DUPLICADO,2026-09-08,2026-09-08,COMP-0082,NO ENCONTRADO,"Responsable del proyecto «En Defensa Propia» (Fondo de Artes Escénicas 2023, Interdisciplinar). Comuna no indicada en la nómina (solo región)."
COMP-0061,Asociación Parque Cultural de Valparaíso,NO ENCONTRADO,NO ENCONTRADO,NO ENCONTRADO,NO ENCONTRADO,NO ENCONTRADO,NO ENCONTRADO,NO ENCONTRADO,valparaiso,NO ENCONTRADO,NO ENCONTRADO,NO ENCONTRADO,organización de artes escénicas (según nómina de fondos),NO ENCONTRADO,NO ENCONTRADO,NO ENCONTRADO,NO ENCONTRADO,NO ENCONTRADO,NO ENCONTRADO,NO ENCONTRADO,NO ENCONTRADO,NO ENCONTRADO,NO ENCONTRADO,FIN-0824,Radioteatro: proceso formativo para personas mayores,NO ENCONTRADO,NO ENCONTRADO,NO ENCONTRADO,NO ENCONTRADO,NO ENCONTRADO,NO ENCONTRADO,NO ENCONTRADO,NO ENCONTRADO,NO ENCONTRADO,NO ENCONTRADO,FUE-0117,DESCUBIERTO,2026-09-08,2026-09-08,NO ENCONTRADO,NO ENCONTRADO,"Responsable del proyecto «Radioteatro: proceso formativo para personas mayores» (Fondo de Artes Escénicas 2023, Públicos y comunidades). Comuna no indicada en la nómina (solo región)."
COMP-0062,Fundacion Por Un Chile Inclusivo,NO ENCONTRADO,NO ENCONTRADO,NO ENCONTRADO,NO ENCONTRADO,NO ENCONTRADO,NO ENCONTRADO,NO ENCONTRADO,valparaiso,NO ENCONTRADO,NO ENCONTRADO,NO ENCONTRADO,organización de artes escénicas (según nómina de fondos),NO ENCONTRADO,NO ENCONTRADO,NO ENCONTRADO,NO ENCONTRADO,NO ENCONTRADO,NO ENCONTRADO,NO ENCONTRADO,NO ENCONTRADO,NO ENCONTRADO,NO ENCONTRADO,FIN-0826,"ESCUELA ARTES ESCENICAS SORDAS “ARTESCESOR""",NO ENCONTRADO,NO ENCONTRADO,NO ENCONTRADO,NO ENCONTRADO,NO ENCONTRADO,NO ENCONTRADO,NO ENCONTRADO,NO ENCONTRADO,NO ENCONTRADO,NO ENCONTRADO,FUE-0117,DESCUBIERTO,2026-09-08,2026-09-08,NO ENCONTRADO,tipo: 'organización de artes escénicas (según nómina de fondos)' vs 'organización cultural',"Responsable del proyecto «ESCUELA ARTES ESCENICAS SORDAS “ARTESCESOR""» (Fondo de Artes Escénicas 2023, Profesionalización del sector). Comuna no indicada en la nómina (solo región). 'Escuela Artes Escénicas Sordas ARTESCESOR' (2023, $9.989.776). Comuna no indicada."
COMP-0063,Corporación Educación Arte Cultura,NO ENCONTRADO,NO ENCONTRADO,NO ENCONTRADO,NO ENCONTRADO,NO ENCONTRADO,NO ENCONTRADO,NO ENCONTRADO,valparaiso,NO ENCONTRADO,NO ENCONTRADO,NO ENCONTRADO,organización de artes escénicas (según nómina de fondos),NO ENCONTRADO,NO ENCONTRADO,NO ENCONTRADO,NO ENCONTRADO,NO ENCONTRADO,NO ENCONTRADO,NO ENCONTRADO,NO ENCONTRADO,NO ENCONTRADO,NO ENCONTRADO,FIN-0827 | FIN-1052,"Continuidad del proyecto Les Cárites, Escuela de Formación y Perfeccionamiento de las Artes del Transformismo | Les Cárites: Proceso de Formación y Perfeccionamiento de las Artes del Transformismo",NO ENCONTRADO,NO ENCONTRADO,NO ENCONTRADO,NO ENCONTRADO,NO ENCONTRADO,NO ENCONTRADO,NO ENCONTRADO,NO ENCONTRADO,NO ENCONTRADO,NO ENCONTRADO,FUE-0117 | FUE-0124,DESCUBIERTO,2026-09-08,2026-09-08,NO ENCONTRADO,tipo: 'organización de artes escénicas (según nómina de fondos)' vs 'organización cultural',"Responsable del proyecto «Continuidad del proyecto Les Cárites, Escuela de Formación y Perfeccionamiento de las Artes del Transformismo» (Fondo de Artes Escénicas 2023, Profesionalización del sector). Comuna no indicada en la nómina (solo región). Responsable del proyecto «Les Cárites: Proceso de Formación y Perfeccionamiento de las Artes del Transformismo» (Fondo de Artes Escénicas 2022, Profesionalización del Sector). Comuna no indicada en la nómina (solo región). 'Les Cárites, Escuela de Formación y Perfeccionamiento de las Artes del Transformismo' (2022 y 2023). Comuna no indicada."
COMP-0064,Sociedad de Artes Escénicas escenalborde Limitada,NO ENCONTRADO,NO ENCONTRADO,NO ENCONTRADO,NO ENCONTRADO,NO ENCONTRADO,NO ENCONTRADO,NO ENCONTRADO,valparaiso,NO ENCONTRADO,NO ENCONTRADO,NO ENCONTRADO,organización de artes escénicas (según nómina de fondos),NO ENCONTRADO,NO ENCONTRADO,NO ENCONTRADO,NO ENCONTRADO,NO ENCONTRADO,NO ENCONTRADO,NO ENCONTRADO,NO ENCONTRADO,NO ENCONTRADO,NO ENCONTRADO,FIN-0832,"Danzalborde 18 años, construyendo una nueva realidad.",NO ENCONTRADO,NO ENCONTRADO,NO ENCONTRADO,NO ENCONTRADO,NO ENCONTRADO,NO ENCONTRADO,NO ENCONTRADO,NO ENCONTRADO,NO ENCONTRADO,NO ENCONTRADO,FUE-0118,DESCUBIERTO,2026-09-08,2026-09-08,NO ENCONTRADO,NO ENCONTRADO,"Responsable del proyecto «Danzalborde 18 años, construyendo una nueva realidad.» (Fondo de Artes Escénicas 2023, Festivales y encuentros nacionales). Comuna no indicada en la nómina (solo región)."
COMP-0065,Sabia Escuela de Saberes,NO ENCONTRADO,NO ENCONTRADO,NO ENCONTRADO,hijuelas,Hijuelas,quillota,NO ENCONTRADO,valparaiso,NO ENCONTRADO,NO ENCONTRADO,NO ENCONTRADO,organización de artes escénicas (según nómina de fondos),NO ENCONTRADO,NO ENCONTRADO,NO ENCONTRADO,NO ENCONTRADO,NO ENCONTRADO,NO ENCONTRADO,NO ENCONTRADO,NO ENCONTRADO,NO ENCONTRADO,NO ENCONTRADO,FIN-0834,I Festival de la Niñez Hijuelas,NO ENCONTRADO,NO ENCONTRADO,NO ENCONTRADO,NO ENCONTRADO,NO ENCONTRADO,NO ENCONTRADO,NO ENCONTRADO,NO ENCONTRADO,NO ENCONTRADO,NO ENCONTRADO,FUE-0118,DESCUBIERTO,2026-09-08,2026-09-08,NO ENCONTRADO,tipo: 'organización de artes escénicas (según nómina de fondos)' vs 'organización cultural',"Responsable del proyecto «I Festival de la Niñez Hijuelas» (Fondo de Artes Escénicas 2023, Festivales y encuentros regionales). Comuna no indicada en la nómina (solo región). Organiza el I Festival de la Niñez Hijuelas (2023). Comuna deducida del nombre del festival; por confirmar."
COMP-0066,Puerto Audiovisual E.i.r.l.,NO ENCONTRADO,NO ENCONTRADO,NO ENCONTRADO,NO ENCONTRADO,NO ENCONTRADO,NO ENCONTRADO,NO ENCONTRADO,valparaiso,NO ENCONTRADO,NO ENCONTRADO,NO ENCONTRADO,organización de artes escénicas (según nómina de fondos),NO ENCONTRADO,NO ENCONTRADO,NO ENCONTRADO,NO ENCONTRADO,NO ENCONTRADO,NO ENCONTRADO,NO ENCONTRADO,NO ENCONTRADO,NO ENCONTRADO,NO ENCONTRADO,FIN-1042,CANAL DANZA TV,NO ENCONTRADO,NO ENCONTRADO,NO ENCONTRADO,NO ENCONTRADO,NO ENCONTRADO,NO ENCONTRADO,NO ENCONTRADO,NO ENCONTRADO,NO ENCONTRADO,NO ENCONTRADO,FUE-0124,DESCUBIERTO,2026-09-08,2026-09-08,NO ENCONTRADO,NO ENCONTRADO,"Responsable del proyecto «CANAL DANZA TV» (Fondo de Artes Escénicas 2022, Medios de Difusión). Comuna no indicada en la nómina (solo región)."
COMP-0067,"Agrupacion Cultural, Deportiva, Social, Recreativa, Educacional F.R.VALPO",NO ENCONTRADO,NO ENCONTRADO,NO ENCONTRADO,NO ENCONTRADO,NO ENCONTRADO,NO ENCONTRADO,NO ENCONTRADO,valparaiso,NO ENCONTRADO,NO ENCONTRADO,NO ENCONTRADO,organización de artes escénicas (según nómina de fondos),NO ENCONTRADO,NO ENCONTRADO,NO ENCONTRADO,NO ENCONTRADO,NO ENCONTRADO,NO ENCONTRADO,NO ENCONTRADO,NO ENCONTRADO,NO ENCONTRADO,NO ENCONTRADO,FIN-1043,creación pagina web para compañía Teatro Atota,NO ENCONTRADO,NO ENCONTRADO,NO ENCONTRADO,NO ENCONTRADO,NO ENCONTRADO,NO ENCONTRADO,NO ENCONTRADO,NO ENCONTRADO,NO ENCONTRADO,NO ENCONTRADO,FUE-0124,DESCUBIERTO,2026-09-08,2026-09-08,NO ENCONTRADO,NO ENCONTRADO,"Responsable del proyecto «creación pagina web para compañía Teatro Atota» (Fondo de Artes Escénicas 2022, Medios de Difusión). Comuna no indicada en la nómina (solo región)."
COMP-0068,Fundación Teatromuseo del Títere y el Payaso,NO ENCONTRADO,NO ENCONTRADO,Fundación Teatromuseo del Títere y el Payaso (compañía),valparaiso,Valparaíso,valparaiso,NO ENCONTRADO,valparaiso,NO ENCONTRADO,NO ENCONTRADO,NO ENCONTRADO,organización de artes escénicas (según nómina de fondos),titeres | clown,NO ENCONTRADO,OBR-0112,El carnaval de la alegría,NO ENCONTRADO,NO ENCONTRADO,san-antonio,NO ENCONTRADO,FES-0002,Festival Litoral Teatral,FIN-1053,Programa de Formación Nacional de la Fundación Teatromuseo del títere y el payaso.,NO ENCONTRADO,NO ENCONTRADO,NO ENCONTRADO,NO ENCONTRADO,NO ENCONTRADO,NO ENCONTRADO,NO ENCONTRADO,NO ENCONTRADO,NO ENCONTRADO,NO ENCONTRADO,FUE-0124 | FUE-0167 | FUE-0063,PARCIAL,2026-09-08,2026-09-08,NO ENCONTRADO,tipo: 'organización de artes escénicas (según nómina de fondos)' vs 'compañía de títeres y clown',"Responsable del proyecto «Programa de Formación Nacional de la Fundación Teatromuseo del títere y el payaso.» (Fondo de Artes Escénicas 2022, Profesionalización del Sector). Comuna no indicada en la nómina (solo región). Como elenco, abrió el Festival Litoral Teatral 2024 con el pasacalle 'El carnaval de la alegría'. Registrada también como espacio (ESP)."
COMP-0069,Agrupacion cultural Deportiva Social,NO ENCONTRADO,NO ENCONTRADO,NO ENCONTRADO,NO ENCONTRADO,NO ENCONTRADO,NO ENCONTRADO,NO ENCONTRADO,valparaiso,NO ENCONTRADO,NO ENCONTRADO,NO ENCONTRADO,organización de artes escénicas (según nómina de fondos),NO ENCONTRADO,NO ENCONTRADO,NO ENCONTRADO,NO ENCONTRADO,NO ENCONTRADO,NO ENCONTRADO,NO ENCONTRADO,NO ENCONTRADO,NO ENCONTRADO,NO ENCONTRADO,FIN-1059,"6to Festival de Artes escénicas de mujeres, Gesta",NO ENCONTRADO,NO ENCONTRADO,NO ENCONTRADO,NO ENCONTRADO,NO ENCONTRADO,NO ENCONTRADO,NO ENCONTRADO,NO ENCONTRADO,NO ENCONTRADO,NO ENCONTRADO,FUE-0125,DESCUBIERTO,2026-09-08,2026-09-08,NO ENCONTRADO,NO ENCONTRADO,"Responsable del proyecto «6to Festival de Artes escénicas de mujeres, Gesta» (Fondo de Artes Escénicas 2022, Festivales y Encuentros Nacionales). Comuna no indicada en la nómina (solo región)."
COMP-0070,El Pueblo de Piuretlandia,NO ENCONTRADO,NO ENCONTRADO,NO ENCONTRADO,valparaiso,Valparaíso,valparaiso,NO ENCONTRADO,valparaiso,NO ENCONTRADO,NO ENCONTRADO,NO ENCONTRADO,organización de artes escénicas,NO ENCONTRADO,NO ENCONTRADO,NO ENCONTRADO,NO ENCONTRADO,NO ENCONTRADO,NO ENCONTRADO,NO ENCONTRADO,NO ENCONTRADO,FES-0031,Encuentro de Artes Escénicas e Inclusión Inversa de Valparaíso,NO ENCONTRADO,NO ENCONTRADO,NO ENCONTRADO,NO ENCONTRADO,NO ENCONTRADO,NO ENCONTRADO,NO ENCONTRADO,NO ENCONTRADO,NO ENCONTRADO,NO ENCONTRADO,NO ENCONTRADO,NO ENCONTRADO,FUE-0125,DESCUBIERTO,2026-09-08,2026-09-08,NO ENCONTRADO,NO ENCONTRADO,Creado por referencia desde FES-0031. Organiza el Primer Encuentro de Artes Escénicas e Inclusión Inversa de Valparaíso (2022).
COMP-0071,Puerto Escena,Puerto Escena SpA,NO ENCONTRADO,Puerto Escena SPA,NO ENCONTRADO,NO ENCONTRADO,NO ENCONTRADO,NO ENCONTRADO,valparaiso,NO ENCONTRADO,NO ENCONTRADO,NO ENCONTRADO,productora / organización de artes escénicas,NO ENCONTRADO,NO ENCONTRADO,NO ENCONTRADO,NO ENCONTRADO,NO ENCONTRADO,NO ENCONTRADO,NO ENCONTRADO,NO ENCONTRADO,NO ENCONTRADO,NO ENCONTRADO,FIN-0084,Red Salas de Teatro Valparaíso,NO ENCONTRADO,NO ENCONTRADO,NO ENCONTRADO,NO ENCONTRADO,NO ENCONTRADO,NO ENCONTRADO,NO ENCONTRADO,NO ENCONTRADO,NO ENCONTRADO,NO ENCONTRADO,FUE-0094,DESCUBIERTO,2026-09-08,2026-09-08,NO ENCONTRADO,tipo: 'productora / organización de artes escénicas' vs 'organización de artes escénicas (según nómina de fondos)',"Responsable del proyecto 'Red Salas de Teatro Valparaíso' (Fondo de Artes Escénicas 2026, $14.997.869). Comuna no indicada. Responsable del proyecto «Red Salas de Teatro Valparaíso» (Fondo de Artes Escénicas 2026, Única). Comuna no indicada en la nómina (solo región)."
COMP-0072,Cooperativa Corredor Danza Valparaíso,Cooperativa Corredor Danza Valparaíso Ltda.,NO ENCONTRADO,Corredor Danza Valparaíso | Cooperativa Corredor Danza Valparaíso Ltda.,valparaiso,Valparaíso,valparaiso,NO ENCONTRADO,valparaiso,NO ENCONTRADO,NO ENCONTRADO,NO ENCONTRADO,compañía de danza,danza,NO ENCONTRADO,NO ENCONTRADO,NO ENCONTRADO,NO ENCONTRADO,NO ENCONTRADO,NO ENCONTRADO,NO ENCONTRADO,NO ENCONTRADO,NO ENCONTRADO,FIN-0095,Entremos en Movimiento Programa de Corredor Danza Valparíso para la formación y sensibilización de públicos en danza contemporánea,NO ENCONTRADO,NO ENCONTRADO,NO ENCONTRADO,NO ENCONTRADO,NO ENCONTRADO,NO ENCONTRADO,NO ENCONTRADO,NO ENCONTRADO,NO ENCONTRADO,NO ENCONTRADO,FUE-0094 | FUE-0124 | FUE-0108 | FUE-0120,DESCUBIERTO,2026-09-08,2026-09-08,NO ENCONTRADO,tipo: 'compañía de danza' vs 'organización de artes escénicas (según nómina de fondos)',"Programas de formación de públicos en danza contemporánea (2022 'Entrar en la danza', 2026 'Entremos en Movimiento'), asociatividad (2022), feria Tanzmesse NRW (2024) y gira USA-México (2023). Responsables: Milca Nicole Galea Robles, Daniela Ida Álvarez López, Eliana Eugenia Huerta Pastén. Responsable del proyecto «Entremos en Movimiento Programa de Corredor Danza Valparíso para la formación y sensibilización de públicos en danza contemporánea» (Fondo de Artes Escénicas 2026, Públicos y comunidades). Comuna no indicada en la nómina (solo región)."
COMP-0073,Teatro La Washa,Organización Comunitaria Artística Cultural y Educativa La Washa,NO ENCONTRADO,Teatro LaWasha | La Washa,NO ENCONTRADO,NO ENCONTRADO,NO ENCONTRADO,NO ENCONTRADO,valparaiso,NO ENCONTRADO,NO ENCONTRADO,NO ENCONTRADO,compañía de teatro,teatro | teatro-comunitario,NO ENCONTRADO,OBR-0028 | OBR-0029 | OBR-0030 | OBR-0031 | OBR-0085,"Hoguera | Caudal, por la liberación de las aguas | La Llave Secreta, por la liberación de las aguas | El Chungungo y la Voz del Mar | Vuela",ESP-0033,Centro Comunitario Las Cañas,valparaiso,NO ENCONTRADO,FES-0021,Ciudad Teatro,NO ENCONTRADO,NO ENCONTRADO,NO ENCONTRADO,NO ENCONTRADO,NO ENCONTRADO,NO ENCONTRADO,NO ENCONTRADO,NO ENCONTRADO,NO ENCONTRADO,NO ENCONTRADO,NO ENCONTRADO,NO ENCONTRADO,FUE-0124 | FUE-0117 | FUE-0098 | FUE-0094 | FUE-0136,DESCUBIERTO,2026-09-08,2026-09-08,NO ENCONTRADO,NO ENCONTRADO,"'La Llave Secreta' (creación 2022, Lucía Francisca Silva Vegas), 'Hoguera' (teatro 2023, $19.335.639), 'Circulación Caudal… de Teatro LaWasha' (2025), 'El Chungungo y la Voz del Mar' (interdisciplinar 2026, $24.963.398). Comuna no indicada. 'Vuela' en Ciudad Teatro 2026 (Centro Comunitario Las Cañas, 17 de mayo)."
COMP-0074,Colectivo LASTESIS,NO ENCONTRADO,NO ENCONTRADO,LASTESIS | Las Tesis,NO ENCONTRADO,NO ENCONTRADO,NO ENCONTRADO,NO ENCONTRADO,valparaiso,NO ENCONTRADO,NO ENCONTRADO,NO ENCONTRADO,colectivo de performance,performance,NO ENCONTRADO,NO ENCONTRADO,NO ENCONTRADO,NO ENCONTRADO,NO ENCONTRADO,NO ENCONTRADO,NO ENCONTRADO,NO ENCONTRADO,NO ENCONTRADO,NO ENCONTRADO,NO ENCONTRADO,NO ENCONTRADO,NO ENCONTRADO,NO ENCONTRADO,NO ENCONTRADO,NO ENCONTRADO,NO ENCONTRADO,NO ENCONTRADO,NO ENCONTRADO,NO ENCONTRADO,NO ENCONTRADO,FUE-0098 | FUE-0124,DESCUBIERTO,2026-09-08,2026-09-08,NO ENCONTRADO,NO ENCONTRADO,"'Acción/Nebulosa: Laboratorio de investigación performativa antifascista - colectivo LASTESIS' (2025, Sibila Sotomayor Van Rysseghem, $24.988.886); 'Resistencia o la reivindicación de un derecho colectivo' (circulación 2022, Daffne Andrea Valdés Vargas). Comuna no indicada en las nóminas."
COMP-0075,Circo Ancestral,NO ENCONTRADO,NO ENCONTRADO,Teatro Circo Ancestral,NO ENCONTRADO,NO ENCONTRADO,NO ENCONTRADO,NO ENCONTRADO,valparaiso,NO ENCONTRADO,Andrés del Bosque,NO ENCONTRADO,compañía de circo,circo | teatro,NO ENCONTRADO,OBR-0033,"La Nave de los locos, locOnas y Alacalufes",NO ENCONTRADO,NO ENCONTRADO,NO ENCONTRADO,NO ENCONTRADO,NO ENCONTRADO,NO ENCONTRADO,NO ENCONTRADO,NO ENCONTRADO,NO ENCONTRADO,NO ENCONTRADO,NO ENCONTRADO,NO ENCONTRADO,NO ENCONTRADO,NO ENCONTRADO,NO ENCONTRADO,NO ENCONTRADO,NO ENCONTRADO,NO ENCONTRADO,FUE-0098,DESCUBIERTO,2026-09-08,2026-09-08,NO ENCONTRADO,NO ENCONTRADO,"'La Nave de los locos, locOnas y Alacalufes. Teatro circo ancestral' (interdisciplinar 2025, $24.889.688, responsable Oscar Andrés González Bosque). La prensa del Festival Litoral Teatral 2026 la presenta como 'La nave de los locos y LocOnas', Circo Ancestral, dirección Andrés Del Bosque: se asume que es la misma persona."
COMP-0076,Julieta y Compañía,NO ENCONTRADO,NO ENCONTRADO,NO ENCONTRADO,villa-alemana,Villa Alemana,marga-marga,NO ENCONTRADO,valparaiso,NO ENCONTRADO,Julieta Saavedra,NO ENCONTRADO,compañía de teatro,teatro | narracion-oral | teatro-comunitario,NO ENCONTRADO,OBR-0034,El tiempo no espera. Monólogos del adulto mayor,ESP-0022 | ESP-0064 | ESP-0003 | ESP-0060,Centro Cultural Gabriela Mistral | Valparaíso Profundo | Parque Cultural de Valparaíso | Teatro Municipal de Valparaíso,villa-alemana | quillota | quilpue | valparaiso,NO ENCONTRADO,NO ENCONTRADO,NO ENCONTRADO,NO ENCONTRADO,NO ENCONTRADO,NO ENCONTRADO,NO ENCONTRADO,NO ENCONTRADO,NO ENCONTRADO,NO ENCONTRADO,NO ENCONTRADO,NO ENCONTRADO,NO ENCONTRADO,NO ENCONTRADO,NO ENCONTRADO,FUE-0098 | FUE-0171 | FUE-0172,PARCIAL,2026-09-08,2026-09-08,NO ENCONTRADO,NO ENCONTRADO,"'EL TIEMPO NO ESPERA Monólogos del Adulto Mayor _ Una propuesta de Montaje escénico por Julieta y compañía' (narración oral 2025, Julieta Tamara Saavedra Barraza, $11.960.648). Proyecto de la dramaturga villalemanina Julieta Saavedra; imparte el taller 'Cuentos que nacen del alma' (personas de 60 a 100 años) en Villa Alemana."
COMP-0077,Flamenco Triana,Centro Cultural de Arte Español Flamenco Triana,NO ENCONTRADO,NO ENCONTRADO,vina-del-mar,Viña del Mar,valparaiso,NO ENCONTRADO,valparaiso,NO ENCONTRADO,NO ENCONTRADO,NO ENCONTRADO,compañía de danza,danza,NO ENCONTRADO,OBR-0133,La vida de mi guerra,ESP-0059,Teatro Municipal de Viña del Mar,vina-del-mar,NO ENCONTRADO,NO ENCONTRADO,NO ENCONTRADO,NO ENCONTRADO,NO ENCONTRADO,NO ENCONTRADO,NO ENCONTRADO,NO ENCONTRADO,NO ENCONTRADO,NO ENCONTRADO,NO ENCONTRADO,NO ENCONTRADO,NO ENCONTRADO,NO ENCONTRADO,NO ENCONTRADO,FUE-0098 | FUE-0107 | FUE-0126 | FUE-0179,PARCIAL,2026-09-08,2026-09-08,NO ENCONTRADO,NO ENCONTRADO,"'Compañía viñamarina Flamenco Triana' (2025, equipamiento); PAOCC Compañías de trayectoria 2024 ('24 Años de Arte y Tradición', $116.000.000): fundación aproximada 2000; residencia en Sevilla (2022). 'La vida de mi guerra' en el Teatro Municipal de Viña del Mar, 2 de enero de 2026. La nota la etiqueta '(España)' por la disciplina; la compañía es viñamarina según Fondos Cultura."
COMP-0078,Lanzarte Teatro,Colectivo de Teatro Lanzarte,NO ENCONTRADO,Colectivo de Teatro Lanzarte,NO ENCONTRADO,NO ENCONTRADO,NO ENCONTRADO,NO ENCONTRADO,valparaiso,NO ENCONTRADO,NO ENCONTRADO,NO ENCONTRADO,compañía de teatro,teatro,NO ENCONTRADO,NO ENCONTRADO,NO ENCONTRADO,NO ENCONTRADO,NO ENCONTRADO,NO ENCONTRADO,NO ENCONTRADO,NO ENCONTRADO,NO ENCONTRADO,FIN-0548,LANZARTE TEATRO,NO ENCONTRADO,NO ENCONTRADO,NO ENCONTRADO,NO ENCONTRADO,NO ENCONTRADO,NO ENCONTRADO,NO ENCONTRADO,NO ENCONTRADO,NO ENCONTRADO,NO ENCONTRADO,FUE-0107,DESCUBIERTO,2026-09-08,2026-09-08,NO ENCONTRADO,tipo: 'compañía de teatro' vs 'organización de artes escénicas (según nómina de fondos)',"PAOCC Compañías de trayectoria 2024 ($116.000.000). Comuna no indicada. Responsable del proyecto «LANZARTE TEATRO» (PAOCC — Compañías de trayectoria de artes escénicas 2024, Compañías de trayectoria). Comuna no indicada en la nómina (solo región)."
COMP-0079,Agrupación de Teatro e Investigación Otro Cuerpo,NO ENCONTRADO,NO ENCONTRADO,Otro Cuerpo,NO ENCONTRADO,NO ENCONTRADO,NO ENCONTRADO,NO ENCONTRADO,valparaiso,NO ENCONTRADO,NO ENCONTRADO,NO ENCONTRADO,compañía de teatro,teatro,NO ENCONTRADO,NO ENCONTRADO,NO ENCONTRADO,NO ENCONTRADO,NO ENCONTRADO,NO ENCONTRADO,"México (Guadalajara, 2022)",NO ENCONTRADO,NO ENCONTRADO,NO ENCONTRADO,NO ENCONTRADO,NO ENCONTRADO,NO ENCONTRADO,NO ENCONTRADO,NO ENCONTRADO,NO ENCONTRADO,NO ENCONTRADO,NO ENCONTRADO,NO ENCONTRADO,NO ENCONTRADO,NO ENCONTRADO,FUE-0119 | FUE-0126,DESCUBIERTO,2026-09-08,2026-09-08,NO ENCONTRADO,NO ENCONTRADO,"Proyecto binacional de accesibilidad para las artes escénicas (2023, Nathalia Denisse Mardones Subiabre); residencia en Guadalajara (2022, Zimri Bani Orellana Rojas). Comuna no indicada."
COMP-0080,Compañía Teatro a la Deriva,NO ENCONTRADO,NO ENCONTRADO,Teatro a la Deriva,valparaiso,Valparaíso,valparaiso,NO ENCONTRADO,valparaiso,NO ENCONTRADO,NO ENCONTRADO,NO ENCONTRADO,compañía de teatro,teatro,NO ENCONTRADO,OBR-0038,El fuego que llevamos dentro. Por la memoria de Nicole Saavedra Bahamondes,NO ENCONTRADO,NO ENCONTRADO,NO ENCONTRADO,NO ENCONTRADO,NO ENCONTRADO,NO ENCONTRADO,NO ENCONTRADO,NO ENCONTRADO,NO ENCONTRADO,NO ENCONTRADO,NO ENCONTRADO,NO ENCONTRADO,NO ENCONTRADO,NO ENCONTRADO,NO ENCONTRADO,NO ENCONTRADO,NO ENCONTRADO,NO ENCONTRADO,FUE-0120 | FUE-0124 | FUE-0117,PARCIAL,2026-09-08,2026-09-08,NO ENCONTRADO,NO ENCONTRADO,"'Intercambio entre la Compañía Teatro a la Deriva de Valparaíso y Red Fábricas de Creación de Barcelona' (2023) y circulación nacional de 'El fuego que llevamos dentro' (2022), responsable Sebastián Eduardo Ayala Alveal."
COMP-0081,Colectivo La Fuga,NO ENCONTRADO,NO ENCONTRADO,NO ENCONTRADO,NO ENCONTRADO,NO ENCONTRADO,NO ENCONTRADO,NO ENCONTRADO,valparaiso,NO ENCONTRADO,NO ENCONTRADO,NO ENCONTRADO,NO ENCONTRADO,NO ENCONTRADO,NO ENCONTRADO,OBR-0039,Polución: Diálogos con Pedro Lemebel,NO ENCONTRADO,NO ENCONTRADO,NO ENCONTRADO,NO ENCONTRADO,NO ENCONTRADO,NO ENCONTRADO,NO ENCONTRADO,NO ENCONTRADO,NO ENCONTRADO,NO ENCONTRADO,NO ENCONTRADO,NO ENCONTRADO,NO ENCONTRADO,NO ENCONTRADO,NO ENCONTRADO,NO ENCONTRADO,NO ENCONTRADO,NO ENCONTRADO,FUE-0117,DESCUBIERTO,2026-09-08,2026-09-08,NO ENCONTRADO,NO ENCONTRADO,"'Remontaje Obra Polución Diálogos con Pedro Lemebel Colectivo La Fuga' (2023, Daniela Paz Núñez González, $12.457.692). Comuna no indicada."
COMP-0082,Compañía de Teatro Fuera de Lugar,Compañía de Teatro Fuera de Lugar Limitada,NO ENCONTRADO,Compañía de Teatro Fuera de Lugar Limitada,NO ENCONTRADO,NO ENCONTRADO,NO ENCONTRADO,NO ENCONTRADO,valparaiso,NO ENCONTRADO,NO ENCONTRADO,NO ENCONTRADO,compañía de teatro,NO ENCONTRADO,NO ENCONTRADO,OBR-0040,En Defensa Propia,NO ENCONTRADO,NO ENCONTRADO,NO ENCONTRADO,NO ENCONTRADO,NO ENCONTRADO,NO ENCONTRADO,FIN-0811,En Defensa Propia,NO ENCONTRADO,NO ENCONTRADO,NO ENCONTRADO,NO ENCONTRADO,NO ENCONTRADO,NO ENCONTRADO,NO ENCONTRADO,NO ENCONTRADO,NO ENCONTRADO,NO ENCONTRADO,FUE-0117,DESCUBIERTO,2026-09-08,2026-09-08,NO ENCONTRADO,tipo: 'compañía de teatro' vs 'organización de artes escénicas (según nómina de fondos)',"'En Defensa Propia' (interdisciplinar 2023, $14.998.491). Comuna no indicada. Responsable del proyecto «En Defensa Propia» (Fondo de Artes Escénicas 2023, Interdisciplinar). Comuna no indicada en la nómina (solo región)."
COMP-0083,Teatro Atota,NO ENCONTRADO,NO ENCONTRADO,NO ENCONTRADO,NO ENCONTRADO,NO ENCONTRADO,NO ENCONTRADO,NO ENCONTRADO,valparaiso,NO ENCONTRADO,NO ENCONTRADO,NO ENCONTRADO,compañía de teatro,NO ENCONTRADO,NO ENCONTRADO,NO ENCONTRADO,NO ENCONTRADO,NO ENCONTRADO,NO ENCONTRADO,NO ENCONTRADO,NO ENCONTRADO,NO ENCONTRADO,NO ENCONTRADO,NO ENCONTRADO,NO ENCONTRADO,NO ENCONTRADO,NO ENCONTRADO,NO ENCONTRADO,NO ENCONTRADO,NO ENCONTRADO,NO ENCONTRADO,NO ENCONTRADO,NO ENCONTRADO,NO ENCONTRADO,NO ENCONTRADO,FUE-0124,DESCUBIERTO,2026-09-08,2026-09-08,NO ENCONTRADO,NO ENCONTRADO,"'Creación página web para compañía Teatro Atota' (Medios de Difusión 2022, responsable Agrupación Cultural, Deportiva, Social, Recreativa, Educacional F.R. Valpo). Comuna no indicada."
COMP-0084,Comparsa de Figurines Zorritos,NO ENCONTRADO,NO ENCONTRADO,NO ENCONTRADO,valparaiso,Valparaíso,valparaiso,Puertas Negras,valparaiso,NO ENCONTRADO,NO ENCONTRADO,NO ENCONTRADO,teatro callejero / comparsa,NO ENCONTRADO,NO ENCONTRADO,NO ENCONTRADO,NO ENCONTRADO,NO ENCONTRADO,NO ENCONTRADO,NO ENCONTRADO,NO ENCONTRADO,NO ENCONTRADO,NO ENCONTRADO,NO ENCONTRADO,NO ENCONTRADO,NO ENCONTRADO,NO ENCONTRADO,NO ENCONTRADO,NO ENCONTRADO,NO ENCONTRADO,NO ENCONTRADO,NO ENCONTRADO,NO ENCONTRADO,NO ENCONTRADO,NO ENCONTRADO,FUE-0117,DESCUBIERTO,2026-09-08,2026-09-08,NO ENCONTRADO,NO ENCONTRADO,"'3ra Versión: Proceso formativo Comparsa de Figurines Zorritos manada de Puertas Negras' (Públicos y comunidades 2023, Mariela Leonor Díaz Rivera). Comuna deducida del sector Puertas Negras (Valparaíso); por confirmar."
COMP-0085,Gabisha Títeres,NO ENCONTRADO,NO ENCONTRADO,NO ENCONTRADO,olmue,Olmué,marga-marga,NO ENCONTRADO,valparaiso,NO ENCONTRADO,NO ENCONTRADO,NO ENCONTRADO,compañía de títeres,titeres,NO ENCONTRADO,NO ENCONTRADO,NO ENCONTRADO,NO ENCONTRADO,NO ENCONTRADO,NO ENCONTRADO,NO ENCONTRADO,FES-0007,Festival Ventolera,NO ENCONTRADO,NO ENCONTRADO,NO ENCONTRADO,NO ENCONTRADO,NO ENCONTRADO,NO ENCONTRADO,NO ENCONTRADO,NO ENCONTRADO,NO ENCONTRADO,NO ENCONTRADO,NO ENCONTRADO,NO ENCONTRADO,FUE-0069,DESCUBIERTO,2026-09-08,2026-09-08,NO ENCONTRADO,NO ENCONTRADO,Creado por referencia desde FES-0007. Participante del IV Festival Ventolera (2024).
COMP-0086,Nina Títeres y Cuentacuentos,NO ENCONTRADO,NO ENCONTRADO,Ninatitiricuenta | Nina Títeres,san-felipe,San Felipe,san-felipe-de-aconcagua,NO ENCONTRADO,valparaiso,NO ENCONTRADO,Nina Legrand,NO ENCONTRADO,compañía de títeres,titeres | narracion-oral | lambe-lambe,"Proyecto de Nina Legrand ('Ninatitiricuenta'), titiritera, cuentacuentos y arteterapeuta comunitaria con más de 20 años de trayectoria en el Valle del Aconcagua: títeres tipo muppet, teatro de objetos, máscaras y lambe lambe; talleres y mediación lectora en escuelas y comunidades (fomento lector, educación emocional, medio ambiente, identidad local).",NO ENCONTRADO,NO ENCONTRADO,NO ENCONTRADO,NO ENCONTRADO,NO ENCONTRADO,NO ENCONTRADO,FES-0007,Festival Ventolera,NO ENCONTRADO,NO ENCONTRADO,NO ENCONTRADO,NO ENCONTRADO,NO ENCONTRADO,NO ENCONTRADO,NO ENCONTRADO,NO ENCONTRADO,NO ENCONTRADO,NO ENCONTRADO,NO ENCONTRADO,NO ENCONTRADO,FUE-0069 | FUE-0169,PARCIAL,2026-09-08,2026-09-08,NO ENCONTRADO,NO ENCONTRADO,Creado por referencia desde FES-0007. Participante del IV Festival Ventolera (2024).
COMP-0087,Compañía Moviendo Hilos,NO ENCONTRADO,NO ENCONTRADO,Moviendo Hilos | Compañía de Marionetas Moviendo Hilos,valparaiso,Valparaíso,valparaiso,NO ENCONTRADO,valparaiso,NO ENCONTRADO,NO ENCONTRADO,NO ENCONTRADO,compañía de títeres,titeres,NO ENCONTRADO,OBR-0092,La Plaza,ESP-0075,Escuela María Leiva de Las Coimas,putaendo,NO ENCONTRADO,FES-0007,Festival Ventolera,NO ENCONTRADO,NO ENCONTRADO,NO ENCONTRADO,NO ENCONTRADO,NO ENCONTRADO,NO ENCONTRADO,NO ENCONTRADO,NO ENCONTRADO,NO ENCONTRADO,NO ENCONTRADO,NO ENCONTRADO,NO ENCONTRADO,FUE-0069 | FUE-0146,PARCIAL,2026-09-08,2026-09-08,NO ENCONTRADO,NO ENCONTRADO,Creado por referencia desde FES-0007. Participante del IV Festival Ventolera (2024). Itinerancia regional 2021 (programa Artes Escénicas Itinerantes Regionales) organizada por Escenalborde.
COMP-0088,Compañía Vilkún de Marionetas,NO ENCONTRADO,NO ENCONTRADO,Vilkún de Marionetas | Vilkún,vina-del-mar,Viña del Mar,valparaiso,NO ENCONTRADO,valparaiso,NO ENCONTRADO,NO ENCONTRADO,NO ENCONTRADO,compañía de títeres,titeres,NO ENCONTRADO,NO ENCONTRADO,NO ENCONTRADO,NO ENCONTRADO,NO ENCONTRADO,NO ENCONTRADO,NO ENCONTRADO,FES-0007,Festival Ventolera,NO ENCONTRADO,NO ENCONTRADO,NO ENCONTRADO,NO ENCONTRADO,NO ENCONTRADO,NO ENCONTRADO,NO ENCONTRADO,NO ENCONTRADO,NO ENCONTRADO,NO ENCONTRADO,NO ENCONTRADO,NO ENCONTRADO,FUE-0069,DESCUBIERTO,2026-09-08,2026-09-08,NO ENCONTRADO,NO ENCONTRADO,Creado por referencia desde FES-0007. Participante del IV Festival Ventolera (2024); la fuente la ubica en 'Viña del Mar – Valparaíso'.
COMP-0089,Títeres Helecho Marionetas,NO ENCONTRADO,NO ENCONTRADO,Helecho Marionetas,vina-del-mar,Viña del Mar,valparaiso,NO ENCONTRADO,valparaiso,NO ENCONTRADO,NO ENCONTRADO,NO ENCONTRADO,compañía de títeres,titeres,NO ENCONTRADO,NO ENCONTRADO,NO ENCONTRADO,NO ENCONTRADO,NO ENCONTRADO,NO ENCONTRADO,NO ENCONTRADO,FES-0007,Festival Ventolera,NO ENCONTRADO,NO ENCONTRADO,NO ENCONTRADO,NO ENCONTRADO,NO ENCONTRADO,NO ENCONTRADO,NO ENCONTRADO,NO ENCONTRADO,NO ENCONTRADO,NO ENCONTRADO,NO ENCONTRADO,NO ENCONTRADO,FUE-0069,DESCUBIERTO,2026-09-08,2026-09-08,NO ENCONTRADO,NO ENCONTRADO,Creado por referencia desde FES-0007. Participante del IV Festival Ventolera (2024).
COMP-0090,Compañía Correquetepillo,NO ENCONTRADO,NO ENCONTRADO,Correquetepillo,valparaiso,Valparaíso,valparaiso,NO ENCONTRADO,valparaiso,NO ENCONTRADO,NO ENCONTRADO,NO ENCONTRADO,compañía de títeres,titeres,NO ENCONTRADO,NO ENCONTRADO,NO ENCONTRADO,NO ENCONTRADO,NO ENCONTRADO,NO ENCONTRADO,NO ENCONTRADO,FES-0007,Festival Ventolera,NO ENCONTRADO,NO ENCONTRADO,NO ENCONTRADO,NO ENCONTRADO,NO ENCONTRADO,NO ENCONTRADO,NO ENCONTRADO,NO ENCONTRADO,NO ENCONTRADO,NO ENCONTRADO,NO ENCONTRADO,NO ENCONTRADO,FUE-0069,DESCUBIERTO,2026-09-08,2026-09-08,NO ENCONTRADO,NO ENCONTRADO,Creado por referencia desde FES-0007. Participante del IV Festival Ventolera (2024).
COMP-0091,Colectivx Escénicx Urgente Delirio,NO ENCONTRADO,NO ENCONTRADO,Urgente Delirio,valparaiso,Valparaíso,valparaiso,NO ENCONTRADO,valparaiso,NO ENCONTRADO,NO ENCONTRADO,NO ENCONTRADO,colectivo de artes escénicas,teatro,NO ENCONTRADO,OBR-0080,Prácticas para un mal dormir,ESP-0064,Valparaíso Profundo,valparaiso,NO ENCONTRADO,FES-0021,Ciudad Teatro,NO ENCONTRADO,NO ENCONTRADO,NO ENCONTRADO,NO ENCONTRADO,NO ENCONTRADO,NO ENCONTRADO,NO ENCONTRADO,NO ENCONTRADO,NO ENCONTRADO,NO ENCONTRADO,NO ENCONTRADO,NO ENCONTRADO,FUE-0136,PARCIAL,2026-09-08,2026-09-08,NO ENCONTRADO,NO ENCONTRADO,"Creado por referencia desde FES-0021. Ciudad Teatro 2026 ('encuentro territorial de teatro porteño'); comuna inferida de ese marco, sede por confirmar."
COMP-0092,MikroEspacio Creativo,NO ENCONTRADO,NO ENCONTRADO,Mikroespacio,valparaiso,Valparaíso,valparaiso,NO ENCONTRADO,valparaiso,NO ENCONTRADO,NO ENCONTRADO,NO ENCONTRADO,colectivo de artes escénicas,NO ENCONTRADO,NO ENCONTRADO,OBR-0081,Tertulias para tomar té: cuando la abuela se perdió y los insectos salieron a buscarla,ESP-0065,Mercado Puerto,valparaiso,NO ENCONTRADO,FES-0021,Ciudad Teatro,NO ENCONTRADO,NO ENCONTRADO,NO ENCONTRADO,NO ENCONTRADO,NO ENCONTRADO,NO ENCONTRADO,NO ENCONTRADO,NO ENCONTRADO,NO ENCONTRADO,NO ENCONTRADO,NO ENCONTRADO,NO ENCONTRADO,FUE-0136,PARCIAL,2026-09-08,2026-09-08,NO ENCONTRADO,NO ENCONTRADO,Creado por referencia desde FES-0021. Ciudad Teatro 2026. Relacionado con el espacio Mikroespacio (Maestranza Barón) y el Punto de Cultura homónimo.
COMP-0093,Espacio Ané,NO ENCONTRADO,NO ENCONTRADO,NO ENCONTRADO,valparaiso,Valparaíso,valparaiso,NO ENCONTRADO,valparaiso,NO ENCONTRADO,NO ENCONTRADO,NO ENCONTRADO,colectivo de artes escénicas,NO ENCONTRADO,NO ENCONTRADO,OBR-0084,Esto es un teatro,ESP-0068,CEAC,valparaiso,NO ENCONTRADO,FES-0021,Ciudad Teatro,NO ENCONTRADO,NO ENCONTRADO,NO ENCONTRADO,NO ENCONTRADO,NO ENCONTRADO,NO ENCONTRADO,NO ENCONTRADO,NO ENCONTRADO,NO ENCONTRADO,NO ENCONTRADO,NO ENCONTRADO,NO ENCONTRADO,FUE-0136,PARCIAL,2026-09-08,2026-09-08,NO ENCONTRADO,NO ENCONTRADO,"Creado por referencia desde FES-0021. Ciudad Teatro 2026 ('Esto es un teatro', CEAC, 15 y 16 de mayo). Comuna inferida del marco; por confirmar si es compañía o espacio."
COMP-0094,Colaboraciones en Distancia,NO ENCONTRADO,NO ENCONTRADO,NO ENCONTRADO,valparaiso,Valparaíso,valparaiso,NO ENCONTRADO,valparaiso,NO ENCONTRADO,NO ENCONTRADO,NO ENCONTRADO,colectivo de artes escénicas,NO ENCONTRADO,NO ENCONTRADO,OBR-0086,Inextinguible,ESP-0053,Centro Cultural IPA,valparaiso,NO ENCONTRADO,FES-0021,Ciudad Teatro,NO ENCONTRADO,NO ENCONTRADO,NO ENCONTRADO,NO ENCONTRADO,NO ENCONTRADO,NO ENCONTRADO,NO ENCONTRADO,NO ENCONTRADO,NO ENCONTRADO,NO ENCONTRADO,NO ENCONTRADO,NO ENCONTRADO,FUE-0136,PARCIAL,2026-09-08,2026-09-08,NO ENCONTRADO,NO ENCONTRADO,"Creado por referencia desde FES-0021. Ciudad Teatro 2026 ('Inextinguible', Centro Cultural IPA, 20 de mayo). Comuna inferida del marco; por confirmar."
COMP-0095,Compañía En Paños Menores,NO ENCONTRADO,NO ENCONTRADO,En Paños Menores,valparaiso,Valparaíso,valparaiso,NO ENCONTRADO,valparaiso,NO ENCONTRADO,NO ENCONTRADO,NO ENCONTRADO,compañía de teatro,teatro,NO ENCONTRADO,OBR-0087,Intoxicadas,ESP-0069,Sala de Artes Escénicas Rodelillo,valparaiso,NO ENCONTRADO,FES-0021,Ciudad Teatro,NO ENCONTRADO,NO ENCONTRADO,NO ENCONTRADO,NO ENCONTRADO,NO ENCONTRADO,NO ENCONTRADO,NO ENCONTRADO,NO ENCONTRADO,NO ENCONTRADO,NO ENCONTRADO,NO ENCONTRADO,NO ENCONTRADO,FUE-0136,PARCIAL,2026-09-08,2026-09-08,NO ENCONTRADO,NO ENCONTRADO,"Creado por referencia desde FES-0021. Ciudad Teatro 2026 ('Intoxicadas', Sala de Artes Escénicas Rodelillo, 23 y 24 de mayo). Comuna inferida del marco; por confirmar."
COMP-0096,Sala Pascal 79,NO ENCONTRADO,NO ENCONTRADO,NO ENCONTRADO,valparaiso,Valparaíso,valparaiso,NO ENCONTRADO,valparaiso,NO ENCONTRADO,NO ENCONTRADO,NO ENCONTRADO,organización cultural (sala y productora de ciclos),NO ENCONTRADO,NO ENCONTRADO,NO ENCONTRADO,NO ENCONTRADO,NO ENCONTRADO,NO ENCONTRADO,NO ENCONTRADO,NO ENCONTRADO,NO ENCONTRADO,NO ENCONTRADO,FIN-1083,Ciudad Teatro 2026,NO ENCONTRADO,NO ENCONTRADO,NO ENCONTRADO,NO ENCONTRADO,NO ENCONTRADO,NO ENCONTRADO,NO ENCONTRADO,NO ENCONTRADO,NO ENCONTRADO,NO ENCONTRADO,FUE-0136,DESCUBIERTO,2026-09-08,2026-09-08,NO ENCONTRADO,NO ENCONTRADO,Organiza Ciudad Teatro 2026 con financiamiento PAOCC. Registrada también como espacio (ESP).
COMP-0097,Compañía de Teatro Experimental La Sutil,NO ENCONTRADO,NO ENCONTRADO,La Sutil,papudo,Papudo,petorca,NO ENCONTRADO,valparaiso,NO ENCONTRADO,NO ENCONTRADO,NO ENCONTRADO,compañía de teatro,teatro-experimental,NO ENCONTRADO,NO ENCONTRADO,NO ENCONTRADO,ESP-0071,Centro Cultural de La Calera,la-calera,NO ENCONTRADO,FES-0038,Trenzando Puntos de Fuga,NO ENCONTRADO,NO ENCONTRADO,NO ENCONTRADO,NO ENCONTRADO,NO ENCONTRADO,NO ENCONTRADO,NO ENCONTRADO,NO ENCONTRADO,NO ENCONTRADO,NO ENCONTRADO,NO ENCONTRADO,NO ENCONTRADO,FUE-0140,DESCUBIERTO,2026-09-08,2026-09-08,NO ENCONTRADO,NO ENCONTRADO,"Creado por referencia desde FES-0038. De la Fundación Casa Abedul (Papudo). Presentó teatro en Puntos de Fuga, La Calera, 5 de septiembre de 2026 (obra no indicada)."
COMP-0098,Fundación Casa Abedul,NO ENCONTRADO,NO ENCONTRADO,NO ENCONTRADO,papudo,Papudo,petorca,NO ENCONTRADO,valparaiso,NO ENCONTRADO,NO ENCONTRADO,NO ENCONTRADO,organización cultural,NO ENCONTRADO,NO ENCONTRADO,NO ENCONTRADO,NO ENCONTRADO,NO ENCONTRADO,NO ENCONTRADO,NO ENCONTRADO,NO ENCONTRADO,NO ENCONTRADO,NO ENCONTRADO,NO ENCONTRADO,NO ENCONTRADO,NO ENCONTRADO,NO ENCONTRADO,NO ENCONTRADO,NO ENCONTRADO,NO ENCONTRADO,NO ENCONTRADO,NO ENCONTRADO,NO ENCONTRADO,NO ENCONTRADO,NO ENCONTRADO,FUE-0140,DESCUBIERTO,2026-09-08,2026-09-08,NO ENCONTRADO,NO ENCONTRADO,Alberga a la Compañía de Teatro Experimental La Sutil.
COMP-0099,Compañía de Teatro Puquigre,Grupo de Teatro Cultural y Social Puquigre,NO ENCONTRADO,PUQUIGRE,puchuncavi,Puchuncaví,valparaiso,NO ENCONTRADO,valparaiso,1982,NO ENCONTRADO,NO ENCONTRADO,teatro comunitario,teatro-comunitario,NO ENCONTRADO,OBR-0091,La Mariita,NO ENCONTRADO,NO ENCONTRADO,puchuncavi,NO ENCONTRADO,NO ENCONTRADO,NO ENCONTRADO,NO ENCONTRADO,NO ENCONTRADO,NO ENCONTRADO,NO ENCONTRADO,NO ENCONTRADO,NO ENCONTRADO,NO ENCONTRADO,NO ENCONTRADO,NO ENCONTRADO,NO ENCONTRADO,NO ENCONTRADO,NO ENCONTRADO,FUE-0141 | FUE-0142 | FUE-0143,PARCIAL,2026-09-08,2026-09-08,NO ENCONTRADO,NO ENCONTRADO,"Agrupación de vecinos de Puchuncaví, Quintero y La Greda; 35 años de vida según nota municipal (sin fecha visible); '35 años' y 'desde 1982' según resúmenes del buscador de páginas municipales: año de creación por confirmar directamente. Unos 15 integrantes estables según el buscador. Funciones de 'La Mariita' en el Gimnasio Municipal de Puchuncaví y en la sede Caracol de Horcón."
COMP-0100,Abisal,NO ENCONTRADO,NO ENCONTRADO,Productora Abisal,NO ENCONTRADO,NO ENCONTRADO,NO ENCONTRADO,NO ENCONTRADO,valparaiso,NO ENCONTRADO,Bárbara Pestan,NO ENCONTRADO,productora teatral,teatro,NO ENCONTRADO,OBR-0060,Terrapolis,ESP-0021 | ESP-0076 | ESP-0002 | ESP-0012,Sala Insomnia Teatro Condell | Casino de funcionarios de la Biblioteca Municipal de Quintero | Centro Cultural San Antonio | Centro Cultural Camilo Mori,valparaiso | quintero | san-antonio | el-quisco,Región Metropolitana (Santiago) | Región del Biobío (Concepción),NO ENCONTRADO,NO ENCONTRADO,NO ENCONTRADO,NO ENCONTRADO,NO ENCONTRADO,NO ENCONTRADO,NO ENCONTRADO,NO ENCONTRADO,NO ENCONTRADO,NO ENCONTRADO,NO ENCONTRADO,NO ENCONTRADO,NO ENCONTRADO,NO ENCONTRADO,FUE-0144 | FUE-0145,DESCUBIERTO,2026-09-08,2026-09-08,NO ENCONTRADO,NO ENCONTRADO,Productora de 'Terrapolis'. Comuna de sede no indicada.
COMP-0101,Red de Espacios Culturales de la Región de Valparaíso,NO ENCONTRADO,NO ENCONTRADO,REC Valparaíso | Red Ramal Cultural,NO ENCONTRADO,NO ENCONTRADO,NO ENCONTRADO,NO ENCONTRADO,valparaiso,NO ENCONTRADO,NO ENCONTRADO,NO ENCONTRADO,red de espacios culturales,NO ENCONTRADO,NO ENCONTRADO,NO ENCONTRADO,NO ENCONTRADO,NO ENCONTRADO,NO ENCONTRADO,NO ENCONTRADO,NO ENCONTRADO,NO ENCONTRADO,NO ENCONTRADO,NO ENCONTRADO,NO ENCONTRADO,https://www.instagram.com/rec_regvalparaiso/,NO ENCONTRADO,NO ENCONTRADO,NO ENCONTRADO,NO ENCONTRADO,NO ENCONTRADO,NO ENCONTRADO,NO ENCONTRADO,NO ENCONTRADO,NO ENCONTRADO,FUE-0140 | FUE-0153,DESCUBIERTO,2026-09-08,2026-09-08,NO ENCONTRADO,NO ENCONTRADO,"Fundada en 2014 en el marco de Red Cultura; agrupa 34 espacios en cinco territorios (Ramal, Valle del Aconcagua, Viña del Mar, Valparaíso, Litoral de los Poetas) según su Instagram. La 'Red Ramal Cultural' organiza Puntos de Fuga; su relación exacta con la REC queda por confirmar."
COMP-0102,Centro Cultural Alejandro Castro,NO ENCONTRADO,NO ENCONTRADO,CCAC,quintero,Quintero,valparaiso,NO ENCONTRADO,valparaiso,NO ENCONTRADO,NO ENCONTRADO,NO ENCONTRADO,organización cultural,NO ENCONTRADO,NO ENCONTRADO,NO ENCONTRADO,NO ENCONTRADO,NO ENCONTRADO,NO ENCONTRADO,NO ENCONTRADO,NO ENCONTRADO,NO ENCONTRADO,NO ENCONTRADO,NO ENCONTRADO,NO ENCONTRADO,https://www.instagram.com/ccac_2821/,https://www.facebook.com/CCAC2021/,NO ENCONTRADO,NO ENCONTRADO,NO ENCONTRADO,NO ENCONTRADO,NO ENCONTRADO,https://ccac.resistencias.net/,NO ENCONTRADO,NO ENCONTRADO,FUE-0152 | FUE-0145,PARCIAL,2026-09-08,2026-09-08,NO ENCONTRADO,NO ENCONTRADO,Centro comunitario en homenaje a un activista ambiental de la bahía; colaboró en la exhibición de 'Terrapolis' en Quintero. Comuna según Culturizarte (resumen del buscador); el sitio propio no la indica.
COMP-0103,Fundación Municipal de Cultura de Zapallar,NO ENCONTRADO,NO ENCONTRADO,Fundación Cultural Zapallar,zapallar,Zapallar,petorca,NO ENCONTRADO,valparaiso,NO ENCONTRADO,NO ENCONTRADO,NO ENCONTRADO,organización cultural,NO ENCONTRADO,NO ENCONTRADO,NO ENCONTRADO,NO ENCONTRADO,NO ENCONTRADO,NO ENCONTRADO,NO ENCONTRADO,NO ENCONTRADO,NO ENCONTRADO,NO ENCONTRADO,NO ENCONTRADO,NO ENCONTRADO,https://www.instagram.com/culturazapallar/,NO ENCONTRADO,NO ENCONTRADO,NO ENCONTRADO,NO ENCONTRADO,NO ENCONTRADO,NO ENCONTRADO,NO ENCONTRADO,NO ENCONTRADO,NO ENCONTRADO,FUE-0149 | FUE-0151,PARCIAL,2026-09-08,2026-09-08,NO ENCONTRADO,NO ENCONTRADO,"Institución privada sin fines de lucro (Registro Ley 19.862, RUT 65.161.461-9); administra el Teatro de Zapallar."
COMP-0104,Teatro AlmaZen,NO ENCONTRADO,NO ENCONTRADO,Teatro AlmaZen de Con Con,concon,Concón,valparaiso,NO ENCONTRADO,valparaiso,NO ENCONTRADO,NO ENCONTRADO,NO ENCONTRADO,compañía de teatro,teatro-familiar,NO ENCONTRADO,OBR-0094,El Principito,ESP-0016,Centro Cultural Leopoldo Silva Reynoard,quillota,NO ENCONTRADO,FES-0041,Ciclo de Teatro Familiar de Quillota,NO ENCONTRADO,NO ENCONTRADO,NO ENCONTRADO,NO ENCONTRADO,NO ENCONTRADO,NO ENCONTRADO,NO ENCONTRADO,NO ENCONTRADO,NO ENCONTRADO,NO ENCONTRADO,NO ENCONTRADO,NO ENCONTRADO,FUE-0156,PARCIAL,2026-09-08,2026-09-08,NO ENCONTRADO,NO ENCONTRADO,Creado por referencia desde FES-0041. Figura como 'Teatro AlmaZen de Con Con' en el Ciclo de Teatro Familiar de Quillota (2019).
COMP-0105,Proyectico Títeres Educativos,NO ENCONTRADO,NO ENCONTRADO,NO ENCONTRADO,NO ENCONTRADO,NO ENCONTRADO,NO ENCONTRADO,NO ENCONTRADO,valparaiso,NO ENCONTRADO,NO ENCONTRADO,NO ENCONTRADO,compañía de títeres,titeres,NO ENCONTRADO,OBR-0095,Tico y la Piedra Mágica,ESP-0016,Centro Cultural Leopoldo Silva Reynoard,quillota,NO ENCONTRADO,FES-0041,Ciclo de Teatro Familiar de Quillota,NO ENCONTRADO,NO ENCONTRADO,NO ENCONTRADO,NO ENCONTRADO,NO ENCONTRADO,NO ENCONTRADO,NO ENCONTRADO,NO ENCONTRADO,NO ENCONTRADO,NO ENCONTRADO,NO ENCONTRADO,NO ENCONTRADO,FUE-0156,DESCUBIERTO,2026-09-08,2026-09-08,NO ENCONTRADO,NO ENCONTRADO,Creado por referencia desde FES-0041. Ciclo de Teatro Familiar de Quillota (2019). Comuna de sede no indicada.
COMP-0106,Cía. Manga de Fracasados,NO ENCONTRADO,NO ENCONTRADO,Manga de Fracasados,NO ENCONTRADO,NO ENCONTRADO,NO ENCONTRADO,NO ENCONTRADO,valparaiso,NO ENCONTRADO,NO ENCONTRADO,NO ENCONTRADO,compañía de clown,clown,NO ENCONTRADO,OBR-0096,Día de Mierclown,ESP-0016,Centro Cultural Leopoldo Silva Reynoard,quillota,NO ENCONTRADO,FES-0041,Ciclo de Teatro Familiar de Quillota,NO ENCONTRADO,NO ENCONTRADO,NO ENCONTRADO,NO ENCONTRADO,NO ENCONTRADO,NO ENCONTRADO,NO ENCONTRADO,NO ENCONTRADO,NO ENCONTRADO,NO ENCONTRADO,NO ENCONTRADO,NO ENCONTRADO,FUE-0156,DESCUBIERTO,2026-09-08,2026-09-08,NO ENCONTRADO,NO ENCONTRADO,Creado por referencia desde FES-0041. Ciclo de Teatro Familiar de Quillota (2019). Comuna de sede no indicada.
COMP-0107,Los Teatristas,NO ENCONTRADO,NO ENCONTRADO,NO ENCONTRADO,NO ENCONTRADO,NO ENCONTRADO,NO ENCONTRADO,NO ENCONTRADO,valparaiso,NO ENCONTRADO,NO ENCONTRADO,NO ENCONTRADO,compañía de teatro,teatro-familiar,NO ENCONTRADO,OBR-0097,"El perro, la pulga y Robi salvan el río",NO ENCONTRADO,NO ENCONTRADO,los-andes,NO ENCONTRADO,NO ENCONTRADO,NO ENCONTRADO,NO ENCONTRADO,NO ENCONTRADO,NO ENCONTRADO,NO ENCONTRADO,NO ENCONTRADO,NO ENCONTRADO,NO ENCONTRADO,NO ENCONTRADO,NO ENCONTRADO,NO ENCONTRADO,NO ENCONTRADO,NO ENCONTRADO,FUE-0157,DESCUBIERTO,2026-09-08,2026-09-08,NO ENCONTRADO,NO ENCONTRADO,Comuna de sede no indicada. Funciones escolares en cinco colegios básicos de Los Andes (fechas exactas no publicadas).
COMP-0108,Teatro Profesional Onirus,NO ENCONTRADO,NO ENCONTRADO,Onirus,NO ENCONTRADO,NO ENCONTRADO,NO ENCONTRADO,NO ENCONTRADO,valparaiso,NO ENCONTRADO,Horacio Videla,NO ENCONTRADO,compañía de teatro callejero,teatro-callejero,NO ENCONTRADO,OBR-0098,Alas de fuego,NO ENCONTRADO,NO ENCONTRADO,rinconada,NO ENCONTRADO,FES-0042,Teatro a Mil en la Región de Valparaíso,NO ENCONTRADO,NO ENCONTRADO,NO ENCONTRADO,NO ENCONTRADO,NO ENCONTRADO,NO ENCONTRADO,NO ENCONTRADO,NO ENCONTRADO,NO ENCONTRADO,NO ENCONTRADO,NO ENCONTRADO,NO ENCONTRADO,FUE-0158,DESCUBIERTO,2026-09-08,2026-09-08,NO ENCONTRADO,NO ENCONTRADO,Presentó 'Alas de fuego' en Rinconada el 24 de enero de 2016 en el circuito de Teatro a Mil. Comuna y región de origen no indicadas.
COMP-0109,Taller Municipal de Teatro de Quillota,NO ENCONTRADO,NO ENCONTRADO,Taller de Teatro Municipal de Quillota | TMT Quillota,quillota,Quillota,quillota,NO ENCONTRADO,valparaiso,NO ENCONTRADO,NO ENCONTRADO,NO ENCONTRADO,taller municipal de teatro,teatro-comunitario,NO ENCONTRADO,OBR-0100,La Remolienda,ESP-0016,Centro Cultural Leopoldo Silva Reynoard,NO ENCONTRADO,NO ENCONTRADO,NO ENCONTRADO,NO ENCONTRADO,NO ENCONTRADO,NO ENCONTRADO,NO ENCONTRADO,NO ENCONTRADO,NO ENCONTRADO,NO ENCONTRADO,NO ENCONTRADO,NO ENCONTRADO,NO ENCONTRADO,NO ENCONTRADO,NO ENCONTRADO,NO ENCONTRADO,FUE-0159 | FUE-0160,PARCIAL,2026-09-08,2026-09-08,NO ENCONTRADO,NO ENCONTRADO,"Grupos adolescentes, juvenil-adulto y adulto mayor; seminario 'Voz para la escena teatral' con Pablo Valencia (3 al 15 de septiembre de 2025); montajes finales anuales."
COMP-0110,Carro Nómade,NO ENCONTRADO,NO ENCONTRADO,NO ENCONTRADO,NO ENCONTRADO,NO ENCONTRADO,NO ENCONTRADO,NO ENCONTRADO,valparaiso,NO ENCONTRADO,NO ENCONTRADO,NO ENCONTRADO,compañía de teatro,NO ENCONTRADO,NO ENCONTRADO,OBR-0107,El monólogo de un árbol,NO ENCONTRADO,NO ENCONTRADO,san-antonio,NO ENCONTRADO,FES-0002,Festival Litoral Teatral,NO ENCONTRADO,NO ENCONTRADO,NO ENCONTRADO,NO ENCONTRADO,NO ENCONTRADO,NO ENCONTRADO,NO ENCONTRADO,NO ENCONTRADO,NO ENCONTRADO,NO ENCONTRADO,NO ENCONTRADO,NO ENCONTRADO,FUE-0167 | FUE-0063,DESCUBIERTO,2026-09-08,2026-09-08,NO ENCONTRADO,NO ENCONTRADO,Creado por referencia desde FES-0002. Festival Litoral Teatral 2024. Comuna de sede no indicada.
COMP-0111,Compañía Oreja Roja,NO ENCONTRADO,NO ENCONTRADO,Oreja Roja,NO ENCONTRADO,NO ENCONTRADO,NO ENCONTRADO,NO ENCONTRADO,valparaiso,NO ENCONTRADO,NO ENCONTRADO,NO ENCONTRADO,compañía de teatro,NO ENCONTRADO,NO ENCONTRADO,OBR-0108,Cartas para que no me olvides,NO ENCONTRADO,NO ENCONTRADO,san-antonio,NO ENCONTRADO,FES-0002,Festival Litoral Teatral,NO ENCONTRADO,NO ENCONTRADO,NO ENCONTRADO,NO ENCONTRADO,NO ENCONTRADO,NO ENCONTRADO,NO ENCONTRADO,NO ENCONTRADO,NO ENCONTRADO,NO ENCONTRADO,NO ENCONTRADO,NO ENCONTRADO,FUE-0167 | FUE-0063,DESCUBIERTO,2026-09-08,2026-09-08,NO ENCONTRADO,NO ENCONTRADO,Creado por referencia desde FES-0002. Festival Litoral Teatral 2024. Comuna de sede no indicada.
COMP-0112,Compañía Aranwa,NO ENCONTRADO,NO ENCONTRADO,Aranwa,NO ENCONTRADO,NO ENCONTRADO,NO ENCONTRADO,NO ENCONTRADO,valparaiso,NO ENCONTRADO,NO ENCONTRADO,NO ENCONTRADO,compañía de teatro,NO ENCONTRADO,NO ENCONTRADO,OBR-0111,En bañador,NO ENCONTRADO,NO ENCONTRADO,san-antonio,NO ENCONTRADO,FES-0002,Festival Litoral Teatral,NO ENCONTRADO,NO ENCONTRADO,NO ENCONTRADO,NO ENCONTRADO,NO ENCONTRADO,NO ENCONTRADO,NO ENCONTRADO,NO ENCONTRADO,NO ENCONTRADO,NO ENCONTRADO,NO ENCONTRADO,NO ENCONTRADO,FUE-0167 | FUE-0063,DESCUBIERTO,2026-09-08,2026-09-08,NO ENCONTRADO,NO ENCONTRADO,Creado por referencia desde FES-0002. Festival Litoral Teatral 2024. Comuna de sede no indicada.
COMP-0113,Saltimbanqui Circus,NO ENCONTRADO,NO ENCONTRADO,Circo Saltimbanqui,NO ENCONTRADO,NO ENCONTRADO,NO ENCONTRADO,NO ENCONTRADO,valparaiso,NO ENCONTRADO,NO ENCONTRADO,NO ENCONTRADO,compañía de circo,circo,NO ENCONTRADO,NO ENCONTRADO,NO ENCONTRADO,ESP-0081,Junta de Vecinos San Juan de Llolleo,san-antonio,NO ENCONTRADO,FES-0002,Festival Litoral Teatral,NO ENCONTRADO,NO ENCONTRADO,NO ENCONTRADO,NO ENCONTRADO,NO ENCONTRADO,NO ENCONTRADO,NO ENCONTRADO,NO ENCONTRADO,NO ENCONTRADO,NO ENCONTRADO,NO ENCONTRADO,NO ENCONTRADO,FUE-0167 | FUE-0063,DESCUBIERTO,2026-09-08,2026-09-08,NO ENCONTRADO,NO ENCONTRADO,"Creado por referencia desde FES-0002. Festival Litoral Teatral 2026 (26 de abril, JJVV San Juan de Llolleo). Comuna de sede no indicada."
COMP-0114,Teatro El Ojo,NO ENCONTRADO,NO ENCONTRADO,NO ENCONTRADO,NO ENCONTRADO,NO ENCONTRADO,NO ENCONTRADO,NO ENCONTRADO,valparaiso,NO ENCONTRADO,NO ENCONTRADO,NO ENCONTRADO,compañía de teatro,NO ENCONTRADO,NO ENCONTRADO,OBR-0100,La Remolienda,NO ENCONTRADO,NO ENCONTRADO,san-antonio,NO ENCONTRADO,FES-0002,Festival Litoral Teatral,NO ENCONTRADO,NO ENCONTRADO,NO ENCONTRADO,NO ENCONTRADO,NO ENCONTRADO,NO ENCONTRADO,NO ENCONTRADO,NO ENCONTRADO,NO ENCONTRADO,NO ENCONTRADO,NO ENCONTRADO,NO ENCONTRADO,FUE-0167 | FUE-0063,DESCUBIERTO,2026-09-08,2026-09-08,NO ENCONTRADO,NO ENCONTRADO,Creado por referencia desde FES-0002. Obra de cierre del Festival Litoral Teatral 2026. Comuna de sede no indicada.
COMP-0115,The Magic Show,NO ENCONTRADO,NO ENCONTRADO,The Magic Show Títeres y Marionetas,los-andes,Los Andes,los-andes,NO ENCONTRADO,valparaiso,NO ENCONTRADO,Hugo Hernández Urtubia,NO ENCONTRADO,NO ENCONTRADO,NO ENCONTRADO,NO ENCONTRADO,NO ENCONTRADO,NO ENCONTRADO,NO ENCONTRADO,NO ENCONTRADO,NO ENCONTRADO,NO ENCONTRADO,NO ENCONTRADO,NO ENCONTRADO,NO ENCONTRADO,NO ENCONTRADO,NO ENCONTRADO,NO ENCONTRADO,NO ENCONTRADO,NO ENCONTRADO,NO ENCONTRADO,NO ENCONTRADO,NO ENCONTRADO,NO ENCONTRADO,NO ENCONTRADO,NO ENCONTRADO,FUE-0169,PARCIAL,2026-09-08,2026-09-08,NO ENCONTRADO,NO ENCONTRADO,"Marionetas de hilo, títeres de guante y figuras de gran formato; espectáculos musicales principalmente para infancias; su creador se perfeccionó en Barcelona (El Trabajo, 22 de marzo de 2026)."
COMP-0116,Experimento Pierrot,NO ENCONTRADO,NO ENCONTRADO,NO ENCONTRADO,valparaiso,Valparaíso,valparaiso,NO ENCONTRADO,valparaiso,NO ENCONTRADO,NO ENCONTRADO,NO ENCONTRADO,compañía de teatro,NO ENCONTRADO,NO ENCONTRADO,OBR-0120,Contrapunto para dos voces cansadas,ESP-0003,Parque Cultural de Valparaíso,valparaiso,NO ENCONTRADO,FES-0047,Mes del Teatro en la Región de Valparaíso 2022,NO ENCONTRADO,NO ENCONTRADO,NO ENCONTRADO,NO ENCONTRADO,NO ENCONTRADO,NO ENCONTRADO,NO ENCONTRADO,NO ENCONTRADO,NO ENCONTRADO,NO ENCONTRADO,NO ENCONTRADO,NO ENCONTRADO,FUE-0175,PARCIAL,2026-09-08,2026-09-08,NO ENCONTRADO,NO ENCONTRADO,"Creado por referencia desde FES-0047. Mes del Teatro 2022 (Parque Cultural, 13 de mayo)."
COMP-0117,Abrapalabra,NO ENCONTRADO,NO ENCONTRADO,NO ENCONTRADO,NO ENCONTRADO,NO ENCONTRADO,NO ENCONTRADO,NO ENCONTRADO,valparaiso,NO ENCONTRADO,NO ENCONTRADO,NO ENCONTRADO,compañía de teatro,NO ENCONTRADO,NO ENCONTRADO,OBR-0121,Yo soy un oso,NO ENCONTRADO,NO ENCONTRADO,NO ENCONTRADO,NO ENCONTRADO,FES-0047,Mes del Teatro en la Región de Valparaíso 2022,NO ENCONTRADO,NO ENCONTRADO,NO ENCONTRADO,NO ENCONTRADO,NO ENCONTRADO,NO ENCONTRADO,NO ENCONTRADO,NO ENCONTRADO,NO ENCONTRADO,NO ENCONTRADO,NO ENCONTRADO,NO ENCONTRADO,FUE-0175,DESCUBIERTO,2026-09-08,2026-09-08,NO ENCONTRADO,NO ENCONTRADO,"Creado por referencia desde FES-0047. 'Yo soy un oso' junto a OANI (Parque Cultural, 15 de mayo de 2022). Comuna no indicada."
COMP-0118,Ankalli Artes Escénicas,NO ENCONTRADO,NO ENCONTRADO,Ankalli,NO ENCONTRADO,NO ENCONTRADO,NO ENCONTRADO,NO ENCONTRADO,valparaiso,NO ENCONTRADO,NO ENCONTRADO,NO ENCONTRADO,compañía de teatro,NO ENCONTRADO,NO ENCONTRADO,OBR-0122,Vino por la causa,ESP-0022,Centro Cultural Gabriela Mistral,villa-alemana,NO ENCONTRADO,FES-0047,Mes del Teatro en la Región de Valparaíso 2022,NO ENCONTRADO,NO ENCONTRADO,NO ENCONTRADO,NO ENCONTRADO,NO ENCONTRADO,NO ENCONTRADO,NO ENCONTRADO,NO ENCONTRADO,NO ENCONTRADO,NO ENCONTRADO,NO ENCONTRADO,NO ENCONTRADO,FUE-0175,DESCUBIERTO,2026-09-08,2026-09-08,NO ENCONTRADO,NO ENCONTRADO,"Creado por referencia desde FES-0047. Mes del Teatro 2022 (CC Gabriela Mistral, Villa Alemana, 15 de mayo). Comuna de sede no indicada."
COMP-0119,Soporte Corporal,NO ENCONTRADO,NO ENCONTRADO,NO ENCONTRADO,NO ENCONTRADO,NO ENCONTRADO,NO ENCONTRADO,NO ENCONTRADO,valparaiso,NO ENCONTRADO,NO ENCONTRADO,NO ENCONTRADO,compañía de teatro,NO ENCONTRADO,NO ENCONTRADO,OBR-0124,Inusual… Mundo autista,ESP-0054,Centex — Centro de Extensión del Ministerio de las Culturas,valparaiso,NO ENCONTRADO,FES-0047,Mes del Teatro en la Región de Valparaíso 2022,NO ENCONTRADO,NO ENCONTRADO,NO ENCONTRADO,NO ENCONTRADO,NO ENCONTRADO,NO ENCONTRADO,NO ENCONTRADO,NO ENCONTRADO,NO ENCONTRADO,NO ENCONTRADO,NO ENCONTRADO,NO ENCONTRADO,FUE-0175,DESCUBIERTO,2026-09-08,2026-09-08,NO ENCONTRADO,NO ENCONTRADO,"Creado por referencia desde FES-0047. Mes del Teatro 2022 (Centex, 14 de mayo, gratuita con inscripción). Comuna de sede no indicada."
COMP-0120,Ucronia Teatral,NO ENCONTRADO,NO ENCONTRADO,NO ENCONTRADO,concon,Concón,valparaiso,NO ENCONTRADO,valparaiso,NO ENCONTRADO,NO ENCONTRADO,NO ENCONTRADO,compañía de teatro,teatro,NO ENCONTRADO,OBR-0118,Concón el Regreso,ESP-0083,Patio de los Copihues — Iglesia Nuestra Señora de Las Mercedes,concon,NO ENCONTRADO,NO ENCONTRADO,NO ENCONTRADO,NO ENCONTRADO,NO ENCONTRADO,NO ENCONTRADO,NO ENCONTRADO,NO ENCONTRADO,NO ENCONTRADO,NO ENCONTRADO,NO ENCONTRADO,NO ENCONTRADO,NO ENCONTRADO,NO ENCONTRADO,NO ENCONTRADO,FUE-0173,DESCUBIERTO,2026-09-08,2026-09-08,NO ENCONTRADO,NO ENCONTRADO,Descrita como compañía local de Concón por el directorio turístico regional.
COMP-0121,Teatro Estrella Solitaria,NO ENCONTRADO,NO ENCONTRADO,NO ENCONTRADO,quillota,Quillota,quillota,NO ENCONTRADO,valparaiso,NO ENCONTRADO,NO ENCONTRADO,NO ENCONTRADO,compañía de teatro,NO ENCONTRADO,NO ENCONTRADO,OBR-0119,El delantal blanco,NO ENCONTRADO,NO ENCONTRADO,NO ENCONTRADO,NO ENCONTRADO,NO ENCONTRADO,NO ENCONTRADO,NO ENCONTRADO,NO ENCONTRADO,NO ENCONTRADO,NO ENCONTRADO,NO ENCONTRADO,NO ENCONTRADO,NO ENCONTRADO,NO ENCONTRADO,NO ENCONTRADO,NO ENCONTRADO,NO ENCONTRADO,NO ENCONTRADO,FUE-0174,DESCUBIERTO,2026-09-08,2026-09-08,NO ENCONTRADO,NO ENCONTRADO,Grupo quillotano citado por Ivo Herrera (2019) con una versión de 'El delantal blanco' en 2015.
COMP-0122,Teatro La Feria,NO ENCONTRADO,NO ENCONTRADO,NO ENCONTRADO,quillota,Quillota,quillota,NO ENCONTRADO,valparaiso,NO ENCONTRADO,NO ENCONTRADO,NO ENCONTRADO,compañía de teatro,NO ENCONTRADO,NO ENCONTRADO,NO ENCONTRADO,NO ENCONTRADO,NO ENCONTRADO,NO ENCONTRADO,NO ENCONTRADO,NO ENCONTRADO,NO ENCONTRADO,NO ENCONTRADO,NO ENCONTRADO,NO ENCONTRADO,NO ENCONTRADO,NO ENCONTRADO,NO ENCONTRADO,NO ENCONTRADO,NO ENCONTRADO,NO ENCONTRADO,NO ENCONTRADO,NO ENCONTRADO,NO ENCONTRADO,NO ENCONTRADO,FUE-0174,DESCUBIERTO,2026-09-08,2026-09-08,NO ENCONTRADO,NO ENCONTRADO,Grupo citado en la memoria teatral quillotana (2019); Marcos Rojo trabajó con él. Actividad por confirmar.
COMP-0123,Taller de Teatro Municipal de Quillota (Talymel),NO ENCONTRADO,NO ENCONTRADO,Talymel,quillota,Quillota,quillota,NO ENCONTRADO,valparaiso,NO ENCONTRADO,Juan Toro,NO ENCONTRADO,taller municipal de teatro,NO ENCONTRADO,NO ENCONTRADO,NO ENCONTRADO,NO ENCONTRADO,NO ENCONTRADO,NO ENCONTRADO,NO ENCONTRADO,NO ENCONTRADO,NO ENCONTRADO,NO ENCONTRADO,NO ENCONTRADO,NO ENCONTRADO,NO ENCONTRADO,NO ENCONTRADO,NO ENCONTRADO,NO ENCONTRADO,NO ENCONTRADO,NO ENCONTRADO,NO ENCONTRADO,NO ENCONTRADO,NO ENCONTRADO,NO ENCONTRADO,FUE-0174,DESCUBIERTO,2026-09-08,2026-09-08,NO ENCONTRADO,NO ENCONTRADO,Citado por Ivo Herrera (2019) con Juan Toro como director; posible antecedente del actual Taller Municipal de Teatro de Quillota (por confirmar).
COMP-0124,Laboratorio Anatomía Teatral,NO ENCONTRADO,NO ENCONTRADO,NO ENCONTRADO,valparaiso,Valparaíso,valparaiso,NO ENCONTRADO,valparaiso,NO ENCONTRADO,Claudio Rodríguez,NO ENCONTRADO,compañía de teatro / organización de artes escénicas,teatro,NO ENCONTRADO,NO ENCONTRADO,NO ENCONTRADO,NO ENCONTRADO,NO ENCONTRADO,NO ENCONTRADO,NO ENCONTRADO,FES-0046,Festival Síntesis Teatral,NO ENCONTRADO,NO ENCONTRADO,NO ENCONTRADO,NO ENCONTRADO,NO ENCONTRADO,NO ENCONTRADO,NO ENCONTRADO,NO ENCONTRADO,NO ENCONTRADO,https://www.laboratorioanatomiateatral.cl/,NO ENCONTRADO,NO ENCONTRADO,FUE-0177 | FUE-0176,PARCIAL,2026-09-08,2026-09-08,NO ENCONTRADO,NO ENCONTRADO,Organiza el Festival Síntesis Teatral desde 2016. Comuna según sede del festival (Valparaíso); por confirmar.
COMP-0125,Colectivo Artístico Lírica Disidente,NO ENCONTRADO,NO ENCONTRADO,NO ENCONTRADO,NO ENCONTRADO,NO ENCONTRADO,NO ENCONTRADO,NO ENCONTRADO,valparaiso,NO ENCONTRADO,NO ENCONTRADO,NO ENCONTRADO,colectivo de ópera,opera,NO ENCONTRADO,OBR-0134,La Traviata (Lírica Disidente),NO ENCONTRADO,NO ENCONTRADO,vina-del-mar,NO ENCONTRADO,NO ENCONTRADO,NO ENCONTRADO,NO ENCONTRADO,NO ENCONTRADO,NO ENCONTRADO,NO ENCONTRADO,NO ENCONTRADO,NO ENCONTRADO,NO ENCONTRADO,NO ENCONTRADO,NO ENCONTRADO,NO ENCONTRADO,NO ENCONTRADO,NO ENCONTRADO,FUE-0180,DESCUBIERTO,2026-09-08,2026-09-08,NO ENCONTRADO,NO ENCONTRADO,"Nueva puesta en escena de 'La Traviata' (Verdi) en el Teatro Municipal de Viña del Mar, octubre de 2026, con Tabita Martínez, Roberto Berner y Rodrigo Quinteros. Comuna de sede no indicada."
