id,proyecto,organizacion,persona,fondo,linea,monto,anio,comuna,comuna_nombre,provincia,disciplina,descripcion,resultado,folio,compania,compania_nombre,fuentes,estado,fecha_descubrimiento,fecha_ultima_verificacion,duplicado_de,contradicciones,notas
FIN-0001,7% FNDR Cultura — Festival Valle del Liwa (tercera versión),Arte Escénico La Ligua,NO ENCONTRADO,Gobierno Regional de Valparaíso,NO ENCONTRADO,NO ENCONTRADO,2023,la-ligua,La Ligua,petorca,teatro,Adjudicatario formal por confirmar.,NO ENCONTRADO,NO ENCONTRADO,COMP-0001,Arte Escénico La Ligua,FUE-0013 | FUE-0014,PARCIAL,2026-09-08,2026-09-08,NO ENCONTRADO,NO ENCONTRADO,NO ENCONTRADO
FIN-0002,"Convocatoria 2023, Ministerio de las Culturas, las Artes y el Patrimonio (obra La Ruta de la Quebrada)",Colectiva Artística Medioambiental La Capuchina,NO ENCONTRADO,"Ministerio de las Culturas, las Artes y el Patrimonio",NO ENCONTRADO,NO ENCONTRADO,2023,valparaiso,Valparaíso,valparaiso,titeres,"Citado por la Fundación TeatroMuseo del Títere y el Payaso en la programación de su estreno; folio, línea y monto no confirmados por este asistente.",NO ENCONTRADO,NO ENCONTRADO,COMP-0003,Colectiva Artística Medioambiental La Capuchina,FUE-0018 | FUE-0019 | FUE-0020 | FUE-0015,PARCIAL,2026-09-08,2026-09-08,NO ENCONTRADO,NO ENCONTRADO,NO ENCONTRADO
FIN-0003,Subvención municipal (equipamiento),Compañía de Teatro Alegría,NO ENCONTRADO,Municipalidad de Villa Alemana,NO ENCONTRADO,NO ENCONTRADO,2022,villa-alemana,Villa Alemana,marga-marga,teatro,NO ENCONTRADO,NO ENCONTRADO,NO ENCONTRADO,COMP-0005,Compañía de Teatro Alegría,FUE-0022 | FUE-0023,DESCUBIERTO,2026-09-08,2026-09-08,NO ENCONTRADO,NO ENCONTRADO,NO ENCONTRADO
FIN-0004,Fondo Nacional de Fomento y Desarrollo de las Artes Escénicas — Creación y Producción Escénica (obra NOSOTRXS),Fundación OANI de Teatro,NO ENCONTRADO,"Ministerio de las Culturas, las Artes y el Patrimonio",NO ENCONTRADO,NO ENCONTRADO,2025,valparaiso,Valparaíso,valparaiso,titeres,Convocatoria 2025; estreno de la obra en enero de 2026.,NO ENCONTRADO,NO ENCONTRADO,COMP-0008,Fundación OANI de Teatro,FUE-0029 | FUE-0030 | FUE-0031 | FUE-0032,PARCIAL,2026-09-08,2026-09-08,NO ENCONTRADO,NO ENCONTRADO,NO ENCONTRADO
FIN-0005,Comunidades Escénicas — Programa de Artes Escénicas Itinerantes Regionales (coproducción «Puerto a Puerta» con Teatro Container),Fundación OANI de Teatro,NO ENCONTRADO,"Ministerio de las Culturas, las Artes y el Patrimonio",NO ENCONTRADO,NO ENCONTRADO,2024,valparaiso,Valparaíso,valparaiso,titeres,NO ENCONTRADO,NO ENCONTRADO,NO ENCONTRADO,COMP-0008,Fundación OANI de Teatro,FUE-0029 | FUE-0030 | FUE-0031 | FUE-0032,PARCIAL,2026-09-08,2026-09-08,NO ENCONTRADO,NO ENCONTRADO,NO ENCONTRADO
FIN-0006,"Apoyo del Ministerio de las Culturas, las Artes y el Patrimonio para «La Caracol»",La Enredadera,NO ENCONTRADO,"Ministerio de las Culturas, las Artes y el Patrimonio",NO ENCONTRADO,NO ENCONTRADO,2021,valparaiso,Valparaíso,valparaiso,danza,Fondo y folio exactos por confirmar.,NO ENCONTRADO,NO ENCONTRADO,COMP-0010,La Enredadera,FUE-0034 | FUE-0035 | FUE-0036 | FUE-0037 | FUE-0038,PARCIAL,2026-09-08,2026-09-08,NO ENCONTRADO,NO ENCONTRADO,NO ENCONTRADO
FIN-0007,"Programa Itinerantes Regionales, Fondo de Artes Escénicas — proyecto «Mujeres en Escena»",La Enredadera,NO ENCONTRADO,"Ministerio de las Culturas, las Artes y el Patrimonio",NO ENCONTRADO,NO ENCONTRADO,2026,valparaiso,Valparaíso,valparaiso,danza,Proyecto liderado por la gestora Alexandra Farías Aguirre; La Enredadera es una de siete compañías participantes.,NO ENCONTRADO,NO ENCONTRADO,COMP-0010,La Enredadera,FUE-0034 | FUE-0035 | FUE-0036 | FUE-0037 | FUE-0038,PARCIAL,2026-09-08,2026-09-08,NO ENCONTRADO,NO ENCONTRADO,NO ENCONTRADO
FIN-0008,Fondart (montaje surgido de taller de Juan Radrigán),Centro de Investigación Teatro La Peste,NO ENCONTRADO,"Ministerio de las Culturas, las Artes y el Patrimonio (FONDART)",NO ENCONTRADO,NO ENCONTRADO,2001,valparaiso,Valparaíso,valparaiso,teatro,NO ENCONTRADO,NO ENCONTRADO,NO ENCONTRADO,COMP-0013,Centro de Investigación Teatro La Peste,FUE-0044 | FUE-0045 | FUE-0046 | FUE-0047 | FUE-0048,PARCIAL,2026-09-08,2026-09-08,NO ENCONTRADO,NO ENCONTRADO,NO ENCONTRADO
FIN-0009,Valparaíso Creativo — plan de internacionalización del teatro regional,Centro de Investigación Teatro La Peste,NO ENCONTRADO,Valparaíso Creativo,NO ENCONTRADO,NO ENCONTRADO,2025,valparaiso,Valparaíso,valparaiso,teatro,Cofinancia el acompañamiento a siete compañías de la región; folio y monto no confirmados.,NO ENCONTRADO,NO ENCONTRADO,COMP-0013,Centro de Investigación Teatro La Peste,FUE-0044 | FUE-0045 | FUE-0046 | FUE-0047 | FUE-0048,PARCIAL,2026-09-08,2026-09-08,NO ENCONTRADO,NO ENCONTRADO,NO ENCONTRADO
FIN-0010,ENAI 2025: Cuarto Encuentro de Artes Escénicas para la Comunidad Sorda,NO ENCONTRADO,Pablo Ignacio Abarca Carrazana,Fondo de Artes Escénicas,Festivales y encuentros nacionales,47627139,2025,NO ENCONTRADO,NO ENCONTRADO,NO ENCONTRADO,artes escénicas,NO ENCONTRADO,seleccionado,754856,NO ENCONTRADO,NO ENCONTRADO,FUE-0091 | FUE-0099,DESCUBIERTO,2026-09-08,2026-09-08,NO ENCONTRADO,NO ENCONTRADO,"Organización responsable, comuna y monto no indicados en la nota. Responsable según nómina: Pablo Ignacio Abarca Carrazana. Página 2 del PDF. Comuna no indicada en la nómina (solo región). Responsable según nómina: Pablo Ignacio Abarca Carrazana. Página 2 del PDF. Comuna no indicada en la nómina (solo región)."
FIN-0011,A Rienda Suelta: 4° Festival Internacional de Artes Cómicas,NO ENCONTRADO,Katherine Ruth Cisternas Collao,Fondo de Artes Escénicas,Festivales y encuentros regionales,26247211,2025,NO ENCONTRADO,NO ENCONTRADO,NO ENCONTRADO,artes escénicas,NO ENCONTRADO,seleccionado,758678,NO ENCONTRADO,NO ENCONTRADO,FUE-0091 | FUE-0099,DESCUBIERTO,2026-09-08,2026-09-08,NO ENCONTRADO,NO ENCONTRADO,"Organización responsable, comuna y monto no indicados en la nota. Responsable según nómina: Katherine Ruth Cisternas Collao. Página 5 del PDF. Comuna no indicada en la nómina (solo región). Responsable según nómina: Katherine Ruth Cisternas Collao. Página 5 del PDF. Comuna no indicada en la nómina (solo región)."
FIN-0012,EN PRACTICA: Festival de Danza Contacto Improvisación Valparaíso,NO ENCONTRADO,NO ENCONTRADO,Fondo de Artes Escénicas,NO ENCONTRADO,NO ENCONTRADO,2025,valparaiso,Valparaíso,valparaiso,danza,NO ENCONTRADO,seleccionado,NO ENCONTRADO,NO ENCONTRADO,NO ENCONTRADO,FUE-0091,DESCUBIERTO,2026-09-08,2026-09-08,NO ENCONTRADO,NO ENCONTRADO,NO ENCONTRADO
FIN-0013,"Siento Teatro: Primer Festival de Artes Escénicas, Autocuidado y Salud Mental",Siento Teatro,NO ENCONTRADO,Fondo de Artes Escénicas,NO ENCONTRADO,NO ENCONTRADO,2025,vina-del-mar,Viña del Mar,valparaiso,artes escénicas,NO ENCONTRADO,seleccionado,NO ENCONTRADO,COMP-0021,Siento Teatro,FUE-0091,PARCIAL,2026-09-08,2026-09-08,NO ENCONTRADO,NO ENCONTRADO,Comuna tomada de la sede de Siento Teatro según Puntos de Cultura.
FIN-0014,2º ciclo de teatro en San Pedro de Putupur,NO ENCONTRADO,NO ENCONTRADO,Fondo de Artes Escénicas,NO ENCONTRADO,NO ENCONTRADO,2025,NO ENCONTRADO,NO ENCONTRADO,NO ENCONTRADO,teatro,NO ENCONTRADO,seleccionado,NO ENCONTRADO,NO ENCONTRADO,NO ENCONTRADO,FUE-0091,DESCUBIERTO,2026-09-08,2026-09-08,NO ENCONTRADO,NO ENCONTRADO,Localidad San Pedro de Putupur; comuna por confirmar (no indicada en la nota). Organización responsable no indicada.
FIN-0015,El niño y los sortilegios (ópera),NO ENCONTRADO,Viviana Hernández,Fondos Cultura 2026 (línea no indicada en la nota),NO ENCONTRADO,32200044,2026,NO ENCONTRADO,NO ENCONTRADO,NO ENCONTRADO,ópera,NO ENCONTRADO,seleccionado,NO ENCONTRADO,NO ENCONTRADO,NO ENCONTRADO,FUE-0092,DESCUBIERTO,2026-09-08,2026-09-08,NO ENCONTRADO,NO ENCONTRADO,Comuna no indicada.
FIN-0016,Cuéntame de Valparaíso bohemio,NO ENCONTRADO,Zenith Navarrete,Fondos Cultura 2026 (línea no indicada en la nota),Narración Oral,14347713,2026,NO ENCONTRADO,NO ENCONTRADO,NO ENCONTRADO,artes escénicas,NO ENCONTRADO,seleccionado,812385,NO ENCONTRADO,NO ENCONTRADO,FUE-0092 | FUE-0094,DESCUBIERTO,2026-09-08,2026-09-08,NO ENCONTRADO,persona: 'Zenith Navarrete' vs 'Zenith Claudia Navarrete Ruiz'; fondo: 'Fondos Cultura 2026 (línea no indicada en la nota)' vs 'Fondo de Artes Escénicas',Disciplina inferida del contexto de la nota (artes escénicas); por confirmar en la nómina oficial. Responsable según nómina: Zenith Claudia Navarrete Ruiz. Página 22 del PDF. Comuna no indicada en la nómina (solo región). Responsable según nómina: Zenith Claudia Navarrete Ruiz. Página 22 del PDF. Comuna no indicada en la nómina (solo región).
FIN-0017,PAOCC 2020 — TeatroMuseo del Títere y el Payaso,Fundación TeatroMuseo del Títere y el Payaso,NO ENCONTRADO,Programa de Apoyo a Organizaciones Culturales Colaboradoras (PAOCC),NO ENCONTRADO,17922860,2020,valparaiso,Valparaíso,valparaiso,títeres,NO ENCONTRADO,seleccionado,NO ENCONTRADO,NO ENCONTRADO,NO ENCONTRADO,FUE-0090,PARCIAL,2026-09-08,2026-09-08,NO ENCONTRADO,NO ENCONTRADO,NO ENCONTRADO
FIN-0018,PAOCC 2020 — Sala Insomnia Teatro Condell,Sala Insomnia Teatro Condell,NO ENCONTRADO,Programa de Apoyo a Organizaciones Culturales Colaboradoras (PAOCC),NO ENCONTRADO,17959600,2020,valparaiso,Valparaíso,valparaiso,teatro,NO ENCONTRADO,seleccionado,NO ENCONTRADO,NO ENCONTRADO,NO ENCONTRADO,FUE-0090,PARCIAL,2026-09-08,2026-09-08,NO ENCONTRADO,NO ENCONTRADO,NO ENCONTRADO
FIN-0019,PAOCC 2020 — Carpa Azul Circo,Carpa Azul Circo,NO ENCONTRADO,Programa de Apoyo a Organizaciones Culturales Colaboradoras (PAOCC),NO ENCONTRADO,17659947,2020,valparaiso,Valparaíso,valparaiso,circo,NO ENCONTRADO,seleccionado,NO ENCONTRADO,NO ENCONTRADO,NO ENCONTRADO,FUE-0090,PARCIAL,2026-09-08,2026-09-08,NO ENCONTRADO,NO ENCONTRADO,NO ENCONTRADO
FIN-0020,PAOCC 2020 — Sala Pascal 79,Sala Pascal 79,NO ENCONTRADO,Programa de Apoyo a Organizaciones Culturales Colaboradoras (PAOCC),NO ENCONTRADO,18000000,2020,valparaiso,Valparaíso,valparaiso,artes escénicas,NO ENCONTRADO,seleccionado,NO ENCONTRADO,NO ENCONTRADO,NO ENCONTRADO,FUE-0090,PARCIAL,2026-09-08,2026-09-08,NO ENCONTRADO,NO ENCONTRADO,NO ENCONTRADO
FIN-0021,PAOCC 2020 — Centro Cultural Placilla,Centro Cultural Placilla,NO ENCONTRADO,Programa de Apoyo a Organizaciones Culturales Colaboradoras (PAOCC),NO ENCONTRADO,12964150,2020,valparaiso,Valparaíso,valparaiso,artes escénicas,NO ENCONTRADO,seleccionado,NO ENCONTRADO,NO ENCONTRADO,NO ENCONTRADO,FUE-0090,PARCIAL,2026-09-08,2026-09-08,NO ENCONTRADO,NO ENCONTRADO,NO ENCONTRADO
FIN-0022,PAOCC 2020 — Agrupación Cultural de Santo Domingo,Agrupación Cultural de Santo Domingo,NO ENCONTRADO,Programa de Apoyo a Organizaciones Culturales Colaboradoras (PAOCC),NO ENCONTRADO,17930765,2020,santo-domingo,Santo Domingo,san-antonio,artes escénicas,NO ENCONTRADO,seleccionado,NO ENCONTRADO,COMP-0035,Agrupación Cultural de Santo Domingo,FUE-0090,PARCIAL,2026-09-08,2026-09-08,NO ENCONTRADO,NO ENCONTRADO,NO ENCONTRADO
FIN-0023,PAOCC 2020 — Fundación Cultural Lumbre,Fundación Cultural Lumbre,NO ENCONTRADO,Programa de Apoyo a Organizaciones Culturales Colaboradoras (PAOCC),NO ENCONTRADO,17977858,2020,limache,Limache,marga-marga,artes escénicas,NO ENCONTRADO,seleccionado,NO ENCONTRADO,COMP-0036,Fundación Cultural Lumbre,FUE-0090,PARCIAL,2026-09-08,2026-09-08,NO ENCONTRADO,NO ENCONTRADO,NO ENCONTRADO
FIN-0024,PAOCC 2020 — CasaPlan,CasaPlan,NO ENCONTRADO,Programa de Apoyo a Organizaciones Culturales Colaboradoras (PAOCC),NO ENCONTRADO,17592638,2020,vina-del-mar,Viña del Mar,valparaiso,artes escénicas,NO ENCONTRADO,seleccionado,NO ENCONTRADO,NO ENCONTRADO,NO ENCONTRADO,FUE-0090,PARCIAL,2026-09-08,2026-09-08,NO ENCONTRADO,NO ENCONTRADO,NO ENCONTRADO
FIN-0025,PAOCC 2020 — Espacio Cultural Warhola,Espacio Cultural Warhola,NO ENCONTRADO,Programa de Apoyo a Organizaciones Culturales Colaboradoras (PAOCC),NO ENCONTRADO,16440898,2020,valparaiso,Valparaíso,valparaiso,artes escénicas,NO ENCONTRADO,seleccionado,NO ENCONTRADO,NO ENCONTRADO,NO ENCONTRADO,FUE-0090,PARCIAL,2026-09-08,2026-09-08,NO ENCONTRADO,NO ENCONTRADO,NO ENCONTRADO
FIN-0026,PAOCC 2020 — Dispositivo Cultural,Dispositivo Cultural,NO ENCONTRADO,Programa de Apoyo a Organizaciones Culturales Colaboradoras (PAOCC),NO ENCONTRADO,7831750,2020,valparaiso,Valparaíso,valparaiso,artes escénicas,NO ENCONTRADO,seleccionado,NO ENCONTRADO,NO ENCONTRADO,NO ENCONTRADO,FUE-0090,PARCIAL,2026-09-08,2026-09-08,NO ENCONTRADO,NO ENCONTRADO,NO ENCONTRADO
FIN-0027,PAOCC 2020 — Centro Cultural Agrupación de Danza Miguel Pizarro,Centro Cultural Agrupación de Danza Miguel Pizarro,NO ENCONTRADO,Programa de Apoyo a Organizaciones Culturales Colaboradoras (PAOCC),NO ENCONTRADO,17713787,2020,valparaiso,Valparaíso,valparaiso,danza,NO ENCONTRADO,seleccionado,NO ENCONTRADO,NO ENCONTRADO,NO ENCONTRADO,FUE-0090,PARCIAL,2026-09-08,2026-09-08,NO ENCONTRADO,NO ENCONTRADO,NO ENCONTRADO
FIN-0028,PAOCC 2020 — Cámara Lúcida,Cámara Lúcida,NO ENCONTRADO,Programa de Apoyo a Organizaciones Culturales Colaboradoras (PAOCC),NO ENCONTRADO,15439846,2020,valparaiso,Valparaíso,valparaiso,artes escénicas,NO ENCONTRADO,seleccionado,NO ENCONTRADO,NO ENCONTRADO,NO ENCONTRADO,FUE-0090,PARCIAL,2026-09-08,2026-09-08,NO ENCONTRADO,NO ENCONTRADO,NO ENCONTRADO
FIN-0029,PAOCC 2020 — Cine Arte de Viña del Mar,Cine Arte de Viña del Mar,NO ENCONTRADO,Programa de Apoyo a Organizaciones Culturales Colaboradoras (PAOCC),NO ENCONTRADO,17998000,2020,vina-del-mar,Viña del Mar,valparaiso,artes escénicas,NO ENCONTRADO,seleccionado,NO ENCONTRADO,NO ENCONTRADO,NO ENCONTRADO,FUE-0090,PARCIAL,2026-09-08,2026-09-08,NO ENCONTRADO,NO ENCONTRADO,NO ENCONTRADO
FIN-0030,Residencia para la creación de S.O.M.A: acciones mínimas para no somatizar,NO ENCONTRADO,Carina Victoria Aspillaga Bórquez,Fondo de Artes Escénicas,Residencias de creación,9915832,2026,NO ENCONTRADO,NO ENCONTRADO,NO ENCONTRADO,artes escénicas,NO ENCONTRADO,seleccionado,827878,NO ENCONTRADO,NO ENCONTRADO,FUE-0094,DESCUBIERTO,2026-09-08,2026-09-08,NO ENCONTRADO,NO ENCONTRADO,Responsable según nómina: Carina Victoria Aspillaga Bórquez. Página 2 del PDF. Comuna no indicada en la nómina (solo región).
FIN-0031,HERRAMIENTAS DE SERVICIO; UNA ODA A LA VOCACIÓN CULINARIA,NO ENCONTRADO,Roberto Nicolás Arellano Acuña,Fondo de Artes Escénicas,Residencias de creación,9568167,2026,NO ENCONTRADO,NO ENCONTRADO,NO ENCONTRADO,artes escénicas,NO ENCONTRADO,seleccionado,835135,NO ENCONTRADO,NO ENCONTRADO,FUE-0094,DESCUBIERTO,2026-09-08,2026-09-08,NO ENCONTRADO,NO ENCONTRADO,Responsable según nómina: Roberto Nicolás Arellano Acuña. Página 2 del PDF. Comuna no indicada en la nómina (solo región).
FIN-0032,Experimento nº 4: Parpadeo. Intrucciones para aparecer en la oscuridad,NO ENCONTRADO,Marcela Ursula Rendic Parera,Fondo de Artes Escénicas,Residencias de creación,9036937,2026,NO ENCONTRADO,NO ENCONTRADO,NO ENCONTRADO,artes escénicas,NO ENCONTRADO,seleccionado,823427,NO ENCONTRADO,NO ENCONTRADO,FUE-0094,DESCUBIERTO,2026-09-08,2026-09-08,NO ENCONTRADO,NO ENCONTRADO,Responsable según nómina: Marcela Ursula Rendic Parera. Página 3 del PDF. Comuna no indicada en la nómina (solo región).
FIN-0033,Antípodas de Valparaíso,NO ENCONTRADO,Javiera De Luna Vilches Suárez,Fondo de Artes Escénicas,Residencias de creación,5931992,2026,NO ENCONTRADO,NO ENCONTRADO,NO ENCONTRADO,artes escénicas,NO ENCONTRADO,seleccionado,835307,NO ENCONTRADO,NO ENCONTRADO,FUE-0094,DESCUBIERTO,2026-09-08,2026-09-08,NO ENCONTRADO,NO ENCONTRADO,Responsable según nómina: Javiera De Luna Vilches Suárez. Página 3 del PDF. Comuna no indicada en la nómina (solo región).
FIN-0034,"MARÍTIMA: Residencia de lo inasible. Ondas que se mueven, (re)suenan y hablan.",NO ENCONTRADO,Francisca Victoria del Rosario Vargas Barraza,Fondo de Artes Escénicas,Residencias de creación,9870009,2026,NO ENCONTRADO,NO ENCONTRADO,NO ENCONTRADO,artes escénicas,NO ENCONTRADO,seleccionado,835569,NO ENCONTRADO,NO ENCONTRADO,FUE-0094,DESCUBIERTO,2026-09-08,2026-09-08,NO ENCONTRADO,NO ENCONTRADO,Responsable según nómina: Francisca Victoria del Rosario Vargas Barraza. Página 3 del PDF. Comuna no indicada en la nómina (solo región).
FIN-0035,Memorias de un naufragio,NO ENCONTRADO,Kjesed Ana Victoria Faundes Encina,Fondo de Artes Escénicas,Composición escénica/ Dramaturgia,3500000,2026,NO ENCONTRADO,NO ENCONTRADO,NO ENCONTRADO,artes escénicas,NO ENCONTRADO,seleccionado,833134,NO ENCONTRADO,NO ENCONTRADO,FUE-0094,DESCUBIERTO,2026-09-08,2026-09-08,NO ENCONTRADO,NO ENCONTRADO,Responsable según nómina: Kjesed Ana Victoria Faundes Encina. Página 4 del PDF. Comuna no indicada en la nómina (solo región).
FIN-0036,El último otoño,NO ENCONTRADO,No aplica / anónimo,Fondo de Artes Escénicas,Composición escénica/ Dramaturgia,3500000,2026,NO ENCONTRADO,NO ENCONTRADO,NO ENCONTRADO,artes escénicas,NO ENCONTRADO,seleccionado,837787,NO ENCONTRADO,NO ENCONTRADO,FUE-0094,DESCUBIERTO,2026-09-08,2026-09-08,NO ENCONTRADO,NO ENCONTRADO,Responsable según nómina: No aplica / anónimo. Página 5 del PDF. Comuna no indicada en la nómina (solo región).
FIN-0037,Hoy Tocan Las Gallinas Clandestinas,NO ENCONTRADO,No aplica / anónimo,Fondo de Artes Escénicas,Composición escénica/ Dramaturgia,3500000,2026,NO ENCONTRADO,NO ENCONTRADO,NO ENCONTRADO,artes escénicas,NO ENCONTRADO,seleccionado,822825,NO ENCONTRADO,NO ENCONTRADO,FUE-0094,DESCUBIERTO,2026-09-08,2026-09-08,NO ENCONTRADO,NO ENCONTRADO,Responsable según nómina: No aplica / anónimo. Página 5 del PDF. Comuna no indicada en la nómina (solo región).
FIN-0038,La Marioneta de Dios,NO ENCONTRADO,Felipe Arturo Lira Araya,Fondo de Artes Escénicas,Composición escénica/ Composición coreográfica,3500000,2026,NO ENCONTRADO,NO ENCONTRADO,NO ENCONTRADO,artes escénicas,NO ENCONTRADO,seleccionado,818801,NO ENCONTRADO,NO ENCONTRADO,FUE-0094,DESCUBIERTO,2026-09-08,2026-09-08,NO ENCONTRADO,NO ENCONTRADO,Responsable según nómina: Felipe Arturo Lira Araya. Página 5 del PDF. Comuna no indicada en la nómina (solo región).
FIN-0039,Tensiones coreográficas,NO ENCONTRADO,Jairo Alejandro Urtubia Mendoza,Fondo de Artes Escénicas,Composición escénica/ Composición coreográfica,3500000,2026,NO ENCONTRADO,NO ENCONTRADO,NO ENCONTRADO,artes escénicas,NO ENCONTRADO,seleccionado,830831,NO ENCONTRADO,NO ENCONTRADO,FUE-0094,DESCUBIERTO,2026-09-08,2026-09-08,NO ENCONTRADO,NO ENCONTRADO,Responsable según nómina: Jairo Alejandro Urtubia Mendoza. Página 6 del PDF. Comuna no indicada en la nómina (solo región).
FIN-0040,IN TENSIÒN,NO ENCONTRADO,Nicol Andrea Sánchez Santis,Fondo de Artes Escénicas,Composición escénica/ Composición coreográfica,3500000,2026,NO ENCONTRADO,NO ENCONTRADO,NO ENCONTRADO,artes escénicas,NO ENCONTRADO,seleccionado,840445,NO ENCONTRADO,NO ENCONTRADO,FUE-0094,DESCUBIERTO,2026-09-08,2026-09-08,NO ENCONTRADO,NO ENCONTRADO,Responsable según nómina: Nicol Andrea Sánchez Santis. Página 6 del PDF. Comuna no indicada en la nómina (solo región).
FIN-0041,"""Práctica escénica contra la pedagogía del poder""",NO ENCONTRADO,No aplica / anónimo,Fondo de Artes Escénicas,Composición escénica/ Composición coreográfica,3500000,2026,NO ENCONTRADO,NO ENCONTRADO,NO ENCONTRADO,artes escénicas,NO ENCONTRADO,seleccionado,812964,NO ENCONTRADO,NO ENCONTRADO,FUE-0094,DESCUBIERTO,2026-09-08,2026-09-08,NO ENCONTRADO,NO ENCONTRADO,Responsable según nómina: No aplica / anónimo. Página 7 del PDF. Comuna no indicada en la nómina (solo región).
FIN-0042,Purrún,NO ENCONTRADO,No aplica / anónimo,Fondo de Artes Escénicas,Composición escénica/ Composición coreográfica,3500000,2026,NO ENCONTRADO,NO ENCONTRADO,NO ENCONTRADO,artes escénicas,NO ENCONTRADO,seleccionado,837894,NO ENCONTRADO,NO ENCONTRADO,FUE-0094,DESCUBIERTO,2026-09-08,2026-09-08,NO ENCONTRADO,NO ENCONTRADO,Responsable según nómina: No aplica / anónimo. Página 7 del PDF. Comuna no indicada en la nómina (solo región).
FIN-0043,Tito Lastarria,NO ENCONTRADO,Roberto Andrés González Oxa,Fondo de Artes Escénicas,Composición escénica/ Actos y rutinas circenses,3500000,2026,NO ENCONTRADO,NO ENCONTRADO,NO ENCONTRADO,artes escénicas,NO ENCONTRADO,seleccionado,840897,NO ENCONTRADO,NO ENCONTRADO,FUE-0094,DESCUBIERTO,2026-09-08,2026-09-08,NO ENCONTRADO,NO ENCONTRADO,Responsable según nómina: Roberto Andrés González Oxa. Página 7 del PDF. Comuna no indicada en la nómina (solo región).
FIN-0044,Pulsando Lo Humano,NO ENCONTRADO,No aplica / anónimo,Fondo de Artes Escénicas,Composición escénica/ Actos y rutinas circenses,3500000,2026,NO ENCONTRADO,NO ENCONTRADO,NO ENCONTRADO,artes escénicas,NO ENCONTRADO,seleccionado,823033,NO ENCONTRADO,NO ENCONTRADO,FUE-0094,DESCUBIERTO,2026-09-08,2026-09-08,NO ENCONTRADO,NO ENCONTRADO,Responsable según nómina: No aplica / anónimo. Página 8 del PDF. Comuna no indicada en la nómina (solo región).
FIN-0045,"Décimas por Travesura en Valparaíso, Laguna Verde, Placilla y Viña del Mar.",NO ENCONTRADO,Claudio Nicolás Lazcano Pozo,Fondo de Artes Escénicas,Composición escénica / Composición para narración oral,3500000,2026,NO ENCONTRADO,NO ENCONTRADO,NO ENCONTRADO,artes escénicas,NO ENCONTRADO,seleccionado,837771,NO ENCONTRADO,NO ENCONTRADO,FUE-0094,DESCUBIERTO,2026-09-08,2026-09-08,NO ENCONTRADO,NO ENCONTRADO,Responsable según nómina: Claudio Nicolás Lazcano Pozo. Página 9 del PDF. Comuna no indicada en la nómina (solo región).
FIN-0046,La Odisea desde Odiseo,NO ENCONTRADO,Pablo Andrés Olivares Dubart,Fondo de Artes Escénicas,Composición escénica / Composición para narración oral,3500000,2026,NO ENCONTRADO,NO ENCONTRADO,NO ENCONTRADO,artes escénicas,NO ENCONTRADO,seleccionado,841668,NO ENCONTRADO,NO ENCONTRADO,FUE-0094,DESCUBIERTO,2026-09-08,2026-09-08,NO ENCONTRADO,NO ENCONTRADO,Responsable según nómina: Pablo Andrés Olivares Dubart. Página 9 del PDF. Comuna no indicada en la nómina (solo región).
FIN-0047,Los sonidos que imagino: obra de narración oral con Lengua de Señas Chilena,NO ENCONTRADO,No aplica / anónimo,Fondo de Artes Escénicas,Composición escénica / Composición para narración oral,3500000,2026,NO ENCONTRADO,NO ENCONTRADO,NO ENCONTRADO,artes escénicas,NO ENCONTRADO,seleccionado,839880,NO ENCONTRADO,NO ENCONTRADO,FUE-0094,DESCUBIERTO,2026-09-08,2026-09-08,NO ENCONTRADO,NO ENCONTRADO,Responsable según nómina: No aplica / anónimo. Página 9 del PDF. Comuna no indicada en la nómina (solo región).
FIN-0048,YinYang,NO ENCONTRADO,Anaí Valentina Núñez Riveros,Fondo de Artes Escénicas,"Composición escénica / Guión, diseño y/o construcción de títeres",3500000,2026,NO ENCONTRADO,NO ENCONTRADO,NO ENCONTRADO,artes escénicas,NO ENCONTRADO,seleccionado,814899,NO ENCONTRADO,NO ENCONTRADO,FUE-0094,DESCUBIERTO,2026-09-08,2026-09-08,NO ENCONTRADO,NO ENCONTRADO,Responsable según nómina: Anaí Valentina Núñez Riveros. Página 10 del PDF. Comuna no indicada en la nómina (solo región).
FIN-0049,Creación de caja lambe lambe Miguelina y el faro de extrañezas.,NO ENCONTRADO,Tomás Fernando Vidal Castañón,Fondo de Artes Escénicas,"Composición escénica / Guión, diseño y/o construcción de títeres",3500000,2026,NO ENCONTRADO,NO ENCONTRADO,NO ENCONTRADO,artes escénicas,NO ENCONTRADO,seleccionado,835076,NO ENCONTRADO,NO ENCONTRADO,FUE-0094,DESCUBIERTO,2026-09-08,2026-09-08,NO ENCONTRADO,NO ENCONTRADO,Responsable según nómina: Tomás Fernando Vidal Castañón. Página 10 del PDF. Comuna no indicada en la nómina (solo región).
FIN-0050,"“Atahualpa, el último canto del Sol”",NO ENCONTRADO,Gabriel Alejandro Castro Barra,Fondo de Artes Escénicas,"Composición escénica / Guión, diseño y/o construcción de títeres",3500000,2026,NO ENCONTRADO,NO ENCONTRADO,NO ENCONTRADO,artes escénicas,NO ENCONTRADO,seleccionado,825213,NO ENCONTRADO,NO ENCONTRADO,FUE-0094,DESCUBIERTO,2026-09-08,2026-09-08,NO ENCONTRADO,NO ENCONTRADO,Responsable según nómina: Gabriel Alejandro Castro Barra. Página 10 del PDF. Comuna no indicada en la nómina (solo región).
FIN-0051,Diasporica,NO ENCONTRADO,Se-Rok Park Park,Fondo de Artes Escénicas,Composición escénica / Interdisciplinar,3500000,2026,NO ENCONTRADO,NO ENCONTRADO,NO ENCONTRADO,artes escénicas,NO ENCONTRADO,seleccionado,813861,NO ENCONTRADO,NO ENCONTRADO,FUE-0094,DESCUBIERTO,2026-09-08,2026-09-08,NO ENCONTRADO,persona: 'Se-Rok Park Park' vs 'Se-Rok Park',Responsable según nómina: Se-Rok Park Park. Página 11 del PDF. Comuna no indicada en la nómina (solo región).
FIN-0052,"De tal Pelo, tal Astilla. Obra Interdisciplinaria",NO ENCONTRADO,Cecilia Belén Céspedes Concha,Fondo de Artes Escénicas,Composición escénica / Interdisciplinar,3500000,2026,NO ENCONTRADO,NO ENCONTRADO,NO ENCONTRADO,artes escénicas,NO ENCONTRADO,seleccionado,829408,NO ENCONTRADO,NO ENCONTRADO,FUE-0094,DESCUBIERTO,2026-09-08,2026-09-08,NO ENCONTRADO,NO ENCONTRADO,Responsable según nómina: Cecilia Belén Céspedes Concha. Página 11 del PDF. Comuna no indicada en la nómina (solo región).
FIN-0053,"Creación de Cuentos Sensoriales para la Infancia, ""Entre Solsticios y Equinoccios""",NO ENCONTRADO,Elier Elizabeth Arana Rojas,Fondo de Artes Escénicas,Composición escénica / Interdisciplinar,3500000,2026,NO ENCONTRADO,NO ENCONTRADO,NO ENCONTRADO,artes escénicas,NO ENCONTRADO,seleccionado,839662,NO ENCONTRADO,NO ENCONTRADO,FUE-0094,DESCUBIERTO,2026-09-08,2026-09-08,NO ENCONTRADO,NO ENCONTRADO,Responsable según nómina: Elier Elizabeth Arana Rojas. Página 11 del PDF. Comuna no indicada en la nómina (solo región).
FIN-0054,Creación interdisciplinar - Bajo el reflector serán las sombras iluminadas-,NO ENCONTRADO,No aplica / anónimo,Fondo de Artes Escénicas,Composición escénica / Interdisciplinar,3500000,2026,NO ENCONTRADO,NO ENCONTRADO,NO ENCONTRADO,artes escénicas,NO ENCONTRADO,seleccionado,839793,NO ENCONTRADO,NO ENCONTRADO,FUE-0094,DESCUBIERTO,2026-09-08,2026-09-08,NO ENCONTRADO,NO ENCONTRADO,Responsable según nómina: No aplica / anónimo. Página 11 del PDF. Comuna no indicada en la nómina (solo región).
FIN-0055,"Almorzart, artistas a la carta",NO ENCONTRADO,No aplica / anónimo,Fondo de Artes Escénicas,Composición escénica / Interdisciplinar,3500000,2026,NO ENCONTRADO,NO ENCONTRADO,NO ENCONTRADO,artes escénicas,NO ENCONTRADO,seleccionado,834793,NO ENCONTRADO,NO ENCONTRADO,FUE-0094,DESCUBIERTO,2026-09-08,2026-09-08,NO ENCONTRADO,NO ENCONTRADO,Responsable según nómina: No aplica / anónimo. Página 12 del PDF. Comuna no indicada en la nómina (solo región).
FIN-0056,KUNOICHIS. Mujeres Ninja.,NO ENCONTRADO,No aplica / anónimo,Fondo de Artes Escénicas,Composición escénica / Interdisciplinar,3500000,2026,NO ENCONTRADO,NO ENCONTRADO,NO ENCONTRADO,artes escénicas,NO ENCONTRADO,seleccionado,837644,NO ENCONTRADO,NO ENCONTRADO,FUE-0094,DESCUBIERTO,2026-09-08,2026-09-08,NO ENCONTRADO,NO ENCONTRADO,Responsable según nómina: No aplica / anónimo. Página 12 del PDF. Comuna no indicada en la nómina (solo región).
FIN-0057,La cuna de fuego: Montaje escénico por Palestina,NO ENCONTRADO,José Antonio Soto Luer,Fondo de Artes Escénicas,Teatro,28799944,2026,NO ENCONTRADO,NO ENCONTRADO,NO ENCONTRADO,artes escénicas,NO ENCONTRADO,seleccionado,806111,NO ENCONTRADO,NO ENCONTRADO,FUE-0094,DESCUBIERTO,2026-09-08,2026-09-08,NO ENCONTRADO,NO ENCONTRADO,Responsable según nómina: José Antonio Soto Luer. Página 13 del PDF. Comuna no indicada en la nómina (solo región).
FIN-0058,Puesta en escena BÉSAME MACHO. Mujeres Infinitas,NO ENCONTRADO,Verónica Isabel González Becerra,Fondo de Artes Escénicas,Teatro,16453509,2026,NO ENCONTRADO,NO ENCONTRADO,NO ENCONTRADO,artes escénicas,NO ENCONTRADO,seleccionado,808259,NO ENCONTRADO,NO ENCONTRADO,FUE-0094,DESCUBIERTO,2026-09-08,2026-09-08,NO ENCONTRADO,NO ENCONTRADO,Responsable según nómina: Verónica Isabel González Becerra. Página 14 del PDF. Comuna no indicada en la nómina (solo región).
FIN-0059,VALPO RIAL,NO ENCONTRADO,daniela alondra trincado muñoz,Fondo de Artes Escénicas,Danza,24451000,2026,NO ENCONTRADO,NO ENCONTRADO,NO ENCONTRADO,artes escénicas,NO ENCONTRADO,seleccionado,821310,NO ENCONTRADO,NO ENCONTRADO,FUE-0094,DESCUBIERTO,2026-09-08,2026-09-08,NO ENCONTRADO,NO ENCONTRADO,Responsable según nómina: daniela alondra trincado muñoz. Página 16 del PDF. Comuna no indicada en la nómina (solo región).
FIN-0060,Creación y Producción de la obra de danza contemporánea MUDANZA,NO ENCONTRADO,Javiera Inés Walker Alarcón,Fondo de Artes Escénicas,Danza,24671182,2026,NO ENCONTRADO,NO ENCONTRADO,NO ENCONTRADO,artes escénicas,NO ENCONTRADO,seleccionado,826631,NO ENCONTRADO,NO ENCONTRADO,FUE-0094,DESCUBIERTO,2026-09-08,2026-09-08,NO ENCONTRADO,NO ENCONTRADO,Responsable según nómina: Javiera Inés Walker Alarcón. Página 16 del PDF. Comuna no indicada en la nómina (solo región).
FIN-0061,EL MIMBRAL. Cuento danzado para la infancia,NO ENCONTRADO,Laura Cristina Corona Espinoza,Fondo de Artes Escénicas,Danza,29111864,2026,NO ENCONTRADO,NO ENCONTRADO,NO ENCONTRADO,artes escénicas,NO ENCONTRADO,seleccionado,820313,NO ENCONTRADO,NO ENCONTRADO,FUE-0094,DESCUBIERTO,2026-09-08,2026-09-08,NO ENCONTRADO,NO ENCONTRADO,Responsable según nómina: Laura Cristina Corona Espinoza. Página 18 del PDF. Comuna no indicada en la nómina (solo región).
FIN-0062,Creación y producción de la obra de Danza Contemporanea E.P.O.C. Entidad Poderosa de Orden y Control,NO ENCONTRADO,Paz Carolina Varas Pérez,Fondo de Artes Escénicas,Danza,29871515,2026,NO ENCONTRADO,NO ENCONTRADO,NO ENCONTRADO,artes escénicas,NO ENCONTRADO,seleccionado,817410,NO ENCONTRADO,NO ENCONTRADO,FUE-0094,DESCUBIERTO,2026-09-08,2026-09-08,NO ENCONTRADO,NO ENCONTRADO,Responsable según nómina: Paz Carolina Varas Pérez. Página 18 del PDF. Comuna no indicada en la nómina (solo región).
FIN-0063,PROYECTO DE CREACIÓN Y PRODUCCIÓN DE LA OBRA DE DANZA CONTEMPORÁNEA : CORPUS SENSORIAL,NO ENCONTRADO,Mariela Carla Peralta Ferroni,Fondo de Artes Escénicas,Danza,28617375,2026,NO ENCONTRADO,NO ENCONTRADO,NO ENCONTRADO,artes escénicas,NO ENCONTRADO,seleccionado,813131,NO ENCONTRADO,NO ENCONTRADO,FUE-0094,DESCUBIERTO,2026-09-08,2026-09-08,NO ENCONTRADO,NO ENCONTRADO,Responsable según nómina: Mariela Carla Peralta Ferroni. Página 18 del PDF. Comuna no indicada en la nómina (solo región).
FIN-0064,"Más allá de las ruinas, un espectáculo de ciencia ficción dirigido por Ingrid Flores Moncada",NO ENCONTRADO,Ingrid Alejandra Flores Mondaca,Fondo de Artes Escénicas,Circo,29999999,2026,NO ENCONTRADO,NO ENCONTRADO,NO ENCONTRADO,artes escénicas,NO ENCONTRADO,seleccionado,817256,NO ENCONTRADO,NO ENCONTRADO,FUE-0094 | FUE-0098,DESCUBIERTO,2026-09-08,2026-09-08,NO ENCONTRADO,monto: '29999999' vs '29996405'; anio: '2026' vs '2025'; folio: '817256' vs '760873',Responsable según nómina: Ingrid Alejandra Flores Mondaca. Página 19 del PDF. Comuna no indicada en la nómina (solo región). Responsable según nómina: Ingrid Alejandra Flores Mondaca. Página 15 del PDF. Comuna no indicada en la nómina (solo región). Responsable según nómina: Ingrid Alejandra Flores Mondaca. Página 19 del PDF. Comuna no indicada en la nómina (solo región). Responsable según nómina: Ingrid Alejandra Flores Mondaca. Página 15 del PDF. Comuna no indicada en la nómina (solo región).
FIN-0065,El niño y los sortilegios de M. Ravel - Fantasía lirica en clave de fabula.,NO ENCONTRADO,Viviana De lourdes Hernandez Silva,Fondo de Artes Escénicas,Ópera,32200044,2026,NO ENCONTRADO,NO ENCONTRADO,NO ENCONTRADO,artes escénicas,NO ENCONTRADO,seleccionado,823492,NO ENCONTRADO,NO ENCONTRADO,FUE-0094,DESCUBIERTO,2026-09-08,2026-09-08,NO ENCONTRADO,NO ENCONTRADO,Responsable según nómina: Viviana De lourdes Hernandez Silva. Página 21 del PDF. Comuna no indicada en la nómina (solo región).
FIN-0066,"Kamishibai Itinerante, cuentacuentos sonoro para promover nuestra identidad del valle a la ciudad",NO ENCONTRADO,Priscila Marlene Figueroa Uribe,Fondo de Artes Escénicas,Narración Oral,14954874,2026,NO ENCONTRADO,NO ENCONTRADO,NO ENCONTRADO,artes escénicas,NO ENCONTRADO,seleccionado,819597,NO ENCONTRADO,NO ENCONTRADO,FUE-0094,DESCUBIERTO,2026-09-08,2026-09-08,NO ENCONTRADO,NO ENCONTRADO,Responsable según nómina: Priscila Marlene Figueroa Uribe. Página 22 del PDF. Comuna no indicada en la nómina (solo región).
FIN-0067,Cuentos del mundo: Historias que viajan,NO ENCONTRADO,Magda Raquel Sánchez Martínez,Fondo de Artes Escénicas,Narración Oral,14613913,2026,NO ENCONTRADO,NO ENCONTRADO,NO ENCONTRADO,artes escénicas,NO ENCONTRADO,seleccionado,814730,NO ENCONTRADO,NO ENCONTRADO,FUE-0094,DESCUBIERTO,2026-09-08,2026-09-08,NO ENCONTRADO,NO ENCONTRADO,Responsable según nómina: Magda Raquel Sánchez Martínez. Página 22 del PDF. Comuna no indicada en la nómina (solo región).
FIN-0068,NIÑO ZOMBIE y el oráculo personal.,NO ENCONTRADO,Jasson Guillermo Guaico Nuñez,Fondo de Artes Escénicas,Títeres,24999946,2026,NO ENCONTRADO,NO ENCONTRADO,NO ENCONTRADO,artes escénicas,NO ENCONTRADO,seleccionado,808985,NO ENCONTRADO,NO ENCONTRADO,FUE-0094,DESCUBIERTO,2026-09-08,2026-09-08,NO ENCONTRADO,NO ENCONTRADO,Responsable según nómina: Jasson Guillermo Guaico Nuñez. Página 23 del PDF. Comuna no indicada en la nómina (solo región).
FIN-0069,"""El viaje de Mamadú"" Un encuentro con la raíz en el sur del mundo",NO ENCONTRADO,Eric Eric Estrada Vega,Fondo de Artes Escénicas,Títeres,25000000,2026,NO ENCONTRADO,NO ENCONTRADO,NO ENCONTRADO,artes escénicas,NO ENCONTRADO,seleccionado,826160,NO ENCONTRADO,NO ENCONTRADO,FUE-0094,DESCUBIERTO,2026-09-08,2026-09-08,NO ENCONTRADO,persona: 'Eric Eric Estrada Vega' vs 'Eric Estrada Vega',Responsable según nómina: Eric Eric Estrada Vega. Página 23 del PDF. Comuna no indicada en la nómina (solo región).
FIN-0070,"VIDA Y HAZAÑAS DEL SEÑOR ERIK SATIE, FONOMETRÓGRAFO",NO ENCONTRADO,Sebastián Fernando Farah Rodríguez,Fondo de Artes Escénicas,Títeres,24865303,2026,NO ENCONTRADO,NO ENCONTRADO,NO ENCONTRADO,artes escénicas,NO ENCONTRADO,seleccionado,807275,NO ENCONTRADO,NO ENCONTRADO,FUE-0094 | FUE-0098,DESCUBIERTO,2026-09-08,2026-09-08,NO ENCONTRADO,"persona: 'Sebastián Fernando Farah Rodríguez' vs 'No aplica'; linea: 'Títeres' vs 'Composición escénica/ Guión, diseño y/o construcción de títeres'; monto: '24865303' vs '3500000'; anio: '2026' vs '2025'; folio: '807275' vs '748656'",Responsable según nómina: Sebastián Fernando Farah Rodríguez. Página 24 del PDF. Comuna no indicada en la nómina (solo región). Responsable según nómina: No aplica. Página 8 del PDF. Comuna no indicada en la nómina (solo región). Responsable según nómina: Sebastián Fernando Farah Rodríguez. Página 24 del PDF. Comuna no indicada en la nómina (solo región). Responsable según nómina: No aplica. Página 8 del PDF. Comuna no indicada en la nómina (solo región).
FIN-0071,Un marciano en Júpiter creación y producción de obra de teatro de marionetas por la diversidad y la inclusión social,NO ENCONTRADO,René Leonardo Rojas Escalona,Fondo de Artes Escénicas,Títeres,24674404,2026,NO ENCONTRADO,NO ENCONTRADO,NO ENCONTRADO,artes escénicas,NO ENCONTRADO,seleccionado,831286,NO ENCONTRADO,NO ENCONTRADO,FUE-0094,DESCUBIERTO,2026-09-08,2026-09-08,NO ENCONTRADO,NO ENCONTRADO,Responsable según nómina: René Leonardo Rojas Escalona. Página 24 del PDF. Comuna no indicada en la nómina (solo región).
FIN-0072,El Piuchén de Paihuén: Miniatura escénica del misterio campesino.,NO ENCONTRADO,Daniel Alexis Silva Escobar,Fondo de Artes Escénicas,Títeres,17867993,2026,NO ENCONTRADO,NO ENCONTRADO,NO ENCONTRADO,artes escénicas,NO ENCONTRADO,seleccionado,831704,NO ENCONTRADO,NO ENCONTRADO,FUE-0094,DESCUBIERTO,2026-09-08,2026-09-08,NO ENCONTRADO,NO ENCONTRADO,Responsable según nómina: Daniel Alexis Silva Escobar. Página 24 del PDF. Comuna no indicada en la nómina (solo región).
FIN-0073,VACIO. Tercera parte de la trilogía de la distancia.,NO ENCONTRADO,Stefanis Magdalena Duarte Pinto,Fondo de Artes Escénicas,Interdisciplinar,24952000,2026,NO ENCONTRADO,NO ENCONTRADO,NO ENCONTRADO,artes escénicas,NO ENCONTRADO,seleccionado,825543,NO ENCONTRADO,NO ENCONTRADO,FUE-0094,DESCUBIERTO,2026-09-08,2026-09-08,NO ENCONTRADO,NO ENCONTRADO,Responsable según nómina: Stefanis Magdalena Duarte Pinto. Página 24 del PDF. Comuna no indicada en la nómina (solo región).
FIN-0074,"“Con la cabeza en las nubes”, obra teatral en formato distendido pensado en todas las infancias",NO ENCONTRADO,OLINDA INÉS MELCHOR LARA,Fondo de Artes Escénicas,Interdisciplinar,24731247,2026,NO ENCONTRADO,NO ENCONTRADO,NO ENCONTRADO,artes escénicas,NO ENCONTRADO,seleccionado,813513,NO ENCONTRADO,NO ENCONTRADO,FUE-0094,DESCUBIERTO,2026-09-08,2026-09-08,NO ENCONTRADO,NO ENCONTRADO,Responsable según nómina: OLINDA INÉS MELCHOR LARA. Página 25 del PDF. Comuna no indicada en la nómina (solo región).
FIN-0075,Derrumbe: La piedra que supo que antes fue estrella.,NO ENCONTRADO,EDUARDO NICOLÁS CANCINO SAID,Fondo de Artes Escénicas,Interdisciplinar,24997188,2026,NO ENCONTRADO,NO ENCONTRADO,NO ENCONTRADO,artes escénicas,NO ENCONTRADO,seleccionado,823036,NO ENCONTRADO,NO ENCONTRADO,FUE-0094,DESCUBIERTO,2026-09-08,2026-09-08,NO ENCONTRADO,NO ENCONTRADO,Responsable según nómina: EDUARDO NICOLÁS CANCINO SAID. Página 25 del PDF. Comuna no indicada en la nómina (solo región).
FIN-0076,“El Chungungo y la Voz del Mar”,ORGANIZACION COMUNITARIA ARTISTICA CULTURAL Y EDUCATIVA LA WASHA,NO ENCONTRADO,Fondo de Artes Escénicas,Interdisciplinar,24963398,2026,NO ENCONTRADO,NO ENCONTRADO,NO ENCONTRADO,artes escénicas,NO ENCONTRADO,seleccionado,808839,COMP-0046,Organizacion Comunitaria Artistica Cultural y Educativa la Washa,FUE-0094,PARCIAL,2026-09-08,2026-09-08,NO ENCONTRADO,NO ENCONTRADO,Responsable según nómina: ORGANIZACION COMUNITARIA ARTISTICA CULTURAL Y EDUCATIVA LA WASHA. Página 25 del PDF. Comuna no indicada en la nómina (solo región).
FIN-0077,La Cultura de la Orilla,NO ENCONTRADO,MILCA NICOLE GALEA ROBLES,Fondo de Artes Escénicas,Interdisciplinar,24993957,2026,NO ENCONTRADO,NO ENCONTRADO,NO ENCONTRADO,artes escénicas,NO ENCONTRADO,seleccionado,807914,NO ENCONTRADO,NO ENCONTRADO,FUE-0094,DESCUBIERTO,2026-09-08,2026-09-08,NO ENCONTRADO,NO ENCONTRADO,Responsable según nómina: MILCA NICOLE GALEA ROBLES. Página 26 del PDF. Comuna no indicada en la nómina (solo región).
FIN-0078,Circulación Pulso de un hombre homosexual latinoamericano,NO ENCONTRADO,José Antonio Soto Luer,Fondo de Artes Escénicas,Grupo A,16823849,2026,NO ENCONTRADO,NO ENCONTRADO,NO ENCONTRADO,artes escénicas,NO ENCONTRADO,seleccionado,813328,NO ENCONTRADO,NO ENCONTRADO,FUE-0094,DESCUBIERTO,2026-09-08,2026-09-08,NO ENCONTRADO,NO ENCONTRADO,Responsable según nómina: José Antonio Soto Luer. Página 26 del PDF. Comuna no indicada en la nómina (solo región).
FIN-0079,Memorias en Tren: Lo que me han contado,NO ENCONTRADO,Zenith Claudia Navarrete Ruiz,Fondo de Artes Escénicas,Grupo A,14604405,2026,NO ENCONTRADO,NO ENCONTRADO,NO ENCONTRADO,artes escénicas,NO ENCONTRADO,seleccionado,821787,NO ENCONTRADO,NO ENCONTRADO,FUE-0094,DESCUBIERTO,2026-09-08,2026-09-08,NO ENCONTRADO,NO ENCONTRADO,Responsable según nómina: Zenith Claudia Navarrete Ruiz. Página 26 del PDF. Comuna no indicada en la nómina (solo región).
FIN-0080,Circulación Nacional Cu/ cuerpo infinito,NO ENCONTRADO,Alexandra Mabes Villegas,Fondo de Artes Escénicas,Grupo A,16997334,2026,NO ENCONTRADO,NO ENCONTRADO,NO ENCONTRADO,artes escénicas,NO ENCONTRADO,seleccionado,813280,NO ENCONTRADO,NO ENCONTRADO,FUE-0094,DESCUBIERTO,2026-09-08,2026-09-08,NO ENCONTRADO,NO ENCONTRADO,Responsable según nómina: Alexandra Mabes Villegas. Página 28 del PDF. Comuna no indicada en la nómina (solo región).
FIN-0081,"""Tripulación Paraíso, abriendo horizontes, Circulación Esperanza""",NO ENCONTRADO,Patricio Alejandro Nuñez rojas,Fondo de Artes Escénicas,Grupo B,22282659,2026,NO ENCONTRADO,NO ENCONTRADO,NO ENCONTRADO,artes escénicas,NO ENCONTRADO,seleccionado,819326,NO ENCONTRADO,NO ENCONTRADO,FUE-0094,DESCUBIERTO,2026-09-08,2026-09-08,NO ENCONTRADO,NO ENCONTRADO,Responsable según nómina: Patricio Alejandro Nuñez rojas. Página 29 del PDF. Comuna no indicada en la nómina (solo región).
FIN-0082,Encuentro cultural con la comunidad. Itinerancia teatral por la región de OHiggins y del Maule,NO ENCONTRADO,Nicole Constanza Rencoret Torres,Fondo de Artes Escénicas,Grupo B,22218355,2026,NO ENCONTRADO,NO ENCONTRADO,NO ENCONTRADO,artes escénicas,NO ENCONTRADO,seleccionado,838136,NO ENCONTRADO,NO ENCONTRADO,FUE-0094,DESCUBIERTO,2026-09-08,2026-09-08,NO ENCONTRADO,NO ENCONTRADO,Responsable según nómina: Nicole Constanza Rencoret Torres. Página 29 del PDF. Comuna no indicada en la nómina (solo región).
FIN-0083,"Circulación de montaje de narración oral ""Cuentos de Verde y Mar""",NO ENCONTRADO,Sara Sophia Cecchetto Schmidlin,Fondo de Artes Escénicas,Grupo B,10354984,2026,NO ENCONTRADO,NO ENCONTRADO,NO ENCONTRADO,artes escénicas,NO ENCONTRADO,seleccionado,828464,NO ENCONTRADO,NO ENCONTRADO,FUE-0094,DESCUBIERTO,2026-09-08,2026-09-08,NO ENCONTRADO,NO ENCONTRADO,Responsable según nómina: Sara Sophia Cecchetto Schmidlin. Página 30 del PDF. Comuna no indicada en la nómina (solo región).
FIN-0084,Red Salas de Teatro Valparaíso,Puerto Escena SPA,NO ENCONTRADO,Fondo de Artes Escénicas,Única,14997869,2026,NO ENCONTRADO,NO ENCONTRADO,NO ENCONTRADO,artes escénicas,NO ENCONTRADO,seleccionado,837728,COMP-0071,Puerto Escena,FUE-0094,PARCIAL,2026-09-08,2026-09-08,NO ENCONTRADO,NO ENCONTRADO,Responsable según nómina: Puerto Escena SPA. Página 31 del PDF. Comuna no indicada en la nómina (solo región).
FIN-0085,Premio Telón a las Artes Escénicas Nacionales,ACTIVIDADES TEATRALES YORKA OJEDA BANZ E.I.R.L.,NO ENCONTRADO,Fondo de Artes Escénicas,Única,14975407,2026,NO ENCONTRADO,NO ENCONTRADO,NO ENCONTRADO,artes escénicas,NO ENCONTRADO,seleccionado,840411,COMP-0048,Actividades Teatrales Yorka Ojeda Banz E.i.r.l.,FUE-0094,PARCIAL,2026-09-08,2026-09-08,NO ENCONTRADO,NO ENCONTRADO,Responsable según nómina: ACTIVIDADES TEATRALES YORKA OJEDA BANZ E.I.R.L.. Página 31 del PDF. Comuna no indicada en la nómina (solo región).
FIN-0086,Equipar la Memoria Viva: 32 Años del Baúl y su Proyección Técnica para el Teatro del Mañana,COMPAÑIA EL BAÚL,NO ENCONTRADO,Fondo de Artes Escénicas,Compañías de las Artes Escénicas,12258990,2026,NO ENCONTRADO,NO ENCONTRADO,NO ENCONTRADO,artes escénicas,NO ENCONTRADO,seleccionado,821794,COMP-0038,Compañía El Baúl,FUE-0094,PARCIAL,2026-09-08,2026-09-08,NO ENCONTRADO,NO ENCONTRADO,Responsable según nómina: COMPAÑIA EL BAÚL. Página 32 del PDF. Comuna no indicada en la nómina (solo región).
FIN-0087,"Equipamiento profesional para la escena itinerante - La Lancha, Teatro y Patrimonio",TEATRO LA LANCHA SPA,NO ENCONTRADO,Fondo de Artes Escénicas,Compañías de las Artes Escénicas,14997500,2026,NO ENCONTRADO,NO ENCONTRADO,NO ENCONTRADO,artes escénicas,NO ENCONTRADO,seleccionado,827145,COMP-0006,Compañía de Teatro La Lancha,FUE-0094,PARCIAL,2026-09-08,2026-09-08,NO ENCONTRADO,NO ENCONTRADO,Responsable según nómina: TEATRO LA LANCHA SPA. Página 32 del PDF. Comuna no indicada en la nómina (solo región).
FIN-0088,Optimización técnica del Teatro Municipal de Valparaíso para el desarrollo de las artes escénicas,I. Municipalidad de Valparaíso,NO ENCONTRADO,Fondo de Artes Escénicas,Espacios con programación permanente de las Artes Escénicas,14378380,2026,NO ENCONTRADO,NO ENCONTRADO,NO ENCONTRADO,artes escénicas,NO ENCONTRADO,seleccionado,835290,NO ENCONTRADO,NO ENCONTRADO,FUE-0094,PARCIAL,2026-09-08,2026-09-08,NO ENCONTRADO,NO ENCONTRADO,Responsable según nómina: I. Municipalidad de Valparaíso. Página 34 del PDF. Comuna no indicada en la nómina (solo región).
FIN-0089,"Memorias de la danza escénica en la región de Valparaíso: Por una historia de la danza regional, 1973- 2025",NO ENCONTRADO,Ruby Camila Parraguez Padilla,Fondo de Artes Escénicas,Investigación teórica,14992340,2026,NO ENCONTRADO,NO ENCONTRADO,NO ENCONTRADO,artes escénicas,NO ENCONTRADO,seleccionado,833063,NO ENCONTRADO,NO ENCONTRADO,FUE-0094,DESCUBIERTO,2026-09-08,2026-09-08,NO ENCONTRADO,NO ENCONTRADO,Responsable según nómina: Ruby Camila Parraguez Padilla. Página 38 del PDF. Comuna no indicada en la nómina (solo región).
FIN-0090,Territorio en Escena: Taller de Escenotecnia,Ilustre Municipalidad de La Calera,NO ENCONTRADO,Fondo de Artes Escénicas,Profesionalización del sector,9985383,2026,NO ENCONTRADO,NO ENCONTRADO,NO ENCONTRADO,artes escénicas,NO ENCONTRADO,seleccionado,831354,NO ENCONTRADO,NO ENCONTRADO,FUE-0094,PARCIAL,2026-09-08,2026-09-08,NO ENCONTRADO,NO ENCONTRADO,Responsable según nómina: Ilustre Municipalidad de La Calera. Página 39 del PDF. Comuna no indicada en la nómina (solo región).
FIN-0091,VOCES ESCÉNICAS: programa de perfeccionamiento vocal para artistas escénicos,NO ENCONTRADO,Valentina Valentina Fuentes Durán,Fondo de Artes Escénicas,Profesionalización del sector,9999510,2026,NO ENCONTRADO,NO ENCONTRADO,NO ENCONTRADO,artes escénicas,NO ENCONTRADO,seleccionado,828510,NO ENCONTRADO,NO ENCONTRADO,FUE-0094 | FUE-0098,DESCUBIERTO,2026-09-08,2026-09-08,NO ENCONTRADO,monto: '9999510' vs '9970301'; anio: '2026' vs '2025'; folio: '828510' vs '753689'; persona: 'Valentina Valentina Fuentes Durán' vs 'Valentina Fuentes Durán',Responsable según nómina: Valentina Valentina Fuentes Durán. Página 42 del PDF. Comuna no indicada en la nómina (solo región). Responsable según nómina: Valentina Valentina Fuentes Durán. Página 33 del PDF. Comuna no indicada en la nómina (solo región). Responsable según nómina: Valentina Valentina Fuentes Durán. Página 42 del PDF. Comuna no indicada en la nómina (solo región). Responsable según nómina: Valentina Valentina Fuentes Durán. Página 33 del PDF. Comuna no indicada en la nómina (solo región).
FIN-0092,Tejiendo Identidades: Marionetas del Mar y la Tierra,NO ENCONTRADO,Paloma Gabriela Molina Fuentealba,Fondo de Artes Escénicas,Públicos y comunidades,7000000,2026,NO ENCONTRADO,NO ENCONTRADO,NO ENCONTRADO,artes escénicas,NO ENCONTRADO,seleccionado,836956,NO ENCONTRADO,NO ENCONTRADO,FUE-0094,DESCUBIERTO,2026-09-08,2026-09-08,NO ENCONTRADO,NO ENCONTRADO,Responsable según nómina: Paloma Gabriela Molina Fuentealba. Página 43 del PDF. Comuna no indicada en la nómina (solo región).
FIN-0093,Ensamble Vocal Comunitario: Quinta versión,Colectivo interdisciplinario Musgo,NO ENCONTRADO,Fondo de Artes Escénicas,Públicos y comunidades,6985600,2026,NO ENCONTRADO,NO ENCONTRADO,NO ENCONTRADO,artes escénicas,NO ENCONTRADO,seleccionado,837515,COMP-0050,Colectivo interdisciplinario Musgo,FUE-0094,PARCIAL,2026-09-08,2026-09-08,NO ENCONTRADO,NO ENCONTRADO,Responsable según nómina: Colectivo interdisciplinario Musgo. Página 43 del PDF. Comuna no indicada en la nómina (solo región).
FIN-0094,Programa Formativo “Saberes Futuro: prácticas escénicas para socias/os del Centro de Quilpué de la Unión Nacional y vecinas/os de El Retiro y El Sol”.,NO ENCONTRADO,Alexandra Catalina Farías Aguirre,Fondo de Artes Escénicas,Públicos y comunidades,6999347,2026,NO ENCONTRADO,NO ENCONTRADO,NO ENCONTRADO,artes escénicas,NO ENCONTRADO,seleccionado,839385,NO ENCONTRADO,NO ENCONTRADO,FUE-0094,DESCUBIERTO,2026-09-08,2026-09-08,NO ENCONTRADO,NO ENCONTRADO,Responsable según nómina: Alexandra Catalina Farías Aguirre. Página 43 del PDF. Comuna no indicada en la nómina (solo región).
FIN-0095,Entremos en Movimiento Programa de Corredor Danza Valparíso para la formación y sensibilización de públicos en danza contemporánea,Cooperativa Corredor Danza Valparaíso Ltda.,NO ENCONTRADO,Fondo de Artes Escénicas,Públicos y comunidades,6985897,2026,NO ENCONTRADO,NO ENCONTRADO,NO ENCONTRADO,artes escénicas,NO ENCONTRADO,seleccionado,826772,COMP-0072,Cooperativa Corredor Danza Valparaíso,FUE-0094,PARCIAL,2026-09-08,2026-09-08,NO ENCONTRADO,NO ENCONTRADO,Responsable según nómina: Cooperativa Corredor Danza Valparaíso Ltda.. Página 46 del PDF. Comuna no indicada en la nómina (solo región).
FIN-0096,ENAES: 3era Escuela de Artes Escénicas para la Comunidad Sorda,NO ENCONTRADO,Pablo Ignacio Abarca Carrazana,Fondo de Artes Escénicas,Públicos y comunidades,6907664,2026,NO ENCONTRADO,NO ENCONTRADO,NO ENCONTRADO,artes escénicas,NO ENCONTRADO,seleccionado,840722,NO ENCONTRADO,NO ENCONTRADO,FUE-0094,DESCUBIERTO,2026-09-08,2026-09-08,NO ENCONTRADO,NO ENCONTRADO,Responsable según nómina: Pablo Ignacio Abarca Carrazana. Página 46 del PDF. Comuna no indicada en la nómina (solo región).
FIN-0097,"Estudios de Magíster en Patrimonio, Universidad de Valparaíso: Metodologías Escénicas para la Mediación del Patrimonio Inmaterial",NO ENCONTRADO,María Luisa Gutiérrez Godoy,Fondo de Artes Escénicas,"Magíster, máster o maestría",7052160,2026,NO ENCONTRADO,NO ENCONTRADO,NO ENCONTRADO,artes escénicas,NO ENCONTRADO,seleccionado,808185,NO ENCONTRADO,NO ENCONTRADO,FUE-0095,DESCUBIERTO,2026-09-08,2026-09-08,NO ENCONTRADO,NO ENCONTRADO,Responsable según nómina: María Luisa Gutiérrez Godoy. Página 3 del PDF. Comuna no indicada en la nómina (solo región).
FIN-0098,beca para Magister en Practicas Coreográficas / Nicolás Mayorga Ramírez,NO ENCONTRADO,Nicolas Fernando Mayorga Ramirez,Fondo de Artes Escénicas,"Magíster, máster o maestría",17838897,2026,NO ENCONTRADO,NO ENCONTRADO,NO ENCONTRADO,artes escénicas,NO ENCONTRADO,seleccionado,831579,NO ENCONTRADO,NO ENCONTRADO,FUE-0095,DESCUBIERTO,2026-09-08,2026-09-08,NO ENCONTRADO,NO ENCONTRADO,Responsable según nómina: Nicolas Fernando Mayorga Ramirez. Página 3 del PDF. Comuna no indicada en la nómina (solo región).
FIN-0099,Formación en Teatro Balinés: profundizando el puente en Indonesia y Chile,NO ENCONTRADO,Jacinta María Egaña Kaulen,Fondo de Artes Escénicas,Especialización y perfeccionamiento,5999999,2026,NO ENCONTRADO,NO ENCONTRADO,NO ENCONTRADO,artes escénicas,NO ENCONTRADO,seleccionado,805499,NO ENCONTRADO,NO ENCONTRADO,FUE-0095,DESCUBIERTO,2026-09-08,2026-09-08,NO ENCONTRADO,NO ENCONTRADO,Responsable según nómina: Jacinta María Egaña Kaulen. Página 5 del PDF. Comuna no indicada en la nómina (solo región).
FIN-0100,"Perfeccionamiento intensivo y especializado en la disciplina del Clown, Argentina.",NO ENCONTRADO,Catherine Jara Rebolledo,Fondo de Artes Escénicas,Especialización y perfeccionamiento,3571612,2026,NO ENCONTRADO,NO ENCONTRADO,NO ENCONTRADO,artes escénicas,NO ENCONTRADO,seleccionado,806661,NO ENCONTRADO,NO ENCONTRADO,FUE-0095,DESCUBIERTO,2026-09-08,2026-09-08,NO ENCONTRADO,NO ENCONTRADO,Responsable según nómina: Catherine Jara Rebolledo. Página 5 del PDF. Comuna no indicada en la nómina (solo región).
FIN-0101,"Territorios que cuidan: salud, cultura y comunidad desde la Gestión Cultural",NO ENCONTRADO,María Ignacia Millán Azagra,Fondo de Artes Escénicas,Especialización y perfeccionamiento,2529000,2026,NO ENCONTRADO,NO ENCONTRADO,NO ENCONTRADO,artes escénicas,NO ENCONTRADO,seleccionado,826334,NO ENCONTRADO,NO ENCONTRADO,FUE-0095,DESCUBIERTO,2026-09-08,2026-09-08,NO ENCONTRADO,NO ENCONTRADO,Responsable según nómina: María Ignacia Millán Azagra. Página 6 del PDF. Comuna no indicada en la nómina (solo región).
FIN-0102,"Diplomado en Teatro aplicado en educación, salud y comunidad",NO ENCONTRADO,Carlos Andrés Craig Sepúlveda,Fondo de Artes Escénicas,Especialización y perfeccionamiento,2300000,2026,NO ENCONTRADO,NO ENCONTRADO,NO ENCONTRADO,artes escénicas,NO ENCONTRADO,seleccionado,832026,NO ENCONTRADO,NO ENCONTRADO,FUE-0095 | FUE-0099,DESCUBIERTO,2026-09-08,2026-09-08,NO ENCONTRADO,persona: 'Carlos Andrés Craig Sepúlveda' vs 'Marcela Beatriz Olivares Diaz'; monto: '2300000' vs '4636980'; anio: '2026' vs '2025'; folio: '832026' vs '770143',Responsable según nómina: Carlos Andrés Craig Sepúlveda. Página 6 del PDF. Comuna no indicada en la nómina (solo región). Responsable según nómina: Marcela Beatriz Olivares Diaz. Página 15 del PDF. Comuna no indicada en la nómina (solo región). Responsable según nómina: Carlos Andrés Craig Sepúlveda. Página 6 del PDF. Comuna no indicada en la nómina (solo región). Responsable según nómina: Marcela Beatriz Olivares Diaz. Página 15 del PDF. Comuna no indicada en la nómina (solo región).
FIN-0103,Programa de profundización y perfeccionamiento teórico-práctico en nar ración oral contemporánea. con el Maestro Juan Martin Tapia,NO ENCONTRADO,Dixi Candy Gonzalez Gamboa,Fondo de Artes Escénicas,Especialización y perfeccionamiento,5058060,2026,NO ENCONTRADO,NO ENCONTRADO,NO ENCONTRADO,artes escénicas,NO ENCONTRADO,seleccionado,831816,NO ENCONTRADO,NO ENCONTRADO,FUE-0095,DESCUBIERTO,2026-09-08,2026-09-08,NO ENCONTRADO,NO ENCONTRADO,Responsable según nómina: Dixi Candy Gonzalez Gamboa. Página 7 del PDF. Comuna no indicada en la nómina (solo región).
FIN-0104,Especialización y certificación en rigging para las Artes Escénicas y el trabajo seguro en altura.,NO ENCONTRADO,Luisa Mackarena Navarro Cubillos,Fondo de Artes Escénicas,Especialización y perfeccionamiento,1496800,2026,NO ENCONTRADO,NO ENCONTRADO,NO ENCONTRADO,artes escénicas,NO ENCONTRADO,seleccionado,817862,NO ENCONTRADO,NO ENCONTRADO,FUE-0095,DESCUBIERTO,2026-09-08,2026-09-08,NO ENCONTRADO,NO ENCONTRADO,Responsable según nómina: Luisa Mackarena Navarro Cubillos. Página 8 del PDF. Comuna no indicada en la nómina (solo región).
FIN-0105,Curso online de perfeccionamiento técnico en Cuerda Lisa,NO ENCONTRADO,Iván Enrique Torres Pino,Fondo de Artes Escénicas,Especialización y perfeccionamiento,4800000,2026,NO ENCONTRADO,NO ENCONTRADO,NO ENCONTRADO,artes escénicas,NO ENCONTRADO,seleccionado,818205,NO ENCONTRADO,NO ENCONTRADO,FUE-0095,DESCUBIERTO,2026-09-08,2026-09-08,NO ENCONTRADO,NO ENCONTRADO,Responsable según nómina: Iván Enrique Torres Pino. Página 8 del PDF. Comuna no indicada en la nómina (solo región).
FIN-0106,Litoral Cultural 2026. Festival de las Artes Escénicas en San Antonio,Corporación Municipal de la Cultura y las Artes de San Anton,NO ENCONTRADO,Fondo de Artes Escénicas,Regionales,29933896,2026,NO ENCONTRADO,NO ENCONTRADO,NO ENCONTRADO,artes escénicas,NO ENCONTRADO,seleccionado,806878,NO ENCONTRADO,NO ENCONTRADO,FUE-0095,PARCIAL,2026-09-08,2026-09-08,NO ENCONTRADO,NO ENCONTRADO,Responsable según nómina: Corporación Municipal de la Cultura y las Artes de San Anton. Página 9 del PDF. Comuna no indicada en la nómina (solo región).
FIN-0107,"II Festival de Artes Escénicas , Autocuidado y Salud Mental SIENTO TEATRO",NO ENCONTRADO,Sara Camila Solis Peña,Fondo de Artes Escénicas,Regionales,29629536,2026,NO ENCONTRADO,NO ENCONTRADO,NO ENCONTRADO,artes escénicas,NO ENCONTRADO,seleccionado,821746,NO ENCONTRADO,NO ENCONTRADO,FUE-0095,DESCUBIERTO,2026-09-08,2026-09-08,NO ENCONTRADO,NO ENCONTRADO,Responsable según nómina: Sara Camila Solis Peña. Página 9 del PDF. Comuna no indicada en la nómina (solo región).
FIN-0108,Primer Festival Itinerante de Narración Oral del Valle del Aconcagua,NO ENCONTRADO,Magda Raquel Sánchez Martínez,Fondo de Artes Escénicas,Regionales,22835221,2026,NO ENCONTRADO,NO ENCONTRADO,NO ENCONTRADO,artes escénicas,NO ENCONTRADO,seleccionado,806360,NO ENCONTRADO,NO ENCONTRADO,FUE-0095,DESCUBIERTO,2026-09-08,2026-09-08,NO ENCONTRADO,NO ENCONTRADO,Responsable según nómina: Magda Raquel Sánchez Martínez. Página 10 del PDF. Comuna no indicada en la nómina (solo región).
FIN-0109,"Primer festival de artes escénicas en escaleras, Valparaíso.",NO ENCONTRADO,Camila Paz Guerrero Escobar,Fondo de Artes Escénicas,Regionales,16105330,2026,NO ENCONTRADO,NO ENCONTRADO,NO ENCONTRADO,artes escénicas,NO ENCONTRADO,seleccionado,814996,NO ENCONTRADO,NO ENCONTRADO,FUE-0095,DESCUBIERTO,2026-09-08,2026-09-08,NO ENCONTRADO,NO ENCONTRADO,Responsable según nómina: Camila Paz Guerrero Escobar. Página 11 del PDF. Comuna no indicada en la nómina (solo región).
FIN-0110,22º Festival Danza Quilpué Danza,NO ENCONTRADO,Katherine Patricia Salvo Rios,Fondo de Artes Escénicas,Regionales,14661617,2026,NO ENCONTRADO,NO ENCONTRADO,NO ENCONTRADO,artes escénicas,NO ENCONTRADO,seleccionado,813312,NO ENCONTRADO,NO ENCONTRADO,FUE-0095,DESCUBIERTO,2026-09-08,2026-09-08,NO ENCONTRADO,NO ENCONTRADO,Responsable según nómina: Katherine Patricia Salvo Rios. Página 11 del PDF. Comuna no indicada en la nómina (solo región).
FIN-0111,"9° FESTILAMBE de Valparaíso, Festival Internacional de Teatro Lambe Lambe de Chile ""Contagiando Humanidad""",Fundación OANI de Teatro,NO ENCONTRADO,Fondo de Artes Escénicas,Nacionales,55000000,2026,NO ENCONTRADO,NO ENCONTRADO,NO ENCONTRADO,artes escénicas,NO ENCONTRADO,seleccionado,805953,COMP-0008,Fundación OANI de Teatro,FUE-0095,PARCIAL,2026-09-08,2026-09-08,NO ENCONTRADO,NO ENCONTRADO,Responsable según nómina: Fundación OANI de Teatro. Página 12 del PDF. Comuna no indicada en la nómina (solo región).
FIN-0112,ENAI 2026 Quinto Encuentro de Artes Escénicas para la Comunidad Sorda,NO ENCONTRADO,Pablo Ignacio Abarca Carrazana,Fondo de Artes Escénicas,Nacionales,49845799,2026,NO ENCONTRADO,NO ENCONTRADO,NO ENCONTRADO,artes escénicas,NO ENCONTRADO,seleccionado,811365,NO ENCONTRADO,NO ENCONTRADO,FUE-0095,DESCUBIERTO,2026-09-08,2026-09-08,NO ENCONTRADO,NO ENCONTRADO,Responsable según nómina: Pablo Ignacio Abarca Carrazana. Página 12 del PDF. Comuna no indicada en la nómina (solo región).
FIN-0113,IX Festival Teatro Container 2026,CENTRO CULTURAL TEATRO CONTAINER,NO ENCONTRADO,Fondo de Artes Escénicas,Nacionales,55000000,2026,NO ENCONTRADO,NO ENCONTRADO,NO ENCONTRADO,artes escénicas,NO ENCONTRADO,seleccionado,805619,COMP-0052,Centro Cultural Teatro Container,FUE-0095,PARCIAL,2026-09-08,2026-09-08,NO ENCONTRADO,NO ENCONTRADO,Responsable según nómina: CENTRO CULTURAL TEATRO CONTAINER. Página 13 del PDF. Comuna no indicada en la nómina (solo región).
FIN-0114,Circo Pa’l Barrio: Circulación Internacional Compañía Disparate Circo,NO ENCONTRADO,Carla Paz Cepeda Cortés,Fondo de Artes Escénicas,Circulación Internacional,17588496,2026,NO ENCONTRADO,NO ENCONTRADO,NO ENCONTRADO,artes escénicas,NO ENCONTRADO,seleccionado,850291,NO ENCONTRADO,NO ENCONTRADO,FUE-0096,DESCUBIERTO,2026-09-08,2026-09-08,NO ENCONTRADO,NO ENCONTRADO,Responsable según nómina: Carla Paz Cepeda Cortés. Página 2 del PDF. Comuna no indicada en la nómina (solo región).
FIN-0115,Shakespeare en miniatura / España 2026,NO ENCONTRADO,Anaí Valentina Núñez Riveros,Fondo de Artes Escénicas,Circulación Internacional,16007226,2026,NO ENCONTRADO,NO ENCONTRADO,NO ENCONTRADO,artes escénicas,NO ENCONTRADO,seleccionado,850680,NO ENCONTRADO,NO ENCONTRADO,FUE-0096,DESCUBIERTO,2026-09-08,2026-09-08,NO ENCONTRADO,NO ENCONTRADO,Responsable según nómina: Anaí Valentina Núñez Riveros. Página 2 del PDF. Comuna no indicada en la nómina (solo región).
FIN-0116,"Gira Internacional ""Repertorio para Habitar la Soledad"" de Cooperativa Teatral Valparaíso.",Cooperativa de Artes Escénicas de Valparaíso,NO ENCONTRADO,Fondo de Artes Escénicas,Circulación Internacional,17773647,2026,NO ENCONTRADO,NO ENCONTRADO,NO ENCONTRADO,artes escénicas,NO ENCONTRADO,seleccionado,851039,COMP-0039,Cooperativa de Artes Escénicas de Valparaíso,FUE-0096,PARCIAL,2026-09-08,2026-09-08,NO ENCONTRADO,NO ENCONTRADO,Responsable según nómina: Cooperativa de Artes Escénicas de Valparaíso. Página 2 del PDF. Comuna no indicada en la nómina (solo región).
FIN-0117,Participación en Festival Internacional ContArte 2026,NO ENCONTRADO,Carlos Andrés Basualdo Gómez,Fondo de Artes Escénicas,Circulación Internacional,7113984,2026,NO ENCONTRADO,NO ENCONTRADO,NO ENCONTRADO,artes escénicas,NO ENCONTRADO,seleccionado,851589,NO ENCONTRADO,NO ENCONTRADO,FUE-0096,DESCUBIERTO,2026-09-08,2026-09-08,NO ENCONTRADO,NO ENCONTRADO,Responsable según nómina: Carlos Andrés Basualdo Gómez. Página 2 del PDF. Comuna no indicada en la nómina (solo región).
FIN-0118,Agenciamiento y fortalecimiento de redes internacionales en festivales e instituciones culturales de España,NO ENCONTRADO,Manuel Alejandro Díaz Salas,Fondo de Artes Escénicas,Circulación Internacional,3991278,2026,NO ENCONTRADO,NO ENCONTRADO,NO ENCONTRADO,artes escénicas,NO ENCONTRADO,seleccionado,851556,NO ENCONTRADO,NO ENCONTRADO,FUE-0096,DESCUBIERTO,2026-09-08,2026-09-08,NO ENCONTRADO,NO ENCONTRADO,Responsable según nómina: Manuel Alejandro Díaz Salas. Página 4 del PDF. Comuna no indicada en la nómina (solo región).
FIN-0218,"Des/centrada. Eli Neira, obra visual (2004-2025)",NO ENCONTRADO,Amandine Coulombel Coulombel,Fondart Regional,Única,23894966,2026,NO ENCONTRADO,NO ENCONTRADO,NO ENCONTRADO,artes escénicas (palabra clave en el título; por confirmar),NO ENCONTRADO,seleccionado,839586,NO ENCONTRADO,NO ENCONTRADO,FUE-0097,DESCUBIERTO,2026-09-08,2026-09-08,NO ENCONTRADO,persona: 'Amandine Coulombel Coulombel' vs 'Amandine Coulombel',Responsable según nómina: Amandine Coulombel Coulombel. Página 47 del PDF. Comuna no indicada en la nómina (solo región).
FIN-0229,Huidobro Viene Navegando + Registro,NO ENCONTRADO,Diego Sebastián Chamorro Ramírez,Fondo de Artes Escénicas,Única,17093777,2025,NO ENCONTRADO,NO ENCONTRADO,NO ENCONTRADO,artes escénicas,NO ENCONTRADO,seleccionado,748786,NO ENCONTRADO,NO ENCONTRADO,FUE-0098,DESCUBIERTO,2026-09-08,2026-09-08,NO ENCONTRADO,NO ENCONTRADO,Responsable según nómina: Diego Sebastián Chamorro Ramírez. Página 2 del PDF. Comuna no indicada en la nómina (solo región).
FIN-0230,"""La Ruta de Hilo Rojo""",NO ENCONTRADO,María José Franco Campos,Fondo de Artes Escénicas,Única,19534557,2025,NO ENCONTRADO,NO ENCONTRADO,NO ENCONTRADO,artes escénicas,NO ENCONTRADO,seleccionado,750386,NO ENCONTRADO,NO ENCONTRADO,FUE-0098,DESCUBIERTO,2026-09-08,2026-09-08,NO ENCONTRADO,NO ENCONTRADO,Responsable según nómina: María José Franco Campos. Página 4 del PDF. Comuna no indicada en la nómina (solo región).
FIN-0231,"Circulación nacional ""Todo esto está en ti""; obra de circo contemporáneo inspirada en la poesía de Raul Zurita",NO ENCONTRADO,Paula Andrea Jirkal Briones,Fondo de Artes Escénicas,Única,19997974,2025,NO ENCONTRADO,NO ENCONTRADO,NO ENCONTRADO,artes escénicas,NO ENCONTRADO,seleccionado,750325,NO ENCONTRADO,NO ENCONTRADO,FUE-0098,DESCUBIERTO,2026-09-08,2026-09-08,NO ENCONTRADO,NO ENCONTRADO,Responsable según nómina: Paula Andrea Jirkal Briones. Página 5 del PDF. Comuna no indicada en la nómina (solo región).
FIN-0232,"Circulación nacional obra ""KI, la respiración del tiempo""",NO ENCONTRADO,Natalia Francisca Cuéllar Díaz,Fondo de Artes Escénicas,Única,19295318,2025,NO ENCONTRADO,NO ENCONTRADO,NO ENCONTRADO,artes escénicas,NO ENCONTRADO,seleccionado,751317,NO ENCONTRADO,NO ENCONTRADO,FUE-0098,DESCUBIERTO,2026-09-08,2026-09-08,NO ENCONTRADO,NO ENCONTRADO,Responsable según nómina: Natalia Francisca Cuéllar Díaz. Página 5 del PDF. Comuna no indicada en la nómina (solo región).
FIN-0233,"Circulación Caudal, por la liberación de las aguas de Teatro LaWasha",NO ENCONTRADO,Lucía Francisca Silva Vegas,Fondo de Artes Escénicas,Única,13657506,2025,NO ENCONTRADO,NO ENCONTRADO,NO ENCONTRADO,artes escénicas,NO ENCONTRADO,seleccionado,752798,NO ENCONTRADO,NO ENCONTRADO,FUE-0098,DESCUBIERTO,2026-09-08,2026-09-08,NO ENCONTRADO,NO ENCONTRADO,Responsable según nómina: Lucía Francisca Silva Vegas. Página 5 del PDF. Comuna no indicada en la nómina (solo región).
FIN-0234,"""Danza en la Biblioteca"", circulación de unipersonales coreográficos en Bibliotecas Públicas de las Regiones de Los Lagos y Los Ríos.",Centro Cultural Escenalborde,NO ENCONTRADO,Fondo de Artes Escénicas,Única,18404528,2025,NO ENCONTRADO,NO ENCONTRADO,NO ENCONTRADO,artes escénicas,NO ENCONTRADO,seleccionado,758373,COMP-0053,Centro Cultural Escenalborde,FUE-0098,PARCIAL,2026-09-08,2026-09-08,NO ENCONTRADO,NO ENCONTRADO,Responsable según nómina: Centro Cultural Escenalborde. Página 5 del PDF. Comuna no indicada en la nómina (solo región).
FIN-0235,Creación de Rutina de cuadro Fijo; Sombras del vuelo,NO ENCONTRADO,No aplica,Fondo de Artes Escénicas,Composición escénica/Actos y rutinas circenses,3500000,2025,NO ENCONTRADO,NO ENCONTRADO,NO ENCONTRADO,artes escénicas,NO ENCONTRADO,seleccionado,769526,NO ENCONTRADO,NO ENCONTRADO,FUE-0098,DESCUBIERTO,2026-09-08,2026-09-08,NO ENCONTRADO,NO ENCONTRADO,Responsable según nómina: No aplica. Página 6 del PDF. Comuna no indicada en la nómina (solo región).
FIN-0236,A la deriva,NO ENCONTRADO,No aplica,Fondo de Artes Escénicas,Composición escénica/ Composición para Ópera,3500000,2025,NO ENCONTRADO,NO ENCONTRADO,NO ENCONTRADO,artes escénicas,NO ENCONTRADO,seleccionado,775344,NO ENCONTRADO,NO ENCONTRADO,FUE-0098,DESCUBIERTO,2026-09-08,2026-09-08,NO ENCONTRADO,NO ENCONTRADO,Responsable según nómina: No aplica. Página 8 del PDF. Comuna no indicada en la nómina (solo región).
FIN-0237,Fresia,NO ENCONTRADO,No aplica,Fondo de Artes Escénicas,Composición escénica/ Composición para Ópera,3500000,2025,NO ENCONTRADO,NO ENCONTRADO,NO ENCONTRADO,artes escénicas,NO ENCONTRADO,seleccionado,754899,NO ENCONTRADO,NO ENCONTRADO,FUE-0098,DESCUBIERTO,2026-09-08,2026-09-08,NO ENCONTRADO,NO ENCONTRADO,Responsable según nómina: No aplica. Página 8 del PDF. Comuna no indicada en la nómina (solo región).
FIN-0238,SE BUSCA A LA RANITA. LA GARZA Y EL ZARAPITO (Investigadores Privados),NO ENCONTRADO,No aplica,Fondo de Artes Escénicas,"Composición escénica/ Guión, diseño y/o construcción de títeres",3500000,2025,NO ENCONTRADO,NO ENCONTRADO,NO ENCONTRADO,artes escénicas,NO ENCONTRADO,seleccionado,749195,NO ENCONTRADO,NO ENCONTRADO,FUE-0098,DESCUBIERTO,2026-09-08,2026-09-08,NO ENCONTRADO,NO ENCONTRADO,Responsable según nómina: No aplica. Página 8 del PDF. Comuna no indicada en la nómina (solo región).
FIN-0239,Acantiladas,NO ENCONTRADO,No aplica,Fondo de Artes Escénicas,Composición escénica/ Composición coreográfica,3500000,2025,NO ENCONTRADO,NO ENCONTRADO,NO ENCONTRADO,artes escénicas,NO ENCONTRADO,seleccionado,770034,NO ENCONTRADO,NO ENCONTRADO,FUE-0098,DESCUBIERTO,2026-09-08,2026-09-08,NO ENCONTRADO,NO ENCONTRADO,Responsable según nómina: No aplica. Página 9 del PDF. Comuna no indicada en la nómina (solo región).
FIN-0240,Mi sombra en el azul de un reflejo,NO ENCONTRADO,No aplica,Fondo de Artes Escénicas,Composición escénica/ Composición coreográfica,3500000,2025,NO ENCONTRADO,NO ENCONTRADO,NO ENCONTRADO,artes escénicas,NO ENCONTRADO,seleccionado,773684,NO ENCONTRADO,NO ENCONTRADO,FUE-0098,DESCUBIERTO,2026-09-08,2026-09-08,NO ENCONTRADO,NO ENCONTRADO,Responsable según nómina: No aplica. Página 9 del PDF. Comuna no indicada en la nómina (solo región).
FIN-0241,"Tiempo, Velocidad y Distancia",NO ENCONTRADO,No aplica,Fondo de Artes Escénicas,Composición escénica/ Composición coreográfica,3500000,2025,NO ENCONTRADO,NO ENCONTRADO,NO ENCONTRADO,artes escénicas,NO ENCONTRADO,seleccionado,776419,NO ENCONTRADO,NO ENCONTRADO,FUE-0098,DESCUBIERTO,2026-09-08,2026-09-08,NO ENCONTRADO,NO ENCONTRADO,Responsable según nómina: No aplica. Página 10 del PDF. Comuna no indicada en la nómina (solo región).
FIN-0242,Ecos de vida: Trazos kinéticos,NO ENCONTRADO,No aplica,Fondo de Artes Escénicas,Composición escénica/ Composición coreográfica,3500000,2025,NO ENCONTRADO,NO ENCONTRADO,NO ENCONTRADO,artes escénicas,NO ENCONTRADO,seleccionado,770800,NO ENCONTRADO,NO ENCONTRADO,FUE-0098,DESCUBIERTO,2026-09-08,2026-09-08,NO ENCONTRADO,NO ENCONTRADO,Responsable según nómina: No aplica. Página 10 del PDF. Comuna no indicada en la nómina (solo región).
FIN-0243,La Reina Isabel Primera y las Tácticas de Guerra de los Pueblos del Sur,NO ENCONTRADO,No aplica,Fondo de Artes Escénicas,Composición escénica/Dramaturgia,3500000,2025,NO ENCONTRADO,NO ENCONTRADO,NO ENCONTRADO,artes escénicas,NO ENCONTRADO,seleccionado,748330,NO ENCONTRADO,NO ENCONTRADO,FUE-0098,DESCUBIERTO,2026-09-08,2026-09-08,NO ENCONTRADO,NO ENCONTRADO,Responsable según nómina: No aplica. Página 11 del PDF. Comuna no indicada en la nómina (solo región).
FIN-0244,Raza de uno,NO ENCONTRADO,No aplica,Fondo de Artes Escénicas,Composición escénica/Dramaturgia,3500000,2025,NO ENCONTRADO,NO ENCONTRADO,NO ENCONTRADO,artes escénicas,NO ENCONTRADO,seleccionado,767819,NO ENCONTRADO,NO ENCONTRADO,FUE-0098,DESCUBIERTO,2026-09-08,2026-09-08,NO ENCONTRADO,NO ENCONTRADO,Responsable según nómina: No aplica. Página 11 del PDF. Comuna no indicada en la nómina (solo región).
FIN-0245,Ana suromai o el gesto de Baubo,NO ENCONTRADO,No aplica,Fondo de Artes Escénicas,Composición escénica/ Interdisciplinar,3500000,2025,NO ENCONTRADO,NO ENCONTRADO,NO ENCONTRADO,artes escénicas,NO ENCONTRADO,seleccionado,754377,NO ENCONTRADO,NO ENCONTRADO,FUE-0098,DESCUBIERTO,2026-09-08,2026-09-08,NO ENCONTRADO,NO ENCONTRADO,Responsable según nómina: No aplica. Página 12 del PDF. Comuna no indicada en la nómina (solo región).
FIN-0246,Residencia Exploración del lenguaje creativo para la primera infancia. Colectivo Escénico La Enredadera.,NO ENCONTRADO,Milenka Cucurella Farías,Fondo de Artes Escénicas,Residencias de creación,8707400,2025,NO ENCONTRADO,NO ENCONTRADO,NO ENCONTRADO,artes escénicas,NO ENCONTRADO,seleccionado,765957,NO ENCONTRADO,NO ENCONTRADO,FUE-0098,DESCUBIERTO,2026-09-08,2026-09-08,NO ENCONTRADO,NO ENCONTRADO,Responsable según nómina: Milenka Cucurella Farías. Página 13 del PDF. Comuna no indicada en la nómina (solo región).
FIN-0247,RAQ III: Residencias de Arte Queer. 'Memorias Queer de Valparaíso',NO ENCONTRADO,Francisco Javier Díaz Pacheco,Fondo de Artes Escénicas,Residencias de creación,9941363,2025,NO ENCONTRADO,NO ENCONTRADO,NO ENCONTRADO,artes escénicas,NO ENCONTRADO,seleccionado,770786,NO ENCONTRADO,NO ENCONTRADO,FUE-0098,DESCUBIERTO,2026-09-08,2026-09-08,NO ENCONTRADO,NO ENCONTRADO,Responsable según nómina: Francisco Javier Díaz Pacheco. Página 13 del PDF. Comuna no indicada en la nómina (solo región).
FIN-0248,Residencia Litismo: re- conocer cuerpo + sonido + palabra,NO ENCONTRADO,Christopher Camilo Ortega Silva,Fondo de Artes Escénicas,Residencias de creación,9949990,2025,NO ENCONTRADO,NO ENCONTRADO,NO ENCONTRADO,artes escénicas,NO ENCONTRADO,seleccionado,767816,NO ENCONTRADO,NO ENCONTRADO,FUE-0098,DESCUBIERTO,2026-09-08,2026-09-08,NO ENCONTRADO,NO ENCONTRADO,Responsable según nómina: Christopher Camilo Ortega Silva. Página 13 del PDF. Comuna no indicada en la nómina (solo región).
FIN-0249,"Trashumantes, en la búsqueda de nuevos caminos creativos",NO ENCONTRADO,Carlos Andrés Muñoz Rivera,Fondo de Artes Escénicas,Residencias de creación,9815578,2025,NO ENCONTRADO,NO ENCONTRADO,NO ENCONTRADO,artes escénicas,NO ENCONTRADO,seleccionado,749091,NO ENCONTRADO,NO ENCONTRADO,FUE-0098,DESCUBIERTO,2026-09-08,2026-09-08,NO ENCONTRADO,NO ENCONTRADO,Responsable según nómina: Carlos Andrés Muñoz Rivera. Página 14 del PDF. Comuna no indicada en la nómina (solo región).
FIN-0250,"Máquina, de gloria y olvido",NO ENCONTRADO,Marco Ignacio Orellana Pavez,Fondo de Artes Escénicas,Danza,17539359,2025,NO ENCONTRADO,NO ENCONTRADO,NO ENCONTRADO,artes escénicas,NO ENCONTRADO,seleccionado,757547,NO ENCONTRADO,NO ENCONTRADO,FUE-0098,DESCUBIERTO,2026-09-08,2026-09-08,NO ENCONTRADO,NO ENCONTRADO,Responsable según nómina: Marco Ignacio Orellana Pavez. Página 15 del PDF. Comuna no indicada en la nómina (solo región).
FIN-0251,La Invivible,NO ENCONTRADO,Franco Ignacio Oviedo Maldonado,Fondo de Artes Escénicas,Danza,25337357,2025,NO ENCONTRADO,NO ENCONTRADO,NO ENCONTRADO,artes escénicas,NO ENCONTRADO,seleccionado,754903,NO ENCONTRADO,NO ENCONTRADO,FUE-0098 | FUE-0117 | FUE-0124,DESCUBIERTO,2026-09-08,2026-09-08,NO ENCONTRADO,persona: 'Franco Ignacio Oviedo Maldonado' vs 'Josefina Díaz Honores'; linea: 'Danza' vs 'Composición coreográfica'; monto: '25337357' vs '3500000'; anio: '2025' vs '2023'; folio: '754903' vs '681129'; linea: 'Danza' vs 'Composición Escénica/Composición Coreográfica'; monto: '25337357' vs '3400000'; anio: '2025' vs '2022'; folio: '754903' vs '639823',Responsable según nómina: Franco Ignacio Oviedo Maldonado. Página 15 del PDF. Comuna no indicada en la nómina (solo región). Responsable según nómina: Josefina Díaz Honores. Página 18 del PDF. Comuna no indicada en la nómina (solo región). Responsable según nómina: Josefina Díaz Honores. Página 13 del PDF. Comuna no indicada en la nómina (solo región). Responsable según nómina: Franco Ignacio Oviedo Maldonado. Página 15 del PDF. Comuna no indicada en la nómina (solo región). Responsable según nómina: Josefina Díaz Honores. Página 18 del PDF. Comuna no indicada en la nómina (solo región). Responsable según nómina: Josefina Díaz Honores. Página 13 del PDF. Comuna no indicada en la nómina (solo región).
FIN-0252,HUACA - Cartografía danzada de un territorio -,NO ENCONTRADO,Laura Cristina Corona Espinoza,Fondo de Artes Escénicas,Danza,14777309,2025,NO ENCONTRADO,NO ENCONTRADO,NO ENCONTRADO,artes escénicas,NO ENCONTRADO,seleccionado,754595,NO ENCONTRADO,NO ENCONTRADO,FUE-0098,DESCUBIERTO,2026-09-08,2026-09-08,NO ENCONTRADO,NO ENCONTRADO,Responsable según nómina: Laura Cristina Corona Espinoza. Página 15 del PDF. Comuna no indicada en la nómina (solo región).
FIN-0253,"Creación y Producción de la obra de danza contemporánea ""La Última Danza de La Pincoya""",NO ENCONTRADO,Valentina Michelle Orellana Reyes,Fondo de Artes Escénicas,Danza,29969985,2025,NO ENCONTRADO,NO ENCONTRADO,NO ENCONTRADO,artes escénicas,NO ENCONTRADO,seleccionado,769349,NO ENCONTRADO,NO ENCONTRADO,FUE-0098,DESCUBIERTO,2026-09-08,2026-09-08,NO ENCONTRADO,NO ENCONTRADO,Responsable según nómina: Valentina Michelle Orellana Reyes. Página 16 del PDF. Comuna no indicada en la nómina (solo región).
FIN-0254,Acción/Nebulosa: Laboratorio de investigación performativa antifascista - colectivo LASTESIS,NO ENCONTRADO,Sibila Sotomayor Van Rysseghem,Fondo de Artes Escénicas,Interdisciplinar,24988886,2025,NO ENCONTRADO,NO ENCONTRADO,NO ENCONTRADO,artes escénicas,NO ENCONTRADO,seleccionado,761737,NO ENCONTRADO,NO ENCONTRADO,FUE-0098,DESCUBIERTO,2026-09-08,2026-09-08,NO ENCONTRADO,NO ENCONTRADO,Responsable según nómina: Sibila Sotomayor Van Rysseghem. Página 17 del PDF. Comuna no indicada en la nómina (solo región).
FIN-0255,"""No me nombren a mi sola""",NO ENCONTRADO,Pascuala Ilabaca Argandoña,Fondo de Artes Escénicas,Interdisciplinar,18151686,2025,NO ENCONTRADO,NO ENCONTRADO,NO ENCONTRADO,artes escénicas,NO ENCONTRADO,seleccionado,766863,NO ENCONTRADO,NO ENCONTRADO,FUE-0098,DESCUBIERTO,2026-09-08,2026-09-08,NO ENCONTRADO,NO ENCONTRADO,Responsable según nómina: Pascuala Ilabaca Argandoña. Página 17 del PDF. Comuna no indicada en la nómina (solo región).
FIN-0256,Contrahílo - mujeres que tejen en el aire,NO ENCONTRADO,Juliana da Silva Martins,Fondo de Artes Escénicas,Interdisciplinar,17169334,2025,NO ENCONTRADO,NO ENCONTRADO,NO ENCONTRADO,artes escénicas,NO ENCONTRADO,seleccionado,750876,NO ENCONTRADO,NO ENCONTRADO,FUE-0098 | FUE-0124,DESCUBIERTO,2026-09-08,2026-09-08,NO ENCONTRADO,linea: 'Interdisciplinar' vs 'Residencias de Creación'; monto: '17169334' vs '7134634'; anio: '2025' vs '2022'; folio: '750876' vs '638411',Responsable según nómina: Juliana da Silva Martins. Página 17 del PDF. Comuna no indicada en la nómina (solo región).
FIN-0257,"La Nave de los locos, locOnas y Alacalufes. Teatro circo ancestral",NO ENCONTRADO,Oscar Andrés Gonzalez Bosque,Fondo de Artes Escénicas,Interdisciplinar,24889688,2025,NO ENCONTRADO,NO ENCONTRADO,NO ENCONTRADO,artes escénicas,NO ENCONTRADO,seleccionado,771794,NO ENCONTRADO,NO ENCONTRADO,FUE-0098,DESCUBIERTO,2026-09-08,2026-09-08,NO ENCONTRADO,NO ENCONTRADO,Responsable según nómina: Oscar Andrés Gonzalez Bosque. Página 18 del PDF. Comuna no indicada en la nómina (solo región).
FIN-0258,"Azul y el bosque extinto, montaje interdisciplinar para infancias",NO ENCONTRADO,Jacinta María Egaña Kaulen,Fondo de Artes Escénicas,Interdisciplinar,22103804,2025,NO ENCONTRADO,NO ENCONTRADO,NO ENCONTRADO,artes escénicas,NO ENCONTRADO,seleccionado,749183,NO ENCONTRADO,NO ENCONTRADO,FUE-0098,DESCUBIERTO,2026-09-08,2026-09-08,NO ENCONTRADO,NO ENCONTRADO,Responsable según nómina: Jacinta María Egaña Kaulen. Página 18 del PDF. Comuna no indicada en la nómina (solo región).
FIN-0259,Secretos de mujeres,NO ENCONTRADO,Zenith Claudia Navarrete Ruiz,Fondo de Artes Escénicas,Narración oral,9187020,2025,NO ENCONTRADO,NO ENCONTRADO,NO ENCONTRADO,artes escénicas,NO ENCONTRADO,seleccionado,757463,NO ENCONTRADO,NO ENCONTRADO,FUE-0098,DESCUBIERTO,2026-09-08,2026-09-08,NO ENCONTRADO,NO ENCONTRADO,Responsable según nómina: Zenith Claudia Navarrete Ruiz. Página 19 del PDF. Comuna no indicada en la nómina (solo región).
FIN-0260,EL TIEMPO NO ESPERA Monólogos del Adulto Mayor _ Una propuesta de Montaje escénico por Julieta y compañía,NO ENCONTRADO,Julieta Tamara Saavedra Barraza,Fondo de Artes Escénicas,Narración oral,11960648,2025,NO ENCONTRADO,NO ENCONTRADO,NO ENCONTRADO,artes escénicas,NO ENCONTRADO,seleccionado,764214,NO ENCONTRADO,NO ENCONTRADO,FUE-0098,DESCUBIERTO,2026-09-08,2026-09-08,NO ENCONTRADO,NO ENCONTRADO,Responsable según nómina: Julieta Tamara Saavedra Barraza. Página 19 del PDF. Comuna no indicada en la nómina (solo región).
FIN-0261,"Si te lo cuento, ¿lo leerías? Textos clásicos narrados oralmente",NO ENCONTRADO,Carlos Andrés Basualdo Gómez,Fondo de Artes Escénicas,Narración oral,7806062,2025,NO ENCONTRADO,NO ENCONTRADO,NO ENCONTRADO,artes escénicas,NO ENCONTRADO,seleccionado,756647,NO ENCONTRADO,NO ENCONTRADO,FUE-0098,DESCUBIERTO,2026-09-08,2026-09-08,NO ENCONTRADO,NO ENCONTRADO,Responsable según nómina: Carlos Andrés Basualdo Gómez. Página 19 del PDF. Comuna no indicada en la nómina (solo región).
FIN-0262,"“El Trueno de Milén”, una ópera de cámara por la inclusión de la neurodivergencia en las artes escénicas",NO ENCONTRADO,David Gabriel Valdivia Argandoña,Fondo de Artes Escénicas,Ópera,34232334,2025,NO ENCONTRADO,NO ENCONTRADO,NO ENCONTRADO,artes escénicas,NO ENCONTRADO,seleccionado,751652,NO ENCONTRADO,NO ENCONTRADO,FUE-0098,DESCUBIERTO,2026-09-08,2026-09-08,NO ENCONTRADO,NO ENCONTRADO,Responsable según nómina: David Gabriel Valdivia Argandoña. Página 20 del PDF. Comuna no indicada en la nómina (solo región).
FIN-0263,"Ardid de amor - Una comedia de enredos en el chile colonial, opera de Roberto Puelma",NO ENCONTRADO,Viviana De lourdes Hernandez Silva,Fondo de Artes Escénicas,Ópera,27138128,2025,NO ENCONTRADO,NO ENCONTRADO,NO ENCONTRADO,artes escénicas,NO ENCONTRADO,seleccionado,770567,NO ENCONTRADO,NO ENCONTRADO,FUE-0098,DESCUBIERTO,2026-09-08,2026-09-08,NO ENCONTRADO,NO ENCONTRADO,Responsable según nómina: Viviana De lourdes Hernandez Silva. Página 20 del PDF. Comuna no indicada en la nómina (solo región).
FIN-0264,NINA,NO ENCONTRADO,Maritza Alejandra Farías Cerpa,Fondo de Artes Escénicas,Teatro,29690100,2025,NO ENCONTRADO,NO ENCONTRADO,NO ENCONTRADO,artes escénicas,NO ENCONTRADO,seleccionado,755052,NO ENCONTRADO,NO ENCONTRADO,FUE-0098,DESCUBIERTO,2026-09-08,2026-09-08,NO ENCONTRADO,NO ENCONTRADO,Responsable según nómina: Maritza Alejandra Farías Cerpa. Página 21 del PDF. Comuna no indicada en la nómina (solo región).
FIN-0265,NOSOTRXS,Fundación OANI de Teatro,NO ENCONTRADO,Fondo de Artes Escénicas,Títeres,23953984,2025,NO ENCONTRADO,NO ENCONTRADO,NO ENCONTRADO,artes escénicas,NO ENCONTRADO,seleccionado,755266,COMP-0008,Fundación OANI de Teatro,FUE-0098,PARCIAL,2026-09-08,2026-09-08,NO ENCONTRADO,NO ENCONTRADO,Responsable según nómina: Fundación OANI de Teatro. Página 23 del PDF. Comuna no indicada en la nómina (solo región).
FIN-0266,"La Ventana de Eva , espectaculo de teatro objeto",NO ENCONTRADO,Camila Fernanda Pichuante Cruz,Fondo de Artes Escénicas,Títeres,19289236,2025,NO ENCONTRADO,NO ENCONTRADO,NO ENCONTRADO,artes escénicas,NO ENCONTRADO,seleccionado,753486,NO ENCONTRADO,NO ENCONTRADO,FUE-0098,DESCUBIERTO,2026-09-08,2026-09-08,NO ENCONTRADO,NO ENCONTRADO,Responsable según nómina: Camila Fernanda Pichuante Cruz. Página 23 del PDF. Comuna no indicada en la nómina (solo región).
FIN-0267,Actualización y rediseño plataforma digital sobre teatro de Valparaíso www.historiadelteatro envalparaiso.cl,NO ENCONTRADO,Verónica Lucía Sentis Herrmann,Fondo de Artes Escénicas,Única,9640000,2025,NO ENCONTRADO,NO ENCONTRADO,NO ENCONTRADO,artes escénicas,NO ENCONTRADO,seleccionado,767107,NO ENCONTRADO,NO ENCONTRADO,FUE-0098,DESCUBIERTO,2026-09-08,2026-09-08,NO ENCONTRADO,NO ENCONTRADO,Responsable según nómina: Verónica Lucía Sentis Herrmann. Página 24 del PDF. Comuna no indicada en la nómina (solo región).
FIN-0268,Mejoramiento de la Ficha Técnica de la compañía viñamarina Flamenco Triana,NO ENCONTRADO,CentroCultural de Arte Español Flamenco Triana,Fondo de Artes Escénicas,Compañías de las Artes Escénicas,14091860,2025,NO ENCONTRADO,NO ENCONTRADO,NO ENCONTRADO,artes escénicas,NO ENCONTRADO,seleccionado,764377,NO ENCONTRADO,NO ENCONTRADO,FUE-0098,DESCUBIERTO,2026-09-08,2026-09-08,NO ENCONTRADO,NO ENCONTRADO,Responsable según nómina: CentroCultural de Arte Español Flamenco Triana. Página 25 del PDF. Comuna no indicada en la nómina (solo región).
FIN-0269,Equipamiento escenográfico para el Teatro Municipal de Viña del Mar,MUNICIPALIDAD,NO ENCONTRADO,Fondo de Artes Escénicas,Espacios con Programación Permanente de las Artes Escénicas,13237698,2025,NO ENCONTRADO,NO ENCONTRADO,NO ENCONTRADO,artes escénicas,NO ENCONTRADO,seleccionado,771673,NO ENCONTRADO,NO ENCONTRADO,FUE-0098,PARCIAL,2026-09-08,2026-09-08,NO ENCONTRADO,NO ENCONTRADO,Responsable según nómina: MUNICIPALIDAD. Página 27 del PDF. Comuna no indicada en la nómina (solo región).
FIN-0270,Nuevo equipamiento para el Teatro Rodolfo Bravo del Centro Cultural Municipal Leopoldo Siva Reynoard de Quillota.,Ilustre de Municipalidad de Quillota,NO ENCONTRADO,Fondo de Artes Escénicas,Espacios con Programación Permanente de las Artes Escénicas,14991800,2025,NO ENCONTRADO,NO ENCONTRADO,NO ENCONTRADO,artes escénicas,NO ENCONTRADO,seleccionado,751375,NO ENCONTRADO,NO ENCONTRADO,FUE-0098,PARCIAL,2026-09-08,2026-09-08,NO ENCONTRADO,NO ENCONTRADO,Responsable según nómina: Ilustre de Municipalidad de Quillota. Página 27 del PDF. Comuna no indicada en la nómina (solo región).
FIN-0271,Centro de Documentación Teatral de Valparaíso: conservación y difusión de archivos de artes escénicas,Universidad de Valparaíso,NO ENCONTRADO,Fondo de Artes Escénicas,Archivos escénicos,11990000,2025,NO ENCONTRADO,NO ENCONTRADO,NO ENCONTRADO,artes escénicas,NO ENCONTRADO,seleccionado,772592,NO ENCONTRADO,NO ENCONTRADO,FUE-0098,PARCIAL,2026-09-08,2026-09-08,NO ENCONTRADO,NO ENCONTRADO,Responsable según nómina: Universidad de Valparaíso. Página 28 del PDF. Comuna no indicada en la nómina (solo región).
FIN-0272,Bertolt Brecht en Chile: una historia de la teoría y la práctica brechtiana 1930-1973,NO ENCONTRADO,Martin Esteban Farias Zuñiga,Fondo de Artes Escénicas,Investigación teórica,14500000,2025,NO ENCONTRADO,NO ENCONTRADO,NO ENCONTRADO,artes escénicas,NO ENCONTRADO,seleccionado,760188,NO ENCONTRADO,NO ENCONTRADO,FUE-0098,DESCUBIERTO,2026-09-08,2026-09-08,NO ENCONTRADO,NO ENCONTRADO,Responsable según nómina: Martin Esteban Farias Zuñiga. Página 30 del PDF. Comuna no indicada en la nómina (solo región).
FIN-0273,Arte + Ciencia: respuestas neurofisiológicas y experiencia subjetiva de estudiantes de teatro,NO ENCONTRADO,Kathleen Whitlock Leaning,Fondo de Artes Escénicas,Investigación teórica,14948150,2025,NO ENCONTRADO,NO ENCONTRADO,NO ENCONTRADO,artes escénicas,NO ENCONTRADO,seleccionado,752217,NO ENCONTRADO,NO ENCONTRADO,FUE-0098,DESCUBIERTO,2026-09-08,2026-09-08,NO ENCONTRADO,NO ENCONTRADO,Responsable según nómina: Kathleen Whitlock Leaning. Página 30 del PDF. Comuna no indicada en la nómina (solo región).
FIN-0274,Escuela de máscara y movimiento para la creación escénica,NO ENCONTRADO,Jacinta María Egaña Kaulen,Fondo de Artes Escénicas,Profesionalización del sector,6539129,2025,NO ENCONTRADO,NO ENCONTRADO,NO ENCONTRADO,artes escénicas,NO ENCONTRADO,seleccionado,749181,NO ENCONTRADO,NO ENCONTRADO,FUE-0098,DESCUBIERTO,2026-09-08,2026-09-08,NO ENCONTRADO,NO ENCONTRADO,Responsable según nómina: Jacinta María Egaña Kaulen. Página 30 del PDF. Comuna no indicada en la nómina (solo región).
FIN-0275,Formación Lambesur,NO ENCONTRADO,Sebastián Fernando Farah Rodríguez,Fondo de Artes Escénicas,Profesionalización del sector,9310000,2025,NO ENCONTRADO,NO ENCONTRADO,NO ENCONTRADO,artes escénicas,NO ENCONTRADO,seleccionado,764407,NO ENCONTRADO,NO ENCONTRADO,FUE-0098,DESCUBIERTO,2026-09-08,2026-09-08,NO ENCONTRADO,NO ENCONTRADO,Responsable según nómina: Sebastián Fernando Farah Rodríguez. Página 31 del PDF. Comuna no indicada en la nómina (solo región).
FIN-0276,Valparaíso como documento: 2° versión de seminarios de especialización y reflexión crítica de teatro documental,NO ENCONTRADO,Cristian Antonio González Rivera,Fondo de Artes Escénicas,Profesionalización del sector,8775945,2025,NO ENCONTRADO,NO ENCONTRADO,NO ENCONTRADO,artes escénicas,NO ENCONTRADO,seleccionado,750732,NO ENCONTRADO,NO ENCONTRADO,FUE-0098,DESCUBIERTO,2026-09-08,2026-09-08,NO ENCONTRADO,NO ENCONTRADO,Responsable según nómina: Cristian Antonio González Rivera. Página 33 del PDF. Comuna no indicada en la nómina (solo región).
FIN-0277,"PortaDanza, haciendo tribu con mujeres y bebés danzantes. Fortaleciendo la comunidad a través de la Danza y el Porteo.",NO ENCONTRADO,Catalina Andrea Tapia Vargas,Fondo de Artes Escénicas,Públicos y comunidades,5917684,2025,NO ENCONTRADO,NO ENCONTRADO,NO ENCONTRADO,artes escénicas,NO ENCONTRADO,seleccionado,760561,NO ENCONTRADO,NO ENCONTRADO,FUE-0098,DESCUBIERTO,2026-09-08,2026-09-08,NO ENCONTRADO,NO ENCONTRADO,Responsable según nómina: Catalina Andrea Tapia Vargas. Página 33 del PDF. Comuna no indicada en la nómina (solo región).
FIN-0278,Memorias en escena: Taller de creación de historias por medio de la animación de objetos y la narración oral,NO ENCONTRADO,Sandra Carola Lema Ruiz,Fondo de Artes Escénicas,Públicos y comunidades,5782763,2025,NO ENCONTRADO,NO ENCONTRADO,NO ENCONTRADO,artes escénicas,NO ENCONTRADO,seleccionado,765774,NO ENCONTRADO,NO ENCONTRADO,FUE-0098,DESCUBIERTO,2026-09-08,2026-09-08,NO ENCONTRADO,NO ENCONTRADO,Responsable según nómina: Sandra Carola Lema Ruiz. Página 35 del PDF. Comuna no indicada en la nómina (solo región).
FIN-0279,Taller de teatro para personas trans en Valparaíso y Quillota,NO ENCONTRADO,Francisca Belén Zaldívar Guzmán Guzmán,Fondo de Artes Escénicas,Públicos y comunidades,5957845,2025,NO ENCONTRADO,NO ENCONTRADO,NO ENCONTRADO,artes escénicas,NO ENCONTRADO,seleccionado,758559,NO ENCONTRADO,NO ENCONTRADO,FUE-0098,DESCUBIERTO,2026-09-08,2026-09-08,NO ENCONTRADO,persona: 'Francisca Belén Zaldívar Guzmán Guzmán' vs 'Francisca Belén Zaldívar Guzmán',Responsable según nómina: Francisca Belén Zaldívar Guzmán Guzmán. Página 35 del PDF. Comuna no indicada en la nómina (solo región).
FIN-0280,EN PRACTICA Festival de Danza Contacto Improvisación Valparaíso/ IV versión,NO ENCONTRADO,María Daniela Villanueva Tolosa,Fondo de Artes Escénicas,Festivales y encuentros nacionales,23385924,2025,NO ENCONTRADO,NO ENCONTRADO,NO ENCONTRADO,artes escénicas,NO ENCONTRADO,seleccionado,755458,NO ENCONTRADO,NO ENCONTRADO,FUE-0099,DESCUBIERTO,2026-09-08,2026-09-08,NO ENCONTRADO,NO ENCONTRADO,Responsable según nómina: María Daniela Villanueva Tolosa. Página 2 del PDF. Comuna no indicada en la nómina (solo región).
FIN-0281,ENOI 2025 - Ópera con Identidad,NO ENCONTRADO,Nicolás Eduardo Vásquez Muñoz,Fondo de Artes Escénicas,Festivales y encuentros nacionales,54818257,2025,NO ENCONTRADO,NO ENCONTRADO,NO ENCONTRADO,artes escénicas,NO ENCONTRADO,seleccionado,772390,NO ENCONTRADO,NO ENCONTRADO,FUE-0099,DESCUBIERTO,2026-09-08,2026-09-08,NO ENCONTRADO,NO ENCONTRADO,Responsable según nómina: Nicolás Eduardo Vásquez Muñoz. Página 3 del PDF. Comuna no indicada en la nómina (solo región).
FIN-0282,"Primer Festival de Artes Escénicas , Autocuidado y Salud Mental SIENTO TEATRO",NO ENCONTRADO,Sara Camila Solis Peña,Fondo de Artes Escénicas,Festivales y encuentros regionales,29999983,2025,NO ENCONTRADO,NO ENCONTRADO,NO ENCONTRADO,artes escénicas,NO ENCONTRADO,seleccionado,753943,NO ENCONTRADO,NO ENCONTRADO,FUE-0099,DESCUBIERTO,2026-09-08,2026-09-08,NO ENCONTRADO,NO ENCONTRADO,Responsable según nómina: Sara Camila Solis Peña. Página 6 del PDF. Comuna no indicada en la nómina (solo región).
FIN-0283,2° Edición Ciclo de teatro en San Pedro de Putupur,NO ENCONTRADO,Angélica Estefanía Díaz Díaz,Fondo de Artes Escénicas,Festivales y encuentros regionales,14339444,2025,NO ENCONTRADO,NO ENCONTRADO,NO ENCONTRADO,artes escénicas,NO ENCONTRADO,seleccionado,754181,NO ENCONTRADO,NO ENCONTRADO,FUE-0099,DESCUBIERTO,2026-09-08,2026-09-08,NO ENCONTRADO,persona: 'Angélica Estefanía Díaz Díaz' vs 'Angélica Estefanía Díaz',Responsable según nómina: Angélica Estefanía Díaz Díaz. Página 6 del PDF. Comuna no indicada en la nómina (solo región).
FIN-0284,Finalización de Maestría en Teatro y Artes Performáticas en la Universidad de las Artes,NO ENCONTRADO,Carina Victoria Aspillaga Bórquez,Fondo de Artes Escénicas,"Magíster, Máster y Maestrías",4865180,2025,NO ENCONTRADO,NO ENCONTRADO,NO ENCONTRADO,artes escénicas,NO ENCONTRADO,seleccionado,748919,NO ENCONTRADO,NO ENCONTRADO,FUE-0099,DESCUBIERTO,2026-09-08,2026-09-08,NO ENCONTRADO,NO ENCONTRADO,Responsable según nómina: Carina Victoria Aspillaga Bórquez. Página 7 del PDF. Comuna no indicada en la nómina (solo región).
FIN-0285,Continuidad de Estudios en el Programa Magíster en Prácticas Coreográficas de la Universidad de Chile,NO ENCONTRADO,Mayra Belén Eltit Fuentes,Fondo de Artes Escénicas,"Magíster, Máster y Maestrías",5617516,2025,NO ENCONTRADO,NO ENCONTRADO,NO ENCONTRADO,artes escénicas,NO ENCONTRADO,seleccionado,768064,NO ENCONTRADO,NO ENCONTRADO,FUE-0099,DESCUBIERTO,2026-09-08,2026-09-08,NO ENCONTRADO,NO ENCONTRADO,Responsable según nómina: Mayra Belén Eltit Fuentes. Página 8 del PDF. Comuna no indicada en la nómina (solo región).
FIN-0286,Teatro e identidad territorial del Valle del Aconcagua,NO ENCONTRADO,Camille Paola Aracena Maureira,Fondo de Artes Escénicas,"Magíster, Máster y Maestrías",17999926,2025,NO ENCONTRADO,NO ENCONTRADO,NO ENCONTRADO,artes escénicas,NO ENCONTRADO,seleccionado,750005,NO ENCONTRADO,NO ENCONTRADO,FUE-0099,DESCUBIERTO,2026-09-08,2026-09-08,NO ENCONTRADO,NO ENCONTRADO,Responsable según nómina: Camille Paola Aracena Maureira. Página 9 del PDF. Comuna no indicada en la nómina (solo región).
FIN-0287,Forças da natureza,NO ENCONTRADO,Camila Paz Guerrero Escobar,Fondo de Artes Escénicas,Especialización y Perfeccionamiento,5364590,2025,NO ENCONTRADO,NO ENCONTRADO,NO ENCONTRADO,artes escénicas,NO ENCONTRADO,seleccionado,755791,NO ENCONTRADO,NO ENCONTRADO,FUE-0099,DESCUBIERTO,2026-09-08,2026-09-08,NO ENCONTRADO,NO ENCONTRADO,Responsable según nómina: Camila Paz Guerrero Escobar. Página 12 del PDF. Comuna no indicada en la nómina (solo región).
FIN-0288,"Participación en el Programa de formación ODIN HOME, Nueve días de formación, performances, películas, trueques y antropología teatral a cargo de Eugenio Barba y los actores del Odin Teatret del 16 al 25 de julio de 2025",NO ENCONTRADO,Paola Andrea Montano Ortiz,Fondo de Artes Escénicas,Especialización y Perfeccionamiento,3723139,2025,NO ENCONTRADO,NO ENCONTRADO,NO ENCONTRADO,artes escénicas,NO ENCONTRADO,seleccionado,757494,NO ENCONTRADO,NO ENCONTRADO,FUE-0099,DESCUBIERTO,2026-09-08,2026-09-08,NO ENCONTRADO,NO ENCONTRADO,Responsable según nómina: Paola Andrea Montano Ortiz. Página 12 del PDF. Comuna no indicada en la nómina (solo región).
FIN-0289,Diplomado en dramaturgia realizado en la universidad de chile.,NO ENCONTRADO,Nicolás Alexander Cabrera Corral,Fondo de Artes Escénicas,Especialización y Perfeccionamiento,1077000,2025,NO ENCONTRADO,NO ENCONTRADO,NO ENCONTRADO,artes escénicas,NO ENCONTRADO,seleccionado,764574,NO ENCONTRADO,NO ENCONTRADO,FUE-0099,DESCUBIERTO,2026-09-08,2026-09-08,NO ENCONTRADO,NO ENCONTRADO,Responsable según nómina: Nicolás Alexander Cabrera Corral. Página 12 del PDF. Comuna no indicada en la nómina (solo región).
FIN-0290,Estudio para el perfeccionamiento técnico en las artes escénicas,NO ENCONTRADO,Jorge Luis Vargas Azócar,Fondo de Artes Escénicas,Especialización y Perfeccionamiento,5984715,2025,NO ENCONTRADO,NO ENCONTRADO,NO ENCONTRADO,artes escénicas,NO ENCONTRADO,seleccionado,768778,NO ENCONTRADO,NO ENCONTRADO,FUE-0099,DESCUBIERTO,2026-09-08,2026-09-08,NO ENCONTRADO,NO ENCONTRADO,Responsable según nómina: Jorge Luis Vargas Azócar. Página 12 del PDF. Comuna no indicada en la nómina (solo región).
FIN-0291,Diplomado en Gestión Cultural,NO ENCONTRADO,Daniela Raquel Yáñez Rojas,Fondo de Artes Escénicas,Especialización y Perfeccionamiento,2422000,2025,NO ENCONTRADO,NO ENCONTRADO,NO ENCONTRADO,artes escénicas,NO ENCONTRADO,seleccionado,770112,NO ENCONTRADO,NO ENCONTRADO,FUE-0099,DESCUBIERTO,2026-09-08,2026-09-08,NO ENCONTRADO,NO ENCONTRADO,Responsable según nómina: Daniela Raquel Yáñez Rojas. Página 13 del PDF. Comuna no indicada en la nómina (solo región).
FIN-0292,ESPECIALIZACIÓN EN PRODUCCIÓN Y GESTIÓN DE TEATRO E CALLE,NO ENCONTRADO,Cecilia Andrea Ravelo García,Fondo de Artes Escénicas,Especialización y Perfeccionamiento,5700000,2025,NO ENCONTRADO,NO ENCONTRADO,NO ENCONTRADO,artes escénicas,NO ENCONTRADO,seleccionado,772528,NO ENCONTRADO,NO ENCONTRADO,FUE-0099,DESCUBIERTO,2026-09-08,2026-09-08,NO ENCONTRADO,NO ENCONTRADO,Responsable según nómina: Cecilia Andrea Ravelo García. Página 13 del PDF. Comuna no indicada en la nómina (solo región).
FIN-0293,"""Del Teatro del Silencio a la Ruta del Teatro de Calle""",NO ENCONTRADO,Stefanis Magdalena Duarte Pinto,Fondo de Artes Escénicas,Especialización y Perfeccionamiento,5700000,2025,NO ENCONTRADO,NO ENCONTRADO,NO ENCONTRADO,artes escénicas,NO ENCONTRADO,seleccionado,775327,NO ENCONTRADO,NO ENCONTRADO,FUE-0099,DESCUBIERTO,2026-09-08,2026-09-08,NO ENCONTRADO,NO ENCONTRADO,Responsable según nómina: Stefanis Magdalena Duarte Pinto. Página 14 del PDF. Comuna no indicada en la nómina (solo región).
FIN-0294,"Formación en Teatro aplicado en educación, salud y comunidad",NO ENCONTRADO,Pola Javiera Uribe Chávez,Fondo de Artes Escénicas,Especialización y Perfeccionamiento,1500000,2025,NO ENCONTRADO,NO ENCONTRADO,NO ENCONTRADO,artes escénicas,NO ENCONTRADO,seleccionado,775701,NO ENCONTRADO,NO ENCONTRADO,FUE-0099,DESCUBIERTO,2026-09-08,2026-09-08,NO ENCONTRADO,NO ENCONTRADO,Responsable según nómina: Pola Javiera Uribe Chávez. Página 14 del PDF. Comuna no indicada en la nómina (solo región).
FIN-0295,Diplomado en Pedagoía Teatral,NO ENCONTRADO,Amanda Soledad Puentes Ottone,Fondo de Artes Escénicas,Especialización y Perfeccionamiento,2191310,2025,NO ENCONTRADO,NO ENCONTRADO,NO ENCONTRADO,artes escénicas,NO ENCONTRADO,seleccionado,749771,NO ENCONTRADO,NO ENCONTRADO,FUE-0099,DESCUBIERTO,2026-09-08,2026-09-08,NO ENCONTRADO,NO ENCONTRADO,Responsable según nómina: Amanda Soledad Puentes Ottone. Página 15 del PDF. Comuna no indicada en la nómina (solo región).
FIN-0296,"Proyecto de estudio para diploma de Postítulo en Gestión Cultural -Virtual sincrónico- de la Universidad de Chile, admisión 2025.",NO ENCONTRADO,Antonieta Francisca Albornoz Molina,Fondo de Artes Escénicas,Especialización y Perfeccionamiento,2855912,2025,NO ENCONTRADO,NO ENCONTRADO,NO ENCONTRADO,artes escénicas,NO ENCONTRADO,seleccionado,753762,NO ENCONTRADO,NO ENCONTRADO,FUE-0099,DESCUBIERTO,2026-09-08,2026-09-08,NO ENCONTRADO,NO ENCONTRADO,Responsable según nómina: Antonieta Francisca Albornoz Molina. Página 15 del PDF. Comuna no indicada en la nómina (solo región).
FIN-0297,Diplomado en Teatro Aplicado. Universidad Católica de Chile,NO ENCONTRADO,Estefanía Beatriz Villalobos Vergara,Fondo de Artes Escénicas,Especialización y Perfeccionamiento,2000000,2025,NO ENCONTRADO,NO ENCONTRADO,NO ENCONTRADO,artes escénicas,NO ENCONTRADO,seleccionado,760350,NO ENCONTRADO,NO ENCONTRADO,FUE-0099,DESCUBIERTO,2026-09-08,2026-09-08,NO ENCONTRADO,NO ENCONTRADO,Responsable según nómina: Estefanía Beatriz Villalobos Vergara. Página 15 del PDF. Comuna no indicada en la nómina (solo región).
FIN-0298,Especialización en clown poético: escuela internacional de clown El Semillero,NO ENCONTRADO,María Juliana Castro Stevani,Fondo de Artes Escénicas,Especialización y Perfeccionamiento,4664211,2025,NO ENCONTRADO,NO ENCONTRADO,NO ENCONTRADO,artes escénicas,NO ENCONTRADO,seleccionado,764152,NO ENCONTRADO,NO ENCONTRADO,FUE-0099,DESCUBIERTO,2026-09-08,2026-09-08,NO ENCONTRADO,NO ENCONTRADO,Responsable según nómina: María Juliana Castro Stevani. Página 15 del PDF. Comuna no indicada en la nómina (solo región).
FIN-0376,Difusión de la obra de Edgar del Canto: la desintegración de la figura humana,NO ENCONTRADO,Valentina Arévalo Vidal,Fondart Regional,Única,25000000,2025,NO ENCONTRADO,NO ENCONTRADO,NO ENCONTRADO,artes escénicas (palabra clave en el título; por confirmar),NO ENCONTRADO,seleccionado,776473,NO ENCONTRADO,NO ENCONTRADO,FUE-0100,DESCUBIERTO,2026-09-08,2026-09-08,NO ENCONTRADO,NO ENCONTRADO,Responsable según nómina: Valentina Arévalo Vidal. Página 29 del PDF. Comuna no indicada en la nómina (solo región).
FIN-0384,"""Des/centrada. Eli Neira, obra visual (2004-2024)""",NO ENCONTRADO,María José Flores Godoy,Fondart Regional,Única,22997865,2025,NO ENCONTRADO,NO ENCONTRADO,NO ENCONTRADO,artes escénicas (palabra clave en el título; por confirmar),NO ENCONTRADO,seleccionado,774984,NO ENCONTRADO,NO ENCONTRADO,FUE-0100,DESCUBIERTO,2026-09-08,2026-09-08,NO ENCONTRADO,NO ENCONTRADO,Responsable según nómina: María José Flores Godoy. Página 30 del PDF. Comuna no indicada en la nómina (solo región).
FIN-0444,"Sonetos y puntadas del Valle de Aconcagua, un textil en conmemoración a la vida y obra de Gabriela Mistral.",NO ENCONTRADO,Maria Jose Duran Steinman,Fondart Nacional,"Grupo B (artesanía, diseño, arquitectura o interdisciplina entre estas áreas artísticas)",22424949,2025,NO ENCONTRADO,NO ENCONTRADO,NO ENCONTRADO,artes escénicas (palabra clave en el título; por confirmar),NO ENCONTRADO,seleccionado,757186,NO ENCONTRADO,NO ENCONTRADO,FUE-0102,DESCUBIERTO,2026-09-08,2026-09-08,NO ENCONTRADO,NO ENCONTRADO,Responsable según nómina: Maria Jose Duran Steinman. Página 23 del PDF. Comuna no indicada en la nómina (solo región).
FIN-0460,"Rescate del artista Pedro Celedón. Investigación histórica, análisis de su vida, obra y rol dentro de las redes culturales vanguardistas en Valparaíso-Santiago 1915-1935.",NO ENCONTRADO,Emilio Adolfo Guzman Lagreze,Fondart Nacional,"Grupo A (artes visuales, fotografía, nuevos medios o interdisciplina entre estas áreas artísticas)",15630764,2025,NO ENCONTRADO,NO ENCONTRADO,NO ENCONTRADO,artes escénicas (palabra clave en el título; por confirmar),NO ENCONTRADO,seleccionado,757674,NO ENCONTRADO,NO ENCONTRADO,FUE-0102,DESCUBIERTO,2026-09-08,2026-09-08,NO ENCONTRADO,NO ENCONTRADO,Responsable según nómina: Emilio Adolfo Guzman Lagreze. Página 35 del PDF. Comuna no indicada en la nómina (solo región).
FIN-0522,Residencia de Creación: Teatro de Sordos y Vernáculo Visual,NO ENCONTRADO,Pablo Ignacio Abarca Carrazana,Fondo de Artes Escénicas,Residencias de creación,7986103,2024,NO ENCONTRADO,NO ENCONTRADO,NO ENCONTRADO,artes escénicas,NO ENCONTRADO,seleccionado,725050,NO ENCONTRADO,NO ENCONTRADO,FUE-0104,DESCUBIERTO,2026-09-08,2026-09-08,NO ENCONTRADO,NO ENCONTRADO,Responsable según nómina: Pablo Ignacio Abarca Carrazana. Página 30 del PDF. Comuna no indicada en la nómina (solo región).
FIN-0523,Tercer Encuentro de narración accesible e inclusiva: ENAI 2024 Valparaíso,NO ENCONTRADO,Pablo Ignacio Abarca Carrazana,Fondo de Artes Escénicas,Festivales y encuentros regionales,27379724,2024,NO ENCONTRADO,NO ENCONTRADO,NO ENCONTRADO,artes escénicas,NO ENCONTRADO,seleccionado,701500,NO ENCONTRADO,NO ENCONTRADO,FUE-0105,DESCUBIERTO,2026-09-08,2026-09-08,NO ENCONTRADO,NO ENCONTRADO,Responsable según nómina: Pablo Ignacio Abarca Carrazana. Página 2 del PDF. Comuna no indicada en la nómina (solo región).
FIN-0524,PARAISOS CREATIVOS: 3er Encuentro de Educación Artística comprometida con las jóvenes audiencias,Organización Comunitaria Artística Cultural y Deportiva La Coraje,NO ENCONTRADO,Fondo de Artes Escénicas,Festivales y encuentros regionales,26353675,2024,NO ENCONTRADO,NO ENCONTRADO,NO ENCONTRADO,artes escénicas,NO ENCONTRADO,seleccionado,702350,COMP-0054,Organización Comunitaria Artística Cultural y Deportiva La Coraje,FUE-0105,PARCIAL,2026-09-08,2026-09-08,NO ENCONTRADO,NO ENCONTRADO,Responsable según nómina: Organización Comunitaria Artística Cultural y Deportiva La Coraje. Página 2 del PDF. Comuna no indicada en la nómina (solo región).
FIN-0525,8vo FESTILAMBE de Valparaíso Festival Internacional de Teatro Lambe Lambe de Chile - Convocando Humanidad,Fundación OANI de Teatro,NO ENCONTRADO,Fondo de Artes Escénicas,Festivales y Encuentros Nacionales,43629626,2024,NO ENCONTRADO,NO ENCONTRADO,NO ENCONTRADO,artes escénicas,NO ENCONTRADO,seleccionado,704632,COMP-0008,Fundación OANI de Teatro,FUE-0105,PARCIAL,2026-09-08,2026-09-08,NO ENCONTRADO,NO ENCONTRADO,Responsable según nómina: Fundación OANI de Teatro. Página 4 del PDF. Comuna no indicada en la nómina (solo región).
FIN-0526,ENOI 2024 - Conecta con la ópera,NO ENCONTRADO,Irene Isola Yañez Torres,Fondo de Artes Escénicas,Festivales y Encuentros Nacionales,51137044,2024,NO ENCONTRADO,NO ENCONTRADO,NO ENCONTRADO,artes escénicas,NO ENCONTRADO,seleccionado,707663,NO ENCONTRADO,NO ENCONTRADO,FUE-0105,DESCUBIERTO,2026-09-08,2026-09-08,NO ENCONTRADO,NO ENCONTRADO,Responsable según nómina: Irene Isola Yañez Torres. Página 4 del PDF. Comuna no indicada en la nómina (solo región).
FIN-0527,IV Festival latinoamericano de actividades escénicas con temáticas de género TEGE,NO ENCONTRADO,Kathia Javiera Schulz Hernandez,Fondo de Artes Escénicas,Festivales y Encuentros Nacionales,40359799,2024,NO ENCONTRADO,NO ENCONTRADO,NO ENCONTRADO,artes escénicas,NO ENCONTRADO,seleccionado,699840,NO ENCONTRADO,NO ENCONTRADO,FUE-0105,DESCUBIERTO,2026-09-08,2026-09-08,NO ENCONTRADO,NO ENCONTRADO,Responsable según nómina: Kathia Javiera Schulz Hernandez. Página 5 del PDF. Comuna no indicada en la nómina (solo región).
FIN-0528,Post grado de Magister en artes con mención en estudios y prácticas teatrales UC,NO ENCONTRADO,Rubén Darío Mercado Valdivieso,Fondo de Artes Escénicas,"Magíster, Máster y Maestrías",8530000,2024,NO ENCONTRADO,NO ENCONTRADO,NO ENCONTRADO,artes escénicas,NO ENCONTRADO,seleccionado,704160,NO ENCONTRADO,NO ENCONTRADO,FUE-0105,DESCUBIERTO,2026-09-08,2026-09-08,NO ENCONTRADO,NO ENCONTRADO,Responsable según nómina: Rubén Darío Mercado Valdivieso. Página 5 del PDF. Comuna no indicada en la nómina (solo región).
FIN-0529,"Financiamiento Magister en Artes, mención Practicas y Estudios Teatrales, Pontificia Universidad Católica de Chile",NO ENCONTRADO,Vicente Leonardo Díaz Paillalef,Fondo de Artes Escénicas,"Magíster, Máster y Maestrías",6870000,2024,NO ENCONTRADO,NO ENCONTRADO,NO ENCONTRADO,artes escénicas,NO ENCONTRADO,seleccionado,697037,NO ENCONTRADO,NO ENCONTRADO,FUE-0105,DESCUBIERTO,2026-09-08,2026-09-08,NO ENCONTRADO,NO ENCONTRADO,Responsable según nómina: Vicente Leonardo Díaz Paillalef. Página 6 del PDF. Comuna no indicada en la nómina (solo región).
FIN-0530,Postulación Máster de Formación Permanente en Gestión de Empresas e Instituciones Culturales en España,NO ENCONTRADO,Cristian Antonio González Rivera,Fondo de Artes Escénicas,"Magíster, Máster y Maestrías",17903812,2024,NO ENCONTRADO,NO ENCONTRADO,NO ENCONTRADO,artes escénicas,NO ENCONTRADO,seleccionado,701724,NO ENCONTRADO,NO ENCONTRADO,FUE-0105,DESCUBIERTO,2026-09-08,2026-09-08,NO ENCONTRADO,NO ENCONTRADO,Responsable según nómina: Cristian Antonio González Rivera. Página 6 del PDF. Comuna no indicada en la nómina (solo región).
FIN-0531,Estudios en el Programa Magíster en Prácticas Coreográficas en la Universidad de Chile,NO ENCONTRADO,Mayra Belén Eltit Fuentes,Fondo de Artes Escénicas,"Magíster, Máster y Maestrías",9654312,2024,NO ENCONTRADO,NO ENCONTRADO,NO ENCONTRADO,artes escénicas,NO ENCONTRADO,seleccionado,706176,NO ENCONTRADO,NO ENCONTRADO,FUE-0105,DESCUBIERTO,2026-09-08,2026-09-08,NO ENCONTRADO,NO ENCONTRADO,Responsable según nómina: Mayra Belén Eltit Fuentes. Página 6 del PDF. Comuna no indicada en la nómina (solo región).
FIN-0532,"Formación en Teatro Topeng, un puente entre Indonesia y Chile",NO ENCONTRADO,Jacinta María Egaña Kaulen,Fondo de Artes Escénicas,Especialización y Perfeccionamiento,5713604,2024,NO ENCONTRADO,NO ENCONTRADO,NO ENCONTRADO,artes escénicas,NO ENCONTRADO,seleccionado,697963,NO ENCONTRADO,NO ENCONTRADO,FUE-0105,DESCUBIERTO,2026-09-08,2026-09-08,NO ENCONTRADO,NO ENCONTRADO,Responsable según nómina: Jacinta María Egaña Kaulen. Página 7 del PDF. Comuna no indicada en la nómina (solo región).
FIN-0533,Human Specific Performance. Perfeccionamiento performativo en Dinamarca.,NO ENCONTRADO,Elias Cohen Braumuller,Fondo de Artes Escénicas,Especialización y Perfeccionamiento,4600000,2024,NO ENCONTRADO,NO ENCONTRADO,NO ENCONTRADO,artes escénicas,NO ENCONTRADO,seleccionado,701652,NO ENCONTRADO,NO ENCONTRADO,FUE-0105,DESCUBIERTO,2026-09-08,2026-09-08,NO ENCONTRADO,NO ENCONTRADO,Responsable según nómina: Elias Cohen Braumuller. Página 7 del PDF. Comuna no indicada en la nómina (solo región).
FIN-0534,Tecnicas Teatrales para la Narración Oral Escénica,NO ENCONTRADO,Zenith Claudia Navarrete Ruiz,Fondo de Artes Escénicas,Especialización y Perfeccionamiento,1754590,2024,NO ENCONTRADO,NO ENCONTRADO,NO ENCONTRADO,artes escénicas,NO ENCONTRADO,seleccionado,702121,NO ENCONTRADO,NO ENCONTRADO,FUE-0105,DESCUBIERTO,2026-09-08,2026-09-08,NO ENCONTRADO,NO ENCONTRADO,Responsable según nómina: Zenith Claudia Navarrete Ruiz. Página 9 del PDF. Comuna no indicada en la nómina (solo región).
FIN-0535,Pasantía en Teatro corporal accesible para la comunidad sorda,NO ENCONTRADO,Pablo Ignacio Abarca Carrazana,Fondo de Artes Escénicas,Especialización y Perfeccionamiento,5223912,2024,NO ENCONTRADO,NO ENCONTRADO,NO ENCONTRADO,artes escénicas,NO ENCONTRADO,seleccionado,702793,NO ENCONTRADO,NO ENCONTRADO,FUE-0105,DESCUBIERTO,2026-09-08,2026-09-08,NO ENCONTRADO,NO ENCONTRADO,Responsable según nómina: Pablo Ignacio Abarca Carrazana. Página 9 del PDF. Comuna no indicada en la nómina (solo región).
FIN-0536,Formación intensiva en danza contemporánea Festival Deltebre Danza 2020,NO ENCONTRADO,Valeska Alejandra Minchel Lisboa,Fondo de Artes Escénicas,Especialización y Perfeccionamiento,2617360,2024,NO ENCONTRADO,NO ENCONTRADO,NO ENCONTRADO,artes escénicas,NO ENCONTRADO,seleccionado,705816,NO ENCONTRADO,NO ENCONTRADO,FUE-0105,DESCUBIERTO,2026-09-08,2026-09-08,NO ENCONTRADO,NO ENCONTRADO,Responsable según nómina: Valeska Alejandra Minchel Lisboa. Página 9 del PDF. Comuna no indicada en la nómina (solo región).
FIN-0537,Especialización en el Método Alba Emoting Nivel Facilitadora,NO ENCONTRADO,Lisseth Carolina Fuentes Cisternas,Fondo de Artes Escénicas,Especialización y Perfeccionamiento,4230000,2024,NO ENCONTRADO,NO ENCONTRADO,NO ENCONTRADO,artes escénicas,NO ENCONTRADO,seleccionado,704875,NO ENCONTRADO,NO ENCONTRADO,FUE-0105,DESCUBIERTO,2026-09-08,2026-09-08,NO ENCONTRADO,NO ENCONTRADO,Responsable según nómina: Lisseth Carolina Fuentes Cisternas. Página 9 del PDF. Comuna no indicada en la nómina (solo región).
FIN-0538,Postgrado en Producción y gestión de espectáculos y festivales,NO ENCONTRADO,Paula Alejandra Céspedes Vergara,Fondo de Artes Escénicas,Especialización y Perfeccionamiento,5999986,2024,NO ENCONTRADO,NO ENCONTRADO,NO ENCONTRADO,artes escénicas,NO ENCONTRADO,seleccionado,705230,NO ENCONTRADO,NO ENCONTRADO,FUE-0105,DESCUBIERTO,2026-09-08,2026-09-08,NO ENCONTRADO,NO ENCONTRADO,Responsable según nómina: Paula Alejandra Céspedes Vergara. Página 9 del PDF. Comuna no indicada en la nómina (solo región).
FIN-0539,Especialización en técnicas coreanas interdisciplinarias y estrategias performativas transculturales,NO ENCONTRADO,Se-Rok Park Park,Fondo de Artes Escénicas,Especialización y Perfeccionamiento,5422567,2024,NO ENCONTRADO,NO ENCONTRADO,NO ENCONTRADO,artes escénicas,NO ENCONTRADO,seleccionado,700117,NO ENCONTRADO,NO ENCONTRADO,FUE-0105,DESCUBIERTO,2026-09-08,2026-09-08,NO ENCONTRADO,persona: 'Se-Rok Park Park' vs 'Se-Rok Park',Responsable según nómina: Se-Rok Park Park. Página 10 del PDF. Comuna no indicada en la nómina (solo región).
FIN-0540,Escuela de Artes Escénicas para la comunidad sorda ARTESCESOR modalidad Presencial,NO ENCONTRADO,Pablo Ignacio Abarca Carrazana,Fondo de Artes Escénicas,Profesionalización del sector,9800510,2024,NO ENCONTRADO,NO ENCONTRADO,NO ENCONTRADO,artes escénicas,NO ENCONTRADO,seleccionado,702053,NO ENCONTRADO,NO ENCONTRADO,FUE-0105,DESCUBIERTO,2026-09-08,2026-09-08,NO ENCONTRADO,NO ENCONTRADO,Responsable según nómina: Pablo Ignacio Abarca Carrazana. Página 11 del PDF. Comuna no indicada en la nómina (solo región).
FIN-0541,DRAMA. Talleres de teatro con mujeres y diversidades privadas de libertad en la región de Valparaíso.,FUNDACION PÁJARX ENTRE PÚAS,NO ENCONTRADO,Fondo de Artes Escénicas,Públicos y comunidades,5000000,2024,NO ENCONTRADO,NO ENCONTRADO,NO ENCONTRADO,artes escénicas,NO ENCONTRADO,seleccionado,701995,COMP-0055,Fundacion Pájarx Entre Púas,FUE-0105,PARCIAL,2026-09-08,2026-09-08,NO ENCONTRADO,NO ENCONTRADO,Responsable según nómina: FUNDACION PÁJARX ENTRE PÚAS. Página 12 del PDF. Comuna no indicada en la nómina (solo región).
FIN-0542,EL CUERPO COMO ESCENARIO DE LAS MINIATURAS,Fundación OANI de Teatro,NO ENCONTRADO,Fondo de Artes Escénicas,Residencias Internacionales,10655490,2024,NO ENCONTRADO,NO ENCONTRADO,NO ENCONTRADO,artes escénicas,NO ENCONTRADO,seleccionado,784226,COMP-0008,Fundación OANI de Teatro,FUE-0106,PARCIAL,2026-09-08,2026-09-08,NO ENCONTRADO,NO ENCONTRADO,Responsable según nómina: Fundación OANI de Teatro. Página 2 del PDF. Comuna no indicada en la nómina (solo región).
FIN-0543,Flamenco Triana: 24 Años de Arte y Tradición - Programa de Apoyo a Compañías de Artes Escénicas,centro cultural de arte español flamenco triana,NO ENCONTRADO,PAOCC — Compañías de trayectoria de artes escénicas,Compañías de trayectoria,116000000,2024,NO ENCONTRADO,NO ENCONTRADO,NO ENCONTRADO,artes escénicas,NO ENCONTRADO,seleccionado,747123,COMP-0056,centro cultural de arte español flamenco triana,FUE-0107,PARCIAL,2026-09-08,2026-09-08,NO ENCONTRADO,NO ENCONTRADO,Responsable según nómina: centro cultural de arte español flamenco triana. Página 2 del PDF. Comuna no indicada en la nómina (solo región).
FIN-0544,Plan de gestión del Centro de Investigación Teatro la Peste. 25 años de creación y gestión para las artes escénicas nacionales desde la región de Valparaíso.,Grupo de Teatro La Peste,NO ENCONTRADO,PAOCC — Compañías de trayectoria de artes escénicas,Compañías de trayectoria,116000000,2024,NO ENCONTRADO,NO ENCONTRADO,NO ENCONTRADO,artes escénicas,NO ENCONTRADO,seleccionado,745951,COMP-0013,Centro de Investigación Teatro La Peste,FUE-0107,PARCIAL,2026-09-08,2026-09-08,NO ENCONTRADO,NO ENCONTRADO,Responsable según nómina: Grupo de Teatro La Peste. Página 2 del PDF. Comuna no indicada en la nómina (solo región).
FIN-0545,Financiamient o Plan de Gestión con énfasis en la creación Compañía Malabicirco,Centro Cultural Malabicirco,NO ENCONTRADO,PAOCC — Compañías de trayectoria de artes escénicas,Compañías de trayectoria,116000000,2024,NO ENCONTRADO,NO ENCONTRADO,NO ENCONTRADO,artes escénicas,NO ENCONTRADO,seleccionado,751424,COMP-0028,Malabicirco,FUE-0107,PARCIAL,2026-09-08,2026-09-08,NO ENCONTRADO,NO ENCONTRADO,Responsable según nómina: Centro Cultural Malabicirco. Página 3 del PDF. Comuna no indicada en la nómina (solo región).
FIN-0546,"""31 Años de Resistencia y Creación Teatral: Plan de Gestión de la Compañía de Teatro Escuela IluCión para la Creación y Circulación de Montajes Escénicos""",NO ENCONTRADO,CIRCULO TEATRAL INDEPENDIEN TE CTI,PAOCC — Compañías de trayectoria de artes escénicas,Compañías de trayectoria,116000000,2024,NO ENCONTRADO,NO ENCONTRADO,NO ENCONTRADO,artes escénicas,NO ENCONTRADO,seleccionado,747950,NO ENCONTRADO,NO ENCONTRADO,FUE-0107,DESCUBIERTO,2026-09-08,2026-09-08,NO ENCONTRADO,NO ENCONTRADO,Responsable según nómina: CIRCULO TEATRAL INDEPENDIEN TE CTI. Página 5 del PDF. Comuna no indicada en la nómina (solo región).
FIN-0547,enjuiciamiento a Pedro Urdemales,FUNDACION PUERTO CULTURA,NO ENCONTRADO,PAOCC — Compañías de trayectoria de artes escénicas,Compañías de trayectoria,116000000,2024,NO ENCONTRADO,NO ENCONTRADO,NO ENCONTRADO,artes escénicas,NO ENCONTRADO,seleccionado,753548,COMP-0058,Fundacion Puerto Cultura,FUE-0107,PARCIAL,2026-09-08,2026-09-08,NO ENCONTRADO,NO ENCONTRADO,Responsable según nómina: FUNDACION PUERTO CULTURA. Página 5 del PDF. Comuna no indicada en la nómina (solo región).
FIN-0548,LANZARTE TEATRO,COLECTIVO DE TEATRO LANZARTE,NO ENCONTRADO,PAOCC — Compañías de trayectoria de artes escénicas,Compañías de trayectoria,116000000,2024,NO ENCONTRADO,NO ENCONTRADO,NO ENCONTRADO,artes escénicas,NO ENCONTRADO,seleccionado,759179,COMP-0078,Lanzarte Teatro,FUE-0107,PARCIAL,2026-09-08,2026-09-08,NO ENCONTRADO,NO ENCONTRADO,Responsable según nómina: COLECTIVO DE TEATRO LANZARTE. Página 6 del PDF. Comuna no indicada en la nómina (solo región).
FIN-0549,Corredor Danza Valparaíso - Feria Internacional de Danza Tanzmesse NRW,NO ENCONTRADO,MILCA NICOLE GALEA ROBLES,Fondo de Artes Escénicas,Asistencia a Instancias Internacionales,NO ENCONTRADO,2024,NO ENCONTRADO,NO ENCONTRADO,NO ENCONTRADO,artes escénicas,NO ENCONTRADO,seleccionado,739106,NO ENCONTRADO,NO ENCONTRADO,FUE-0108,DESCUBIERTO,2026-09-08,2026-09-08,NO ENCONTRADO,NO ENCONTRADO,Responsable según nómina: MILCA NICOLE GALEA ROBLES. Página 2 del PDF. Comuna no indicada en la nómina (solo región).
FIN-0550,Teatro container. Proyección internacional de las artes de calle,CENTRO CULTURAL TEATRO CONTAINER,NO ENCONTRADO,Fondo de Artes Escénicas,Asistencia a Instancias Internacionales,NO ENCONTRADO,2024,NO ENCONTRADO,NO ENCONTRADO,NO ENCONTRADO,artes escénicas,NO ENCONTRADO,seleccionado,738993,COMP-0052,Centro Cultural Teatro Container,FUE-0108,PARCIAL,2026-09-08,2026-09-08,NO ENCONTRADO,NO ENCONTRADO,Responsable según nómina: CENTRO CULTURAL TEATRO CONTAINER. Página 2 del PDF. Comuna no indicada en la nómina (solo región).
FIN-0551,"Circulación Internacional La memoria de los sésiles, Astillero Teatro 2024.",NO ENCONTRADO,Gabriel Nicolás Contreras Hernández,Fondo de Artes Escénicas,Circulación Internacional,14709411,2024,NO ENCONTRADO,NO ENCONTRADO,NO ENCONTRADO,artes escénicas,NO ENCONTRADO,seleccionado,735663,NO ENCONTRADO,NO ENCONTRADO,FUE-0109,DESCUBIERTO,2026-09-08,2026-09-08,NO ENCONTRADO,NO ENCONTRADO,Responsable según nómina: Gabriel Nicolás Contreras Hernández. Página 2 del PDF. Comuna no indicada en la nómina (solo región).
FIN-0552,"Participación en XI Encuentro Internacional de Narradores Orales ""·Cántaro de Cuentos"". Itagui Colombia.",NO ENCONTRADO,Dixi Candy Gonzalez Gamboa,Fondo de Artes Escénicas,Circulación Internacional,1583757,2024,NO ENCONTRADO,NO ENCONTRADO,NO ENCONTRADO,artes escénicas,NO ENCONTRADO,seleccionado,735859,NO ENCONTRADO,NO ENCONTRADO,FUE-0109,DESCUBIERTO,2026-09-08,2026-09-08,NO ENCONTRADO,NO ENCONTRADO,Responsable según nómina: Dixi Candy Gonzalez Gamboa. Página 2 del PDF. Comuna no indicada en la nómina (solo región).
FIN-0553,Cocina Pública Festival de Belo Horizonte,CENTRO CULTURAL TEATRO CONTAINER,NO ENCONTRADO,Fondo de Artes Escénicas,Circulación Internacional,3872936,2024,NO ENCONTRADO,NO ENCONTRADO,NO ENCONTRADO,artes escénicas,NO ENCONTRADO,seleccionado,737144,COMP-0052,Centro Cultural Teatro Container,FUE-0109,PARCIAL,2026-09-08,2026-09-08,NO ENCONTRADO,NO ENCONTRADO,Responsable según nómina: CENTRO CULTURAL TEATRO CONTAINER. Página 2 del PDF. Comuna no indicada en la nómina (solo región).
FIN-0554,Wellcome to the Train - Bienvenidos al Tren,NO ENCONTRADO,Zenith Claudia Navarrete Ruiz,Fondo de Artes Escénicas,Circulación Internacional,6720598,2024,NO ENCONTRADO,NO ENCONTRADO,NO ENCONTRADO,artes escénicas,NO ENCONTRADO,seleccionado,744732,NO ENCONTRADO,NO ENCONTRADO,FUE-0110,DESCUBIERTO,2026-09-08,2026-09-08,NO ENCONTRADO,NO ENCONTRADO,Responsable según nómina: Zenith Claudia Navarrete Ruiz. Página 2 del PDF. Comuna no indicada en la nómina (solo región).
FIN-0555,Un botón en mi cabeza gira Colombia 2024,NO ENCONTRADO,Enrique Ignacio Crohare Niño,Fondo de Artes Escénicas,Circulación Internacional,4595872,2024,NO ENCONTRADO,NO ENCONTRADO,NO ENCONTRADO,artes escénicas,NO ENCONTRADO,seleccionado,745106,NO ENCONTRADO,NO ENCONTRADO,FUE-0110,DESCUBIERTO,2026-09-08,2026-09-08,NO ENCONTRADO,NO ENCONTRADO,Responsable según nómina: Enrique Ignacio Crohare Niño. Página 2 del PDF. Comuna no indicada en la nómina (solo región).
FIN-0556,"Circulación Internacional ""Cuentos que Unen"" camino a Buga 2024",NO ENCONTRADO,Gabriela Natalia Fernández Chang,Fondo de Artes Escénicas,Circulación Internacional,3329378,2024,NO ENCONTRADO,NO ENCONTRADO,NO ENCONTRADO,artes escénicas,NO ENCONTRADO,seleccionado,745165,NO ENCONTRADO,NO ENCONTRADO,FUE-0110,DESCUBIERTO,2026-09-08,2026-09-08,NO ENCONTRADO,NO ENCONTRADO,Responsable según nómina: Gabriela Natalia Fernández Chang. Página 2 del PDF. Comuna no indicada en la nómina (solo región).
FIN-0557,Participación en festival Master Crew,NO ENCONTRADO,Nicolás Da Fonseca,Fondo de Artes Escénicas,Circulación Internacional,1904503,2024,NO ENCONTRADO,NO ENCONTRADO,NO ENCONTRADO,artes escénicas,NO ENCONTRADO,seleccionado,744197,NO ENCONTRADO,NO ENCONTRADO,FUE-0110,DESCUBIERTO,2026-09-08,2026-09-08,NO ENCONTRADO,NO ENCONTRADO,Responsable según nómina: Nicolás Da Fonseca. Página 4 del PDF. Comuna no indicada en la nómina (solo región).
FIN-0558,"Ensayo sobre el ensayo —Divagaciones shakesperianas en torno al teatro, la vejez y la familia—",NO ENCONTRADO,Christian Orlando Ortega Torres,Fondo de Artes Escénicas,Trayectoria,5000000,2024,NO ENCONTRADO,NO ENCONTRADO,NO ENCONTRADO,artes escénicas,NO ENCONTRADO,seleccionado,731718,NO ENCONTRADO,NO ENCONTRADO,FUE-0111,DESCUBIERTO,2026-09-08,2026-09-08,NO ENCONTRADO,NO ENCONTRADO,Responsable según nómina: Christian Orlando Ortega Torres. Página 2 del PDF. Comuna no indicada en la nómina (solo región).
FIN-0559,Fenómenx humanx,NO ENCONTRADO,Paula Alejandra Sacur Muñoz,Fondo de Artes Escénicas,Única,4000000,2024,NO ENCONTRADO,NO ENCONTRADO,NO ENCONTRADO,artes escénicas,NO ENCONTRADO,seleccionado,731948,NO ENCONTRADO,NO ENCONTRADO,FUE-0112,DESCUBIERTO,2026-09-08,2026-09-08,NO ENCONTRADO,NO ENCONTRADO,Responsable según nómina: Paula Alejandra Sacur Muñoz. Página 2 del PDF. Comuna no indicada en la nómina (solo región).
FIN-0601,Formación artística comunitaria desde el Anfiteatro Lui Mongo,Anfiteatro Barón Lui Mongo Centro Cultural Deportivo Y Comunitario,NO ENCONTRADO,Fondart Regional,Única,9783352,2024,NO ENCONTRADO,NO ENCONTRADO,NO ENCONTRADO,artes escénicas (palabra clave en el título; por confirmar),NO ENCONTRADO,seleccionado,723123,NO ENCONTRADO,NO ENCONTRADO,FUE-0113,PARCIAL,2026-09-08,2026-09-08,NO ENCONTRADO,NO ENCONTRADO,Responsable según nómina: Anfiteatro Barón Lui Mongo Centro Cultural Deportivo Y Comunitario. Página 22 del PDF. Comuna no indicada en la nómina (solo región).
FIN-0606,"Escuela de luthería de Valparaíso, Ciudad musical",NO ENCONTRADO,Luis Felipe Del Valle Gandulfo,Fondart Regional,Única,19920416,2024,NO ENCONTRADO,NO ENCONTRADO,NO ENCONTRADO,artes escénicas (palabra clave en el título; por confirmar),NO ENCONTRADO,seleccionado,722193,NO ENCONTRADO,NO ENCONTRADO,FUE-0113,DESCUBIERTO,2026-09-08,2026-09-08,NO ENCONTRADO,NO ENCONTRADO,Responsable según nómina: Luis Felipe Del Valle Gandulfo. Página 22 del PDF. Comuna no indicada en la nómina (solo región).
FIN-0630,Catálogo digital de la obra visual de Juan Luis Martínez,Fundación Juan Luis Martínez,NO ENCONTRADO,Fondart Regional,Única,18247993,2024,NO ENCONTRADO,NO ENCONTRADO,NO ENCONTRADO,artes escénicas (palabra clave en el título; por confirmar),NO ENCONTRADO,seleccionado,723519,NO ENCONTRADO,NO ENCONTRADO,FUE-0113,PARCIAL,2026-09-08,2026-09-08,NO ENCONTRADO,NO ENCONTRADO,Responsable según nómina: Fundación Juan Luis Martínez. Página 24 del PDF. Comuna no indicada en la nómina (solo región).
FIN-0635,En cuerpo y obra serie de televisión que difunde el trabajo de artistas locales de la Región de Valparaíso,Universidad Viña del Mar,NO ENCONTRADO,Fondart Regional,Única,22843998,2024,NO ENCONTRADO,NO ENCONTRADO,NO ENCONTRADO,artes escénicas (palabra clave en el título; por confirmar),NO ENCONTRADO,seleccionado,714381,NO ENCONTRADO,NO ENCONTRADO,FUE-0113 | FUE-0122,PARCIAL,2026-09-08,2026-09-08,NO ENCONTRADO,monto: '22843998' vs '15271914'; anio: '2024' vs '2023'; folio: '714381' vs '680703',Responsable según nómina: Universidad Viña del Mar. Página 25 del PDF. Comuna no indicada en la nómina (solo región). Responsable según nómina: Universidad Viña Del Mar. Página 31 del PDF. Comuna no indicada en la nómina (solo región). Responsable según nómina: Universidad Viña del Mar. Página 25 del PDF. Comuna no indicada en la nómina (solo región). Responsable según nómina: Universidad Viña Del Mar. Página 31 del PDF. Comuna no indicada en la nómina (solo región).
FIN-0641,La desintegración de la figura humana en la obra de Edgar del Canto,NO ENCONTRADO,Edgar Alejandro Del Canto Velis,Fondart Regional,Única,22500000,2024,NO ENCONTRADO,NO ENCONTRADO,NO ENCONTRADO,artes escénicas (palabra clave en el título; por confirmar),NO ENCONTRADO,seleccionado,719727,NO ENCONTRADO,NO ENCONTRADO,FUE-0113,DESCUBIERTO,2026-09-08,2026-09-08,NO ENCONTRADO,NO ENCONTRADO,Responsable según nómina: Edgar Alejandro Del Canto Velis. Página 25 del PDF. Comuna no indicada en la nómina (solo región).
FIN-0667,"Pikunmapu ta kishulelay, el pikunmapu no está solo - obra textil mapuche",NO ENCONTRADO,Daniela Esperanza Paez Cabello,Fondart Regional,Única,11340000,2024,NO ENCONTRADO,NO ENCONTRADO,NO ENCONTRADO,artes escénicas (palabra clave en el título; por confirmar),NO ENCONTRADO,seleccionado,721589,NO ENCONTRADO,NO ENCONTRADO,FUE-0114,DESCUBIERTO,2026-09-08,2026-09-08,NO ENCONTRADO,NO ENCONTRADO,Responsable según nómina: Daniela Esperanza Paez Cabello. Página 9 del PDF. Comuna no indicada en la nómina (solo región).
FIN-0720,Recuperación e implementación sala Obra Gruesa de Espacio La compañía,Puka patrimonio y arquitectura SPA,NO ENCONTRADO,Fondart Nacional,Única,18426619,2024,NO ENCONTRADO,NO ENCONTRADO,NO ENCONTRADO,artes escénicas (palabra clave en el título; por confirmar),NO ENCONTRADO,seleccionado,724961,NO ENCONTRADO,NO ENCONTRADO,FUE-0115,PARCIAL,2026-09-08,2026-09-08,NO ENCONTRADO,NO ENCONTRADO,Responsable según nómina: Puka patrimonio y arquitectura SPA. Página 25 del PDF. Comuna no indicada en la nómina (solo región).
FIN-0742,"Máster de Diseño de Vestuario: Cine, TV y artes escénicas en España",NO ENCONTRADO,Elisa Janina Olivari Barria,Fondart Nacional,"Becas de Magíster, Master y Maestría - Formación Presencial",7500000,2024,NO ENCONTRADO,NO ENCONTRADO,NO ENCONTRADO,artes escénicas (palabra clave en el título; por confirmar),NO ENCONTRADO,seleccionado,699521,NO ENCONTRADO,NO ENCONTRADO,FUE-0116,DESCUBIERTO,2026-09-08,2026-09-08,NO ENCONTRADO,NO ENCONTRADO,Responsable según nómina: Elisa Janina Olivari Barria. Página 16 del PDF. Comuna no indicada en la nómina (solo región).
FIN-0760,LA OBRA COMO ARTEFACTO - ESTRUCTURA DEL CAMPO ESPACIAL EN EL PENSAMIENTO DEL ARQUITECTO MIGUEL EYQUEM ASTORGA,NO ENCONTRADO,Claudio Leiva Araos,Fondart Nacional,"Grupo B - (Arquitectura, diseño, artesanía o interdisciplina entre estas áreas artísticas)",14931963,2024,NO ENCONTRADO,NO ENCONTRADO,NO ENCONTRADO,artes escénicas (palabra clave en el título; por confirmar),NO ENCONTRADO,seleccionado,705431,NO ENCONTRADO,NO ENCONTRADO,FUE-0116,DESCUBIERTO,2026-09-08,2026-09-08,NO ENCONTRADO,NO ENCONTRADO,Responsable según nómina: Claudio Leiva Araos. Página 31 del PDF. Comuna no indicada en la nómina (solo región).
FIN-0763,Reconstruir la luz: aproximación experimental por medio de maquetas y fotografías para capturar la luz natural de la obra no construida de Miguel Eyquem.,NO ENCONTRADO,Oscar José Andrade Castro,Fondart Nacional,"Grupo B - (Arquitectura, diseño, artesanía o interdisciplina entre estas áreas artísticas)",14900000,2024,NO ENCONTRADO,NO ENCONTRADO,NO ENCONTRADO,artes escénicas (palabra clave en el título; por confirmar),NO ENCONTRADO,seleccionado,708288,NO ENCONTRADO,NO ENCONTRADO,FUE-0116,DESCUBIERTO,2026-09-08,2026-09-08,NO ENCONTRADO,NO ENCONTRADO,Responsable según nómina: Oscar José Andrade Castro. Página 35 del PDF. Comuna no indicada en la nómina (solo región).
FIN-0769,Diplomado en Teatro Aplicado,NO ENCONTRADO,María Paz Pizarro Jara,Fondo de Artes Escénicas,Especialización y Perfeccionamiento,2088550,2023,NO ENCONTRADO,NO ENCONTRADO,NO ENCONTRADO,artes escénicas,NO ENCONTRADO,seleccionado,658531,NO ENCONTRADO,NO ENCONTRADO,FUE-0117,DESCUBIERTO,2026-09-08,2026-09-08,NO ENCONTRADO,NO ENCONTRADO,Responsable según nómina: María Paz Pizarro Jara. Página 2 del PDF. Comuna no indicada en la nómina (solo región).
FIN-0770,Pasantía Área de Investigaciones en Mimo UBA Argentina,NO ENCONTRADO,Pablo Ignacio Abarca Carrazana,Fondo de Artes Escénicas,Especialización y Perfeccionamiento,4110072,2023,NO ENCONTRADO,NO ENCONTRADO,NO ENCONTRADO,artes escénicas,NO ENCONTRADO,seleccionado,667920,NO ENCONTRADO,NO ENCONTRADO,FUE-0117,DESCUBIERTO,2026-09-08,2026-09-08,NO ENCONTRADO,NO ENCONTRADO,Responsable según nómina: Pablo Ignacio Abarca Carrazana. Página 2 del PDF. Comuna no indicada en la nómina (solo región).
FIN-0771,Biomecánica para la eficacia de la producción vocal en la actuación teatral,NO ENCONTRADO,Valentina Valentina Fuentes Durán,Fondo de Artes Escénicas,Especialización y Perfeccionamiento,3945928,2023,NO ENCONTRADO,NO ENCONTRADO,NO ENCONTRADO,artes escénicas,NO ENCONTRADO,seleccionado,661293,NO ENCONTRADO,NO ENCONTRADO,FUE-0117,DESCUBIERTO,2026-09-08,2026-09-08,NO ENCONTRADO,persona: 'Valentina Valentina Fuentes Durán' vs 'Valentina Fuentes Durán',Responsable según nómina: Valentina Valentina Fuentes Durán. Página 2 del PDF. Comuna no indicada en la nómina (solo región).
FIN-0772,Alba emoting,NO ENCONTRADO,Natalia vanessa zuñiga ortiz,Fondo de Artes Escénicas,Especialización y Perfeccionamiento,2375000,2023,NO ENCONTRADO,NO ENCONTRADO,NO ENCONTRADO,artes escénicas,NO ENCONTRADO,seleccionado,652663,NO ENCONTRADO,NO ENCONTRADO,FUE-0117,DESCUBIERTO,2026-09-08,2026-09-08,NO ENCONTRADO,NO ENCONTRADO,Responsable según nómina: Natalia vanessa zuñiga ortiz. Página 3 del PDF. Comuna no indicada en la nómina (solo región).
FIN-0773,Diplomado en Teatro Aplicado PUC de Chile,NO ENCONTRADO,Sandra Carola Lema Ruiz,Fondo de Artes Escénicas,Especialización y Perfeccionamiento,3505490,2023,NO ENCONTRADO,NO ENCONTRADO,NO ENCONTRADO,artes escénicas,NO ENCONTRADO,seleccionado,671503,NO ENCONTRADO,NO ENCONTRADO,FUE-0117,DESCUBIERTO,2026-09-08,2026-09-08,NO ENCONTRADO,NO ENCONTRADO,Responsable según nómina: Sandra Carola Lema Ruiz. Página 3 del PDF. Comuna no indicada en la nómina (solo región).
FIN-0774,Diplomado de Extensión en Diseño Escénico,NO ENCONTRADO,Maureen Cecilia Guitart Maturana,Fondo de Artes Escénicas,Especialización y Perfeccionamiento,2590000,2023,NO ENCONTRADO,NO ENCONTRADO,NO ENCONTRADO,artes escénicas,NO ENCONTRADO,seleccionado,660037,NO ENCONTRADO,NO ENCONTRADO,FUE-0117,DESCUBIERTO,2026-09-08,2026-09-08,NO ENCONTRADO,NO ENCONTRADO,Responsable según nómina: Maureen Cecilia Guitart Maturana. Página 4 del PDF. Comuna no indicada en la nómina (solo región).
FIN-0775,Formación y Certificación Método Alba Emoting,NO ENCONTRADO,María Cristina Alcaide Cepeda,Fondo de Artes Escénicas,Especialización y Perfeccionamiento,3426000,2023,NO ENCONTRADO,NO ENCONTRADO,NO ENCONTRADO,artes escénicas,NO ENCONTRADO,seleccionado,667502,NO ENCONTRADO,NO ENCONTRADO,FUE-0117,DESCUBIERTO,2026-09-08,2026-09-08,NO ENCONTRADO,NO ENCONTRADO,Responsable según nómina: María Cristina Alcaide Cepeda. Página 5 del PDF. Comuna no indicada en la nómina (solo región).
FIN-0776,Diplomado en Dirección Escénica,NO ENCONTRADO,Ivana Paz Urtubia Vargas,Fondo de Artes Escénicas,Especialización y Perfeccionamiento,2940000,2023,NO ENCONTRADO,NO ENCONTRADO,NO ENCONTRADO,artes escénicas,NO ENCONTRADO,seleccionado,667889,NO ENCONTRADO,NO ENCONTRADO,FUE-0117,DESCUBIERTO,2026-09-08,2026-09-08,NO ENCONTRADO,NO ENCONTRADO,Responsable según nómina: Ivana Paz Urtubia Vargas. Página 6 del PDF. Comuna no indicada en la nómina (solo región).
FIN-0777,Especialización en Pedagogía Teatral modalidad presencial.,NO ENCONTRADO,Francia Yandira Pacheco Westphal,Fondo de Artes Escénicas,Especialización y Perfeccionamiento,1870200,2023,NO ENCONTRADO,NO ENCONTRADO,NO ENCONTRADO,artes escénicas,NO ENCONTRADO,seleccionado,659515,NO ENCONTRADO,NO ENCONTRADO,FUE-0117,DESCUBIERTO,2026-09-08,2026-09-08,NO ENCONTRADO,NO ENCONTRADO,Responsable según nómina: Francia Yandira Pacheco Westphal. Página 7 del PDF. Comuna no indicada en la nómina (solo región).
FIN-0778,Diplomado de Extensión en Dramaturgia,NO ENCONTRADO,Ulysis Abarquez Soza,Fondo de Artes Escénicas,Especialización y Perfeccionamiento,870000,2023,NO ENCONTRADO,NO ENCONTRADO,NO ENCONTRADO,artes escénicas,NO ENCONTRADO,seleccionado,669436,NO ENCONTRADO,NO ENCONTRADO,FUE-0117,DESCUBIERTO,2026-09-08,2026-09-08,NO ENCONTRADO,NO ENCONTRADO,Responsable según nómina: Ulysis Abarquez Soza. Página 7 del PDF. Comuna no indicada en la nómina (solo región).
FIN-0779,"Máster Universitario en Estudios Teatrales, Universidad Autónoma de Barcelona e Instituto del Teatro de Barcelona",NO ENCONTRADO,Roberto Manuel Mancilla Cruz,Fondo de Artes Escénicas,"Becas de Magíster, Máster y Maestrías",17363310,2023,NO ENCONTRADO,NO ENCONTRADO,NO ENCONTRADO,artes escénicas,NO ENCONTRADO,seleccionado,652928,NO ENCONTRADO,NO ENCONTRADO,FUE-0117,DESCUBIERTO,2026-09-08,2026-09-08,NO ENCONTRADO,NO ENCONTRADO,Responsable según nómina: Roberto Manuel Mancilla Cruz. Página 8 del PDF. Comuna no indicada en la nómina (solo región).
FIN-0780,Magister en Artes mención Estudios y Practicas Teatrales,NO ENCONTRADO,María Francisca Pérez Moraga,Fondo de Artes Escénicas,"Becas de Magíster, Máster y Maestrías",11045778,2023,NO ENCONTRADO,NO ENCONTRADO,NO ENCONTRADO,artes escénicas,NO ENCONTRADO,seleccionado,667400,NO ENCONTRADO,NO ENCONTRADO,FUE-0117,DESCUBIERTO,2026-09-08,2026-09-08,NO ENCONTRADO,NO ENCONTRADO,Responsable según nómina: María Francisca Pérez Moraga. Página 8 del PDF. Comuna no indicada en la nómina (solo región).
FIN-0781,"Arte para la emergencia: El arte, la autonomía y el teatro en los procesos de contención y reparación del trauma social.",NO ENCONTRADO,Roberto Abel Pino Sandoval,Fondo de Artes Escénicas,"Becas de Magíster, Máster y Maestrías",4582738,2023,NO ENCONTRADO,NO ENCONTRADO,NO ENCONTRADO,artes escénicas,NO ENCONTRADO,seleccionado,659102,NO ENCONTRADO,NO ENCONTRADO,FUE-0117,DESCUBIERTO,2026-09-08,2026-09-08,NO ENCONTRADO,NO ENCONTRADO,Responsable según nómina: Roberto Abel Pino Sandoval. Página 8 del PDF. Comuna no indicada en la nómina (solo región).
FIN-0782,Diseño y Construccion Escenografica - Mecánica Escenica,NO ENCONTRADO,Alvaro Recabarren Parodi,Fondo de Artes Escénicas,"Becas de Magíster, Máster y Maestrías",16812040,2023,NO ENCONTRADO,NO ENCONTRADO,NO ENCONTRADO,artes escénicas,NO ENCONTRADO,seleccionado,667936,NO ENCONTRADO,NO ENCONTRADO,FUE-0117,DESCUBIERTO,2026-09-08,2026-09-08,NO ENCONTRADO,NO ENCONTRADO,Responsable según nómina: Alvaro Recabarren Parodi. Página 9 del PDF. Comuna no indicada en la nómina (solo región).
FIN-0783,Camino Híbrido – Cursar el Magister en Antropologías Latinoamericanas de la UAH como complemento fundamental al estudio y la creación escénica con perspectiva territorial –,NO ENCONTRADO,Lucía Puime Vivas,Fondo de Artes Escénicas,"Becas de Magíster, Máster y Maestrías",5388000,2023,NO ENCONTRADO,NO ENCONTRADO,NO ENCONTRADO,artes escénicas,NO ENCONTRADO,seleccionado,668284,NO ENCONTRADO,NO ENCONTRADO,FUE-0117 | FUE-0124,DESCUBIERTO,2026-09-08,2026-09-08,NO ENCONTRADO,monto: '5388000' vs '4560000'; anio: '2023' vs '2022'; folio: '668284' vs '620951',Responsable según nómina: Lucía Puime Vivas. Página 9 del PDF. Comuna no indicada en la nómina (solo región). Responsable según nómina: Lucía Puime Vivas. Página 8 del PDF. Comuna no indicada en la nómina (solo región). Responsable según nómina: Lucía Puime Vivas. Página 9 del PDF. Comuna no indicada en la nómina (solo región). Responsable según nómina: Lucía Puime Vivas. Página 8 del PDF. Comuna no indicada en la nómina (solo región).
FIN-0784,Máster en Dramaturgia,NO ENCONTRADO,Emilio Andrés Arriagada Cordero,Fondo de Artes Escénicas,Becas Chile Crea - Fondo de Artes Escénicas,3610760,2023,NO ENCONTRADO,NO ENCONTRADO,NO ENCONTRADO,artes escénicas,NO ENCONTRADO,seleccionado,656392,NO ENCONTRADO,NO ENCONTRADO,FUE-0117,DESCUBIERTO,2026-09-08,2026-09-08,NO ENCONTRADO,NO ENCONTRADO,Responsable según nómina: Emilio Andrés Arriagada Cordero. Página 10 del PDF. Comuna no indicada en la nómina (solo región).
FIN-0785,"Gira de Llo Lle We : Ko Rüpü, el camino del agua",NO ENCONTRADO,Diego Sebastián Chamorro Ramírez,Fondo de Artes Escénicas,Circulación de montajes escénicos,14325891,2023,NO ENCONTRADO,NO ENCONTRADO,NO ENCONTRADO,artes escénicas,NO ENCONTRADO,seleccionado,670382,NO ENCONTRADO,NO ENCONTRADO,FUE-0117,DESCUBIERTO,2026-09-08,2026-09-08,NO ENCONTRADO,NO ENCONTRADO,Responsable según nómina: Diego Sebastián Chamorro Ramírez. Página 12 del PDF. Comuna no indicada en la nómina (solo región).
FIN-0786,"Circulación del espectáculo Cuentos que me contó un pajarito en establecimientos educacionales y plazas de la cuarta, quinta y sexta región",NO ENCONTRADO,Valeria Valeria Correa Rojas,Fondo de Artes Escénicas,Circulación de montajes escénicos,10143012,2023,NO ENCONTRADO,NO ENCONTRADO,NO ENCONTRADO,artes escénicas,NO ENCONTRADO,seleccionado,665807,NO ENCONTRADO,NO ENCONTRADO,FUE-0117,DESCUBIERTO,2026-09-08,2026-09-08,NO ENCONTRADO,persona: 'Valeria Valeria Correa Rojas' vs 'Valeria Correa Rojas',Responsable según nómina: Valeria Valeria Correa Rojas. Página 14 del PDF. Comuna no indicada en la nómina (solo región).
FIN-0787,Residencia de Creación Proyecto “Alterung”,NO ENCONTRADO,JENNY MARIBEL PINO MADARIAGA,Fondo de Artes Escénicas,Residencias de creación,7752628,2023,NO ENCONTRADO,NO ENCONTRADO,NO ENCONTRADO,artes escénicas,NO ENCONTRADO,seleccionado,662226,NO ENCONTRADO,NO ENCONTRADO,FUE-0117,DESCUBIERTO,2026-09-08,2026-09-08,NO ENCONTRADO,NO ENCONTRADO,Responsable según nómina: JENNY MARIBEL PINO MADARIAGA. Página 15 del PDF. Comuna no indicada en la nómina (solo región).
FIN-0788,Residencia de Creación e Investigación de Lenguaje Sensorial en Centro Cultural Espacio Diana,NO ENCONTRADO,Manuela Paz Razeto Iglesias,Fondo de Artes Escénicas,Residencias de creación,7723372,2023,NO ENCONTRADO,NO ENCONTRADO,NO ENCONTRADO,artes escénicas,NO ENCONTRADO,seleccionado,668781,NO ENCONTRADO,NO ENCONTRADO,FUE-0117,DESCUBIERTO,2026-09-08,2026-09-08,NO ENCONTRADO,NO ENCONTRADO,Responsable según nómina: Manuela Paz Razeto Iglesias. Página 16 del PDF. Comuna no indicada en la nómina (solo región).
FIN-0789,Gran Comedor: Residencia en espacio patrimonial Ex Hotel Royal,NO ENCONTRADO,VALESKA ALEJANDRA MINCHEL LISBOA,Fondo de Artes Escénicas,Residencias de creación,8000000,2023,NO ENCONTRADO,NO ENCONTRADO,NO ENCONTRADO,artes escénicas,NO ENCONTRADO,seleccionado,676750,NO ENCONTRADO,NO ENCONTRADO,FUE-0117,DESCUBIERTO,2026-09-08,2026-09-08,NO ENCONTRADO,NO ENCONTRADO,Responsable según nómina: VALESKA ALEJANDRA MINCHEL LISBOA. Página 16 del PDF. Comuna no indicada en la nómina (solo región).
FIN-0790,"DISPOSITIVOS Y SINESTESIAS, DANZAS PARA RECORDAR LA SIMPLEZA",NO ENCONTRADO,Daniela Raquel Yáñez Rojas,Fondo de Artes Escénicas,Composición coreográfica,3500000,2023,NO ENCONTRADO,NO ENCONTRADO,NO ENCONTRADO,artes escénicas,NO ENCONTRADO,seleccionado,679569,NO ENCONTRADO,NO ENCONTRADO,FUE-0117,DESCUBIERTO,2026-09-08,2026-09-08,NO ENCONTRADO,NO ENCONTRADO,Responsable según nómina: Daniela Raquel Yáñez Rojas. Página 19 del PDF. Comuna no indicada en la nómina (solo región).
FIN-0791,Asamblea,NO ENCONTRADO,Gonzalo Ignacio Olave Navarro,Fondo de Artes Escénicas,Composición para narración oral,3500000,2023,NO ENCONTRADO,NO ENCONTRADO,NO ENCONTRADO,artes escénicas,NO ENCONTRADO,seleccionado,671037,NO ENCONTRADO,NO ENCONTRADO,FUE-0117,DESCUBIERTO,2026-09-08,2026-09-08,NO ENCONTRADO,NO ENCONTRADO,Responsable según nómina: Gonzalo Ignacio Olave Navarro. Página 20 del PDF. Comuna no indicada en la nómina (solo región).
FIN-0792,Don Quijote te ha enviado una solicitud de amistad. Textos clásicos para un público joven.,NO ENCONTRADO,Carlos Andrés Basualdo Gómez,Fondo de Artes Escénicas,Composición para narración oral,3500000,2023,NO ENCONTRADO,NO ENCONTRADO,NO ENCONTRADO,artes escénicas,NO ENCONTRADO,seleccionado,674766,NO ENCONTRADO,NO ENCONTRADO,FUE-0117,DESCUBIERTO,2026-09-08,2026-09-08,NO ENCONTRADO,NO ENCONTRADO,Responsable según nómina: Carlos Andrés Basualdo Gómez. Página 20 del PDF. Comuna no indicada en la nómina (solo región).
FIN-0793,Tejido de raíz,NO ENCONTRADO,Virginia Marcela Silva Ponce,Fondo de Artes Escénicas,Composición para narración oral,3500000,2023,NO ENCONTRADO,NO ENCONTRADO,NO ENCONTRADO,artes escénicas,NO ENCONTRADO,seleccionado,681167,NO ENCONTRADO,NO ENCONTRADO,FUE-0117 | FUE-0124,DESCUBIERTO,2026-09-08,2026-09-08,NO ENCONTRADO,linea: 'Composición para narración oral' vs 'Composición Escénica/Cuentos y/o Mecanismos para la Narración Oral'; monto: '3500000' vs '3400000'; anio: '2023' vs '2022'; folio: '681167' vs '639839',Responsable según nómina: Virginia Marcela Silva Ponce. Página 20 del PDF. Comuna no indicada en la nómina (solo región). Responsable según nómina: Virginia Marcela Silva Ponce. Página 16 del PDF. Comuna no indicada en la nómina (solo región). Responsable según nómina: Virginia Marcela Silva Ponce. Página 20 del PDF. Comuna no indicada en la nómina (solo región). Responsable según nómina: Virginia Marcela Silva Ponce. Página 16 del PDF. Comuna no indicada en la nómina (solo región).
FIN-0794,"Creación dramaturgica de la obra ""testigo válido""",NO ENCONTRADO,Oscar Humberto Berrios Inostroza,Fondo de Artes Escénicas,Dramaturgia,3500000,2023,NO ENCONTRADO,NO ENCONTRADO,NO ENCONTRADO,artes escénicas,NO ENCONTRADO,seleccionado,654564,NO ENCONTRADO,NO ENCONTRADO,FUE-0117,DESCUBIERTO,2026-09-08,2026-09-08,NO ENCONTRADO,NO ENCONTRADO,Responsable según nómina: Oscar Humberto Berrios Inostroza. Página 21 del PDF. Comuna no indicada en la nómina (solo región).
FIN-0795,El beso de amor eterno,NO ENCONTRADO,Sebastián Eduardo Ayala Alveal,Fondo de Artes Escénicas,Dramaturgia,3500000,2023,NO ENCONTRADO,NO ENCONTRADO,NO ENCONTRADO,artes escénicas,NO ENCONTRADO,seleccionado,663023,NO ENCONTRADO,NO ENCONTRADO,FUE-0117,DESCUBIERTO,2026-09-08,2026-09-08,NO ENCONTRADO,NO ENCONTRADO,Responsable según nómina: Sebastián Eduardo Ayala Alveal. Página 22 del PDF. Comuna no indicada en la nómina (solo región).
FIN-0796,Chileno,NO ENCONTRADO,Fernando Alberto Mena Rojas,Fondo de Artes Escénicas,Dramaturgia,3500000,2023,NO ENCONTRADO,NO ENCONTRADO,NO ENCONTRADO,artes escénicas,NO ENCONTRADO,seleccionado,660091,NO ENCONTRADO,NO ENCONTRADO,FUE-0117 | FUE-0124,DESCUBIERTO,2026-09-08,2026-09-08,NO ENCONTRADO,linea: 'Dramaturgia' vs 'Composición Escénica/Dramaturgia'; monto: '3500000' vs '3400000'; anio: '2023' vs '2022'; folio: '660091' vs '637785',Responsable según nómina: Fernando Alberto Mena Rojas. Página 22 del PDF. Comuna no indicada en la nómina (solo región). Responsable según nómina: Fernando Alberto Mena Rojas. Página 12 del PDF. Comuna no indicada en la nómina (solo región). Responsable según nómina: Fernando Alberto Mena Rojas. Página 22 del PDF. Comuna no indicada en la nómina (solo región). Responsable según nómina: Fernando Alberto Mena Rojas. Página 12 del PDF. Comuna no indicada en la nómina (solo región).
FIN-0797,INMOLAR,NO ENCONTRADO,Katherine Elizabeth Lopez Soto,Fondo de Artes Escénicas,Dramaturgia,3500000,2023,NO ENCONTRADO,NO ENCONTRADO,NO ENCONTRADO,artes escénicas,NO ENCONTRADO,seleccionado,679243,NO ENCONTRADO,NO ENCONTRADO,FUE-0117,DESCUBIERTO,2026-09-08,2026-09-08,NO ENCONTRADO,NO ENCONTRADO,Responsable según nómina: Katherine Elizabeth Lopez Soto. Página 22 del PDF. Comuna no indicada en la nómina (solo región).
FIN-0798,Coyote,NO ENCONTRADO,Elias Cohen Braumuller,Fondo de Artes Escénicas,Interdisciplinar,3500000,2023,NO ENCONTRADO,NO ENCONTRADO,NO ENCONTRADO,artes escénicas,NO ENCONTRADO,seleccionado,680152,NO ENCONTRADO,NO ENCONTRADO,FUE-0117,DESCUBIERTO,2026-09-08,2026-09-08,NO ENCONTRADO,NO ENCONTRADO,Responsable según nómina: Elias Cohen Braumuller. Página 23 del PDF. Comuna no indicada en la nómina (solo región).
FIN-0799,Gorrión,NO ENCONTRADO,No aplica,Fondo de Artes Escénicas,Interdisciplinar,3500000,2023,NO ENCONTRADO,NO ENCONTRADO,NO ENCONTRADO,artes escénicas,NO ENCONTRADO,seleccionado,681024,NO ENCONTRADO,NO ENCONTRADO,FUE-0117 | FUE-0124,DESCUBIERTO,2026-09-08,2026-09-08,NO ENCONTRADO,persona: 'No aplica' vs 'Sandra Rojas Farías'; linea: 'Interdisciplinar' vs 'Composición Escénica / Interdisciplinar'; monto: '3500000' vs '3400000'; anio: '2023' vs '2022'; folio: '681024' vs '639819',Responsable según nómina: No aplica. Página 23 del PDF. Comuna no indicada en la nómina (solo región). Responsable según nómina: Sandra Rojas Farías. Página 15 del PDF. Comuna no indicada en la nómina (solo región). Responsable según nómina: No aplica. Página 23 del PDF. Comuna no indicada en la nómina (solo región). Responsable según nómina: Sandra Rojas Farías. Página 15 del PDF. Comuna no indicada en la nómina (solo región).
FIN-0800,“Todo esto está en ti o la locura será la dolorosa pasión de estos paisajes” Obra de circo contemporáneo inspirada en la poesía de Raul Zurita.,NO ENCONTRADO,Paula Andrea Jirkal Briones,Fondo de Artes Escénicas,Circo,19996767,2023,NO ENCONTRADO,NO ENCONTRADO,NO ENCONTRADO,artes escénicas,NO ENCONTRADO,seleccionado,665252,NO ENCONTRADO,NO ENCONTRADO,FUE-0117,DESCUBIERTO,2026-09-08,2026-09-08,NO ENCONTRADO,NO ENCONTRADO,Responsable según nómina: Paula Andrea Jirkal Briones. Página 24 del PDF. Comuna no indicada en la nómina (solo región).
FIN-0801,INSANIA,NO ENCONTRADO,Miguel Angel Soto Echeverria,Fondo de Artes Escénicas,Danza,9939173,2023,NO ENCONTRADO,NO ENCONTRADO,NO ENCONTRADO,artes escénicas,NO ENCONTRADO,seleccionado,676135,NO ENCONTRADO,NO ENCONTRADO,FUE-0117,DESCUBIERTO,2026-09-08,2026-09-08,NO ENCONTRADO,NO ENCONTRADO,Responsable según nómina: Miguel Angel Soto Echeverria. Página 26 del PDF. Comuna no indicada en la nómina (solo región).
FIN-0802,"""Historias para Imaginar"" : Cápsulas de Cuentacuentos para recintos de salud",NO ENCONTRADO,Claudia Andrea Bravo Bonulef,Fondo de Artes Escénicas,NARRACIÓN ORAL,8584437,2023,NO ENCONTRADO,NO ENCONTRADO,NO ENCONTRADO,artes escénicas,NO ENCONTRADO,seleccionado,660726,NO ENCONTRADO,NO ENCONTRADO,FUE-0117,DESCUBIERTO,2026-09-08,2026-09-08,NO ENCONTRADO,NO ENCONTRADO,Responsable según nómina: Claudia Andrea Bravo Bonulef. Página 27 del PDF. Comuna no indicada en la nómina (solo región).
FIN-0803,"Bastián y Bastiana, una ópera mágica en la isla de Chiloé",NO ENCONTRADO,Irene Isola Yañez Torres,Fondo de Artes Escénicas,Ópera,24996171,2023,NO ENCONTRADO,NO ENCONTRADO,NO ENCONTRADO,artes escénicas,NO ENCONTRADO,seleccionado,654185,NO ENCONTRADO,NO ENCONTRADO,FUE-0117,DESCUBIERTO,2026-09-08,2026-09-08,NO ENCONTRADO,NO ENCONTRADO,Responsable según nómina: Irene Isola Yañez Torres. Página 27 del PDF. Comuna no indicada en la nómina (solo región).
FIN-0804,"""El Empresario"" (W.A. Mozart) - Peripecias de un agente teatral en el Chile de hoy",NO ENCONTRADO,Mónica Alejandra Álvarez Figueroa,Fondo de Artes Escénicas,Ópera,20531331,2023,NO ENCONTRADO,NO ENCONTRADO,NO ENCONTRADO,artes escénicas,NO ENCONTRADO,seleccionado,679933,NO ENCONTRADO,NO ENCONTRADO,FUE-0117,DESCUBIERTO,2026-09-08,2026-09-08,NO ENCONTRADO,NO ENCONTRADO,Responsable según nómina: Mónica Alejandra Álvarez Figueroa. Página 27 del PDF. Comuna no indicada en la nómina (solo región).
FIN-0805,Pulso de un hombre homosexual latinoamericano,NO ENCONTRADO,José Antonio Soto Luer,Fondo de Artes Escénicas,Teatro,19398215,2023,NO ENCONTRADO,NO ENCONTRADO,NO ENCONTRADO,artes escénicas,NO ENCONTRADO,seleccionado,659950,NO ENCONTRADO,NO ENCONTRADO,FUE-0117,DESCUBIERTO,2026-09-08,2026-09-08,NO ENCONTRADO,NO ENCONTRADO,Responsable según nómina: José Antonio Soto Luer. Página 29 del PDF. Comuna no indicada en la nómina (solo región).
FIN-0806,La historia de una mujer que regaba su planta con una cuchara,NO ENCONTRADO,Angela Paulina Sepulveda Rojas,Fondo de Artes Escénicas,Teatro,19352458,2023,NO ENCONTRADO,NO ENCONTRADO,NO ENCONTRADO,artes escénicas,NO ENCONTRADO,seleccionado,661127,NO ENCONTRADO,NO ENCONTRADO,FUE-0117,DESCUBIERTO,2026-09-08,2026-09-08,NO ENCONTRADO,NO ENCONTRADO,Responsable según nómina: Angela Paulina Sepulveda Rojas. Página 29 del PDF. Comuna no indicada en la nómina (solo región).
FIN-0807,Hoguera,ORGANIZACION COMUNITARIA ARTISTICA CULTURAL Y EDUCATIVA LA WASHA,NO ENCONTRADO,Fondo de Artes Escénicas,Teatro,19335639,2023,NO ENCONTRADO,NO ENCONTRADO,NO ENCONTRADO,artes escénicas,NO ENCONTRADO,seleccionado,660079,COMP-0046,Organizacion Comunitaria Artistica Cultural y Educativa la Washa,FUE-0117,PARCIAL,2026-09-08,2026-09-08,NO ENCONTRADO,NO ENCONTRADO,Responsable según nómina: ORGANIZACION COMUNITARIA ARTISTICA CULTURAL Y EDUCATIVA LA WASHA. Página 29 del PDF. Comuna no indicada en la nómina (solo región).
FIN-0808,Alicia Morel y los reinos de la Tierra,NO ENCONTRADO,Alejandra Estrella Thayer Joui,Fondo de Artes Escénicas,Títeres,14965185,2023,NO ENCONTRADO,NO ENCONTRADO,NO ENCONTRADO,artes escénicas,NO ENCONTRADO,seleccionado,663895,NO ENCONTRADO,NO ENCONTRADO,FUE-0117,DESCUBIERTO,2026-09-08,2026-09-08,NO ENCONTRADO,NO ENCONTRADO,Responsable según nómina: Alejandra Estrella Thayer Joui. Página 32 del PDF. Comuna no indicada en la nómina (solo región).
FIN-0809,A la Memoria de Carla korman,NO ENCONTRADO,Paola Alejandra Escudero Navia,Fondo de Artes Escénicas,Títeres,11325427,2023,NO ENCONTRADO,NO ENCONTRADO,NO ENCONTRADO,artes escénicas,NO ENCONTRADO,seleccionado,681029,NO ENCONTRADO,NO ENCONTRADO,FUE-0117,DESCUBIERTO,2026-09-08,2026-09-08,NO ENCONTRADO,NO ENCONTRADO,Responsable según nómina: Paola Alejandra Escudero Navia. Página 32 del PDF. Comuna no indicada en la nómina (solo región).
FIN-0810,El barniz del desierto,NO ENCONTRADO,Oscar Humberto Berrios Inostroza,Fondo de Artes Escénicas,Títeres,14999584,2023,NO ENCONTRADO,NO ENCONTRADO,NO ENCONTRADO,artes escénicas,NO ENCONTRADO,seleccionado,661966,NO ENCONTRADO,NO ENCONTRADO,FUE-0117,DESCUBIERTO,2026-09-08,2026-09-08,NO ENCONTRADO,NO ENCONTRADO,Responsable según nómina: Oscar Humberto Berrios Inostroza. Página 32 del PDF. Comuna no indicada en la nómina (solo región).
FIN-0811,En Defensa Propia,COMPAÑÍA DE TEATRO FUERA DE LUGAR LIMITADA,NO ENCONTRADO,Fondo de Artes Escénicas,Interdisciplinar,14998491,2023,NO ENCONTRADO,NO ENCONTRADO,NO ENCONTRADO,artes escénicas,NO ENCONTRADO,seleccionado,675847,COMP-0082,Compañía de Teatro Fuera de Lugar,FUE-0117,PARCIAL,2026-09-08,2026-09-08,NO ENCONTRADO,NO ENCONTRADO,Responsable según nómina: COMPAÑÍA DE TEATRO FUERA DE LUGAR LIMITADA. Página 33 del PDF. Comuna no indicada en la nómina (solo región).
FIN-0812,Partes y Piezas,NO ENCONTRADO,Luciana Gabriela Mosca Spinetto,Fondo de Artes Escénicas,Circo,24140300,2023,NO ENCONTRADO,NO ENCONTRADO,NO ENCONTRADO,artes escénicas,NO ENCONTRADO,seleccionado,653463,NO ENCONTRADO,NO ENCONTRADO,FUE-0117,DESCUBIERTO,2026-09-08,2026-09-08,NO ENCONTRADO,NO ENCONTRADO,Responsable según nómina: Luciana Gabriela Mosca Spinetto. Página 34 del PDF. Comuna no indicada en la nómina (solo región).
FIN-0813,La memoria de los sésiles,NO ENCONTRADO,Gabriel Nicolás Contreras Hernández,Fondo de Artes Escénicas,Teatro,27629944,2023,NO ENCONTRADO,NO ENCONTRADO,NO ENCONTRADO,artes escénicas,NO ENCONTRADO,seleccionado,679688,NO ENCONTRADO,NO ENCONTRADO,FUE-0117,DESCUBIERTO,2026-09-08,2026-09-08,NO ENCONTRADO,NO ENCONTRADO,Responsable según nómina: Gabriel Nicolás Contreras Hernández. Página 37 del PDF. Comuna no indicada en la nómina (solo región).
FIN-0814,"La Ruta de La Quebrada. Relatos, Canciones y Recetas de una Comunidad",NO ENCONTRADO,Ana Catherine Sagredo Núñez,Fondo de Artes Escénicas,Títeres,23803445,2023,NO ENCONTRADO,NO ENCONTRADO,NO ENCONTRADO,artes escénicas,NO ENCONTRADO,seleccionado,665748,NO ENCONTRADO,NO ENCONTRADO,FUE-0117,DESCUBIERTO,2026-09-08,2026-09-08,NO ENCONTRADO,NO ENCONTRADO,Responsable según nómina: Ana Catherine Sagredo Núñez. Página 39 del PDF. Comuna no indicada en la nómina (solo región).
FIN-0815,Chalo te cuenta el cuento a la hora del té,NO ENCONTRADO,Gonzalo Ignacio Olave Navarro,Fondo de Artes Escénicas,Medios de difusión,4976966,2023,NO ENCONTRADO,NO ENCONTRADO,NO ENCONTRADO,artes escénicas,NO ENCONTRADO,seleccionado,672442,NO ENCONTRADO,NO ENCONTRADO,FUE-0117,DESCUBIERTO,2026-09-08,2026-09-08,NO ENCONTRADO,NO ENCONTRADO,Responsable según nómina: Gonzalo Ignacio Olave Navarro. Página 40 del PDF. Comuna no indicada en la nómina (solo región).
FIN-0816,Celebrando 20 años del Teatro Municipal de Casablanca,ILUSTRE MUNICIPALIDAD DE CASABLANCA,NO ENCONTRADO,Fondo de Artes Escénicas,Única,13160109,2023,NO ENCONTRADO,NO ENCONTRADO,NO ENCONTRADO,artes escénicas,NO ENCONTRADO,seleccionado,671900,NO ENCONTRADO,NO ENCONTRADO,FUE-0117,PARCIAL,2026-09-08,2026-09-08,NO ENCONTRADO,NO ENCONTRADO,Responsable según nómina: ILUSTRE MUNICIPALIDAD DE CASABLANCA. Página 42 del PDF. Comuna no indicada en la nómina (solo región).
FIN-0817,Fortalecimiento de la capacidad técnica de iluminación del Teatro Municipal de Valparaíso,I. Municipalidad de Valparaíso,NO ENCONTRADO,Fondo de Artes Escénicas,Única,14895927,2023,NO ENCONTRADO,NO ENCONTRADO,NO ENCONTRADO,artes escénicas,NO ENCONTRADO,seleccionado,680605,NO ENCONTRADO,NO ENCONTRADO,FUE-0117,PARCIAL,2026-09-08,2026-09-08,NO ENCONTRADO,NO ENCONTRADO,Responsable según nómina: I. Municipalidad de Valparaíso. Página 42 del PDF. Comuna no indicada en la nómina (solo región).
FIN-0818,Adquisición consola sonido para teatro municipal San Felipe,Ilustre Municipalidad de San Felipe,NO ENCONTRADO,Fondo de Artes Escénicas,Única,14095501,2023,NO ENCONTRADO,NO ENCONTRADO,NO ENCONTRADO,artes escénicas,NO ENCONTRADO,seleccionado,678088,NO ENCONTRADO,NO ENCONTRADO,FUE-0117,PARCIAL,2026-09-08,2026-09-08,NO ENCONTRADO,NO ENCONTRADO,Responsable según nómina: Ilustre Municipalidad de San Felipe. Página 43 del PDF. Comuna no indicada en la nómina (solo región).
FIN-0819,Prácticas escénicas y performativas como estrategia ecológica en Chile (2010-2021).,NO ENCONTRADO,Paulina Bronfman Colovatti,Fondo de Artes Escénicas,Investigación teórica,14200000,2023,NO ENCONTRADO,NO ENCONTRADO,NO ENCONTRADO,artes escénicas,NO ENCONTRADO,seleccionado,677101,NO ENCONTRADO,NO ENCONTRADO,FUE-0117,DESCUBIERTO,2026-09-08,2026-09-08,NO ENCONTRADO,NO ENCONTRADO,Responsable según nómina: Paulina Bronfman Colovatti. Página 44 del PDF. Comuna no indicada en la nómina (solo región).
FIN-0820,"Myriam Espinoza Vergara, 50 años dedicados al Teatro Social en Valparaíso. Valoración de la vida, obra y contribución a las artes escénicas de la destacada actriz y directora porteña",Universidad de Valparaíso,NO ENCONTRADO,Fondo de Artes Escénicas,Archivos escénicos,8529800,2023,NO ENCONTRADO,NO ENCONTRADO,NO ENCONTRADO,artes escénicas,NO ENCONTRADO,seleccionado,669404,NO ENCONTRADO,NO ENCONTRADO,FUE-0117,PARCIAL,2026-09-08,2026-09-08,NO ENCONTRADO,NO ENCONTRADO,Responsable según nómina: Universidad de Valparaíso. Página 46 del PDF. Comuna no indicada en la nómina (solo región).
FIN-0821,Remontaje Obra Polución Diálogos con Pedro Lemebel Colectivo La Fuga,NO ENCONTRADO,Daniela Paz Nuñez Gonzalez,Fondo de Artes Escénicas,Remontajes escénicos,12457692,2023,NO ENCONTRADO,NO ENCONTRADO,NO ENCONTRADO,artes escénicas,NO ENCONTRADO,seleccionado,666169,NO ENCONTRADO,NO ENCONTRADO,FUE-0117,DESCUBIERTO,2026-09-08,2026-09-08,NO ENCONTRADO,NO ENCONTRADO,Responsable según nómina: Daniela Paz Nuñez Gonzalez. Página 49 del PDF. Comuna no indicada en la nómina (solo región).
FIN-0822,"Programa de formación en artes escénicas, para personas mayores de la comunidad de Villa Alemana",NO ENCONTRADO,Carlos Andrés Craig Sepulveds,Fondo de Artes Escénicas,Públicos y comunidades,4950000,2023,NO ENCONTRADO,NO ENCONTRADO,NO ENCONTRADO,artes escénicas,NO ENCONTRADO,seleccionado,659167,NO ENCONTRADO,NO ENCONTRADO,FUE-0117 | FUE-0124,DESCUBIERTO,2026-09-08,2026-09-08,NO ENCONTRADO,monto: '4950000' vs '4999764'; anio: '2023' vs '2022'; folio: '659167' vs '625888',Responsable según nómina: Carlos Andrés Craig Sepulveds. Página 52 del PDF. Comuna no indicada en la nómina (solo región). Responsable según nómina: Carlos Andrés Craig Sepulveds. Página 46 del PDF. Comuna no indicada en la nómina (solo región). Responsable según nómina: Carlos Andrés Craig Sepulveds. Página 52 del PDF. Comuna no indicada en la nómina (solo región). Responsable según nómina: Carlos Andrés Craig Sepulveds. Página 46 del PDF. Comuna no indicada en la nómina (solo región).
FIN-0823,"Teatro y Educación: Espacio de perfeccionamiento para docentes, artistas educadores y agentes comunitarios: Incorporando herramientas teatrales en la educación",Organización Comunitaria Artística Cultural y Deportiva La Coraje,NO ENCONTRADO,Fondo de Artes Escénicas,Públicos y comunidades,4934824,2023,NO ENCONTRADO,NO ENCONTRADO,NO ENCONTRADO,artes escénicas,NO ENCONTRADO,seleccionado,665497,COMP-0054,Organización Comunitaria Artística Cultural y Deportiva La Coraje,FUE-0117,PARCIAL,2026-09-08,2026-09-08,NO ENCONTRADO,NO ENCONTRADO,Responsable según nómina: Organización Comunitaria Artística Cultural y Deportiva La Coraje. Página 52 del PDF. Comuna no indicada en la nómina (solo región).
FIN-0824,Radioteatro: proceso formativo para personas mayores,Asociación Parque Cultural de Valparaíso,NO ENCONTRADO,Fondo de Artes Escénicas,Públicos y comunidades,4963219,2023,NO ENCONTRADO,NO ENCONTRADO,NO ENCONTRADO,artes escénicas,NO ENCONTRADO,seleccionado,660244,COMP-0061,Asociación Parque Cultural de Valparaíso,FUE-0117,PARCIAL,2026-09-08,2026-09-08,NO ENCONTRADO,NO ENCONTRADO,Responsable según nómina: Asociación Parque Cultural de Valparaíso. Página 53 del PDF. Comuna no indicada en la nómina (solo región).
FIN-0825,3ra Versión: Proceso formativo Comparsa de Figurines Zorritos manada de Puertas Negras.,NO ENCONTRADO,Mariela Leonor Diaz Rivera,Fondo de Artes Escénicas,Públicos y comunidades,4701027,2023,NO ENCONTRADO,NO ENCONTRADO,NO ENCONTRADO,artes escénicas,NO ENCONTRADO,seleccionado,673838,NO ENCONTRADO,NO ENCONTRADO,FUE-0117,DESCUBIERTO,2026-09-08,2026-09-08,NO ENCONTRADO,NO ENCONTRADO,Responsable según nómina: Mariela Leonor Diaz Rivera. Página 53 del PDF. Comuna no indicada en la nómina (solo región).
FIN-0826,"ESCUELA ARTES ESCENICAS SORDAS “ARTESCESOR""",FUNDACION POR UN CHILE INCLUSIVO,NO ENCONTRADO,Fondo de Artes Escénicas,Profesionalización del sector,9989776,2023,NO ENCONTRADO,NO ENCONTRADO,NO ENCONTRADO,artes escénicas,NO ENCONTRADO,seleccionado,681188,COMP-0062,Fundacion Por Un Chile Inclusivo,FUE-0117,PARCIAL,2026-09-08,2026-09-08,NO ENCONTRADO,NO ENCONTRADO,Responsable según nómina: FUNDACION POR UN CHILE INCLUSIVO. Página 56 del PDF. Comuna no indicada en la nómina (solo región).
FIN-0827,"Continuidad del proyecto Les Cárites, Escuela de Formación y Perfeccionamiento de las Artes del Transformismo",Corporación Educación Arte Cultura,NO ENCONTRADO,Fondo de Artes Escénicas,Profesionalización del sector,9900910,2023,NO ENCONTRADO,NO ENCONTRADO,NO ENCONTRADO,artes escénicas,NO ENCONTRADO,seleccionado,680898,COMP-0063,Corporación Educación Arte Cultura,FUE-0117,PARCIAL,2026-09-08,2026-09-08,NO ENCONTRADO,NO ENCONTRADO,Responsable según nómina: Corporación Educación Arte Cultura. Página 58 del PDF. Comuna no indicada en la nómina (solo región).
FIN-0828,Congreso Internacional de Malabarismo y Artes Circenses (CIMAC) Valparaíso 2023- 2024,Centro Cultural Malabicirco,NO ENCONTRADO,Fondo de Artes Escénicas,Festivales y encuentros de trayectoria,69144003,2023,NO ENCONTRADO,NO ENCONTRADO,NO ENCONTRADO,artes escénicas,NO ENCONTRADO,seleccionado,675044,COMP-0028,Malabicirco,FUE-0118,PARCIAL,2026-09-08,2026-09-08,NO ENCONTRADO,NO ENCONTRADO,Responsable según nómina: Centro Cultural Malabicirco. Página 2 del PDF. Comuna no indicada en la nómina (solo región).
FIN-0829,7° FESTILAMBE de Valparaíso - Festival Internacional de Teatro Lambe Lambe de Chile - Compartiendo Humanidad,Fundación OANI de Teatro,NO ENCONTRADO,Fondo de Artes Escénicas,Festivales y encuentros de trayectoria,46988136,2023,NO ENCONTRADO,NO ENCONTRADO,NO ENCONTRADO,artes escénicas,NO ENCONTRADO,seleccionado,655799,COMP-0008,Fundación OANI de Teatro,FUE-0118,PARCIAL,2026-09-08,2026-09-08,NO ENCONTRADO,NO ENCONTRADO,Responsable según nómina: Fundación OANI de Teatro. Página 2 del PDF. Comuna no indicada en la nómina (solo región).
FIN-0830,III Encuentro EN PRACTICA danza contacto improvisación Valparaíso,NO ENCONTRADO,Maria Daniela Villanueva Tolosa,Fondo de Artes Escénicas,Festivales y encuentros nacionales,14222253,2023,NO ENCONTRADO,NO ENCONTRADO,NO ENCONTRADO,artes escénicas,NO ENCONTRADO,seleccionado,655495,NO ENCONTRADO,NO ENCONTRADO,FUE-0118,DESCUBIERTO,2026-09-08,2026-09-08,NO ENCONTRADO,NO ENCONTRADO,Responsable según nómina: Maria Daniela Villanueva Tolosa. Página 3 del PDF. Comuna no indicada en la nómina (solo región).
FIN-0831,GESTA 6ta versión del Festival de artes escénicas de mujeres,NO ENCONTRADO,Paula Alejandra Céspedes Vergara,Fondo de Artes Escénicas,Festivales y encuentros nacionales,48240590,2023,NO ENCONTRADO,NO ENCONTRADO,NO ENCONTRADO,artes escénicas,NO ENCONTRADO,seleccionado,658416,NO ENCONTRADO,NO ENCONTRADO,FUE-0118,DESCUBIERTO,2026-09-08,2026-09-08,NO ENCONTRADO,NO ENCONTRADO,Responsable según nómina: Paula Alejandra Céspedes Vergara. Página 5 del PDF. Comuna no indicada en la nómina (solo región).
FIN-0832,"Danzalborde 18 años, construyendo una nueva realidad.",Sociedad de Artes Escénicas escenalborde Limitada,NO ENCONTRADO,Fondo de Artes Escénicas,Festivales y encuentros nacionales,49475145,2023,NO ENCONTRADO,NO ENCONTRADO,NO ENCONTRADO,artes escénicas,NO ENCONTRADO,seleccionado,676510,COMP-0064,Sociedad de Artes Escénicas escenalborde Limitada,FUE-0118,PARCIAL,2026-09-08,2026-09-08,NO ENCONTRADO,NO ENCONTRADO,Responsable según nómina: Sociedad de Artes Escénicas escenalborde Limitada. Página 5 del PDF. Comuna no indicada en la nómina (solo región).
FIN-0833,Segundo Encuentro de narración accesible e inclusiva: ENAI 2023,NO ENCONTRADO,Pablo Ignacio Abarca Carrazana,Fondo de Artes Escénicas,Festivales y encuentros regionales,24036238,2023,NO ENCONTRADO,NO ENCONTRADO,NO ENCONTRADO,artes escénicas,NO ENCONTRADO,seleccionado,667799,NO ENCONTRADO,NO ENCONTRADO,FUE-0118,DESCUBIERTO,2026-09-08,2026-09-08,NO ENCONTRADO,NO ENCONTRADO,Responsable según nómina: Pablo Ignacio Abarca Carrazana. Página 6 del PDF. Comuna no indicada en la nómina (solo región).
FIN-0834,I Festival de la Niñez Hijuelas,Sabia Escuela de Saberes,NO ENCONTRADO,Fondo de Artes Escénicas,Festivales y encuentros regionales,24997166,2023,NO ENCONTRADO,NO ENCONTRADO,NO ENCONTRADO,artes escénicas,NO ENCONTRADO,seleccionado,668865,COMP-0065,Sabia Escuela de Saberes,FUE-0118,PARCIAL,2026-09-08,2026-09-08,NO ENCONTRADO,NO ENCONTRADO,Responsable según nómina: Sabia Escuela de Saberes. Página 6 del PDF. Comuna no indicada en la nómina (solo región).
FIN-0835,SATORI: ENCUENTRO LABORATORIOS ESCÉNICOS VALPARAÍSO,NO ENCONTRADO,Natalia Francisca Silva Valenzuela,Fondo de Artes Escénicas,Festivales y encuentros regionales,21528000,2023,NO ENCONTRADO,NO ENCONTRADO,NO ENCONTRADO,artes escénicas,NO ENCONTRADO,seleccionado,680638,NO ENCONTRADO,NO ENCONTRADO,FUE-0118,DESCUBIERTO,2026-09-08,2026-09-08,NO ENCONTRADO,NO ENCONTRADO,Responsable según nómina: Natalia Francisca Silva Valenzuela. Página 8 del PDF. Comuna no indicada en la nómina (solo región).
FIN-0836,Agenda de vinculación internacional para la Agrupación de Teatro e Investigación Otro Cuerpo: Consolidando nuestro proyecto binacional de Accesibilidad para las artes escénicas.,NO ENCONTRADO,Nathalia Denisse Mardones Subiabre,Fondo de Artes Escénicas,Circulación Internacional,4999379,2023,NO ENCONTRADO,NO ENCONTRADO,NO ENCONTRADO,artes escénicas,NO ENCONTRADO,seleccionado,686962,NO ENCONTRADO,NO ENCONTRADO,FUE-0119,DESCUBIERTO,2026-09-08,2026-09-08,NO ENCONTRADO,NO ENCONTRADO,Responsable según nómina: Nathalia Denisse Mardones Subiabre. Página 2 del PDF. Comuna no indicada en la nómina (solo región).
FIN-0837,"Corredor Danza Valparaíso, Gira USA y México. Afianzando Redes de Internacionalización para la Danza",NO ENCONTRADO,Eliana Eugenia Huerta Pasten,Fondo de Artes Escénicas,Circulación Internacional,19205276,2023,NO ENCONTRADO,NO ENCONTRADO,NO ENCONTRADO,artes escénicas,NO ENCONTRADO,seleccionado,692701,NO ENCONTRADO,NO ENCONTRADO,FUE-0120,DESCUBIERTO,2026-09-08,2026-09-08,NO ENCONTRADO,NO ENCONTRADO,Responsable según nómina: Eliana Eugenia Huerta Pasten. Página 2 del PDF. Comuna no indicada en la nómina (solo región).
FIN-0838,"Agenda de internacionalización y apropiación de conocimiento en gestión, creación y producción en artes escénicas. Intercambio entre la Compañía Teatro a la Deriva de Valparaíso y Red Fábricas de Creación de Barcelona",NO ENCONTRADO,Sebastián Eduardo Ayala Alveal,Fondo de Artes Escénicas,Circulación Internacional,1100668,2023,NO ENCONTRADO,NO ENCONTRADO,NO ENCONTRADO,artes escénicas,NO ENCONTRADO,seleccionado,691630,NO ENCONTRADO,NO ENCONTRADO,FUE-0120,DESCUBIERTO,2026-09-08,2026-09-08,NO ENCONTRADO,NO ENCONTRADO,Responsable según nómina: Sebastián Eduardo Ayala Alveal. Página 2 del PDF. Comuna no indicada en la nómina (solo región).
FIN-0852,La luz: de imagen a lenguaje. El rol de la luz en la obra Ecotono.,NO ENCONTRADO,Karin Mabel Astudillo Sánchez,Fondart Nacional,"Magíster, master y maestrías",3297159,2023,NO ENCONTRADO,NO ENCONTRADO,NO ENCONTRADO,artes escénicas (palabra clave en el título; por confirmar),NO ENCONTRADO,seleccionado,672265,NO ENCONTRADO,NO ENCONTRADO,FUE-0121,DESCUBIERTO,2026-09-08,2026-09-08,NO ENCONTRADO,NO ENCONTRADO,Responsable según nómina: Karin Mabel Astudillo Sánchez. Página 24 del PDF. Comuna no indicada en la nómina (solo región).
FIN-0915,Materialización Bioarchitectures CosmoEcology: la primera obra chilena de arte y ciencia en el espacio (ISS),NO ENCONTRADO,Luis Bernardo Guzmán Martínez,Fondart Nacional,Artes visuales,12210014,2023,NO ENCONTRADO,NO ENCONTRADO,NO ENCONTRADO,artes escénicas (palabra clave en el título; por confirmar),NO ENCONTRADO,seleccionado,667709,NO ENCONTRADO,NO ENCONTRADO,FUE-0121,DESCUBIERTO,2026-09-08,2026-09-08,NO ENCONTRADO,NO ENCONTRADO,Responsable según nómina: Luis Bernardo Guzmán Martínez. Página 76 del PDF. Comuna no indicada en la nómina (solo región).
FIN-0931,Laberinto Coreográfico - Experiencia kinestésica del espacio arquitectónico,NO ENCONTRADO,Paula Andrea Olmedo Latoja,Fondart Nacional,Arquitectura,13847000,2023,NO ENCONTRADO,NO ENCONTRADO,NO ENCONTRADO,artes escénicas (palabra clave en el título; por confirmar),NO ENCONTRADO,seleccionado,668664,NO ENCONTRADO,NO ENCONTRADO,FUE-0121,DESCUBIERTO,2026-09-08,2026-09-08,NO ENCONTRADO,NO ENCONTRADO,Responsable según nómina: Paula Andrea Olmedo Latoja. Página 96 del PDF. Comuna no indicada en la nómina (solo región).
FIN-0954,"Forma, construcción y tiempo. La radicalidad de la obra arquitectónica de Fabio Cruz Prieto (1956-2007)",NO ENCONTRADO,Igor de Moraes Fracalossi,Fondart Nacional,Única,14927987,2023,NO ENCONTRADO,NO ENCONTRADO,NO ENCONTRADO,artes escénicas (palabra clave en el título; por confirmar),NO ENCONTRADO,seleccionado,653824,NO ENCONTRADO,NO ENCONTRADO,FUE-0121,DESCUBIERTO,2026-09-08,2026-09-08,NO ENCONTRADO,NO ENCONTRADO,Responsable según nómina: Igor de Moraes Fracalossi. Página 129 del PDF. Comuna no indicada en la nómina (solo región).
FIN-0955,CATALOGACION OBRA GRAFICA DE ROBERTO MATTA DESDE 1943,NO ENCONTRADO,Galería de Arte Tarquinia,Fondart Nacional,Única,14987409,2023,NO ENCONTRADO,NO ENCONTRADO,NO ENCONTRADO,artes escénicas (palabra clave en el título; por confirmar),NO ENCONTRADO,seleccionado,669246,NO ENCONTRADO,NO ENCONTRADO,FUE-0121,DESCUBIERTO,2026-09-08,2026-09-08,NO ENCONTRADO,NO ENCONTRADO,Responsable según nómina: Galería de Arte Tarquinia. Página 129 del PDF. Comuna no indicada en la nómina (solo región).
FIN-0958,Catálogo de obra Draco Maturana,NO ENCONTRADO,Andrea Maturana Reichenstein,Fondart Nacional,Única,10769200,2023,NO ENCONTRADO,NO ENCONTRADO,NO ENCONTRADO,artes escénicas (palabra clave en el título; por confirmar),NO ENCONTRADO,seleccionado,674621,NO ENCONTRADO,NO ENCONTRADO,FUE-0121,DESCUBIERTO,2026-09-08,2026-09-08,NO ENCONTRADO,NO ENCONTRADO,Responsable según nómina: Andrea Maturana Reichenstein. Página 133 del PDF. Comuna no indicada en la nómina (solo región).
FIN-0975,"Segundo Congreso Arte Sonoro y Nuevos Medios- Valparaíso, Chile.",Centro De Investigación Musical Autónomo Cima,NO ENCONTRADO,Fondart Regional,Única,11372987,2023,NO ENCONTRADO,NO ENCONTRADO,NO ENCONTRADO,artes escénicas (palabra clave en el título; por confirmar),NO ENCONTRADO,seleccionado,676810,NO ENCONTRADO,NO ENCONTRADO,FUE-0122,PARCIAL,2026-09-08,2026-09-08,NO ENCONTRADO,NO ENCONTRADO,Responsable según nómina: Centro De Investigación Musical Autónomo Cima. Página 27 del PDF. Comuna no indicada en la nómina (solo región).
FIN-0999,Catálogo de obra 2006- 2022 de Verónica Soto Carvajal,NO ENCONTRADO,Veronica Estefania Soto Carvajal,Fondart Regional,Única,14565807,2023,NO ENCONTRADO,NO ENCONTRADO,NO ENCONTRADO,artes escénicas (palabra clave en el título; por confirmar),NO ENCONTRADO,seleccionado,664675,NO ENCONTRADO,NO ENCONTRADO,FUE-0122,DESCUBIERTO,2026-09-08,2026-09-08,NO ENCONTRADO,NO ENCONTRADO,Responsable según nómina: Veronica Estefania Soto Carvajal. Página 30 del PDF. Comuna no indicada en la nómina (solo región).
FIN-1005,"Topío, una página web para visualizar la obra de una artista multidisciplinaria",NO ENCONTRADO,Sandra Sofía Abarca Fariña,Fondart Regional,Única,10826810,2023,NO ENCONTRADO,NO ENCONTRADO,NO ENCONTRADO,artes escénicas (palabra clave en el título; por confirmar),NO ENCONTRADO,seleccionado,659839,NO ENCONTRADO,NO ENCONTRADO,FUE-0122,DESCUBIERTO,2026-09-08,2026-09-08,NO ENCONTRADO,NO ENCONTRADO,Responsable según nómina: Sandra Sofía Abarca Fariña. Página 30 del PDF. Comuna no indicada en la nómina (solo región).
FIN-1006,Formación Nivel Instructora en el Método de Alba Emoting,NO ENCONTRADO,María José Farfal Díaz,Fondo de Artes Escénicas,Becas de Especialización y Perfeccionamiento,2884280,2022,NO ENCONTRADO,NO ENCONTRADO,NO ENCONTRADO,artes escénicas,NO ENCONTRADO,seleccionado,630023,NO ENCONTRADO,NO ENCONTRADO,FUE-0124,DESCUBIERTO,2026-09-08,2026-09-08,NO ENCONTRADO,NO ENCONTRADO,Responsable según nómina: María José Farfal Díaz. Página 2 del PDF. Comuna no indicada en la nómina (solo región).
FIN-1007,Pasantía de investigación: performance & activismos,NO ENCONTRADO,Sibila Sotomayor Van Rysseghem,Fondo de Artes Escénicas,Becas de Especialización y Perfeccionamiento,3000000,2022,NO ENCONTRADO,NO ENCONTRADO,NO ENCONTRADO,artes escénicas,NO ENCONTRADO,seleccionado,621480,NO ENCONTRADO,NO ENCONTRADO,FUE-0124,DESCUBIERTO,2026-09-08,2026-09-08,NO ENCONTRADO,NO ENCONTRADO,Responsable según nómina: Sibila Sotomayor Van Rysseghem. Página 2 del PDF. Comuna no indicada en la nómina (solo región).
FIN-1008,Formación en el Centro Internacional Artístico Roy Hart,NO ENCONTRADO,Valentina Valentina Fuentes Durán,Fondo de Artes Escénicas,Becas de Especialización y Perfeccionamiento,3781647,2022,NO ENCONTRADO,NO ENCONTRADO,NO ENCONTRADO,artes escénicas,NO ENCONTRADO,seleccionado,624443,NO ENCONTRADO,NO ENCONTRADO,FUE-0124,DESCUBIERTO,2026-09-08,2026-09-08,NO ENCONTRADO,persona: 'Valentina Valentina Fuentes Durán' vs 'Valentina Fuentes Durán',Responsable según nómina: Valentina Valentina Fuentes Durán. Página 2 del PDF. Comuna no indicada en la nómina (solo región).
FIN-1009,Programa de formación en Método Alba Emoting,NO ENCONTRADO,Dixi Candy Gonzalez Gamboa,Fondo de Artes Escénicas,Becas de Especialización y Perfeccionamiento,4351725,2022,NO ENCONTRADO,NO ENCONTRADO,NO ENCONTRADO,artes escénicas,NO ENCONTRADO,seleccionado,627700,NO ENCONTRADO,NO ENCONTRADO,FUE-0124,DESCUBIERTO,2026-09-08,2026-09-08,NO ENCONTRADO,NO ENCONTRADO,Responsable según nómina: Dixi Candy Gonzalez Gamboa. Página 4 del PDF. Comuna no indicada en la nómina (solo región).
FIN-1010,"Diplomado Internacional de Clown. Universidad del Bosque- Bogotá, Colombia",NO ENCONTRADO,Maria Juliana Castro Stevani,Fondo de Artes Escénicas,Becas de Especialización y Perfeccionamiento,2124944,2022,NO ENCONTRADO,NO ENCONTRADO,NO ENCONTRADO,artes escénicas,NO ENCONTRADO,seleccionado,620776,NO ENCONTRADO,NO ENCONTRADO,FUE-0124,DESCUBIERTO,2026-09-08,2026-09-08,NO ENCONTRADO,NO ENCONTRADO,Responsable según nómina: Maria Juliana Castro Stevani. Página 4 del PDF. Comuna no indicada en la nómina (solo región).
FIN-1011,Estudios en el programa de Magíster en Teoría e Historia del Arte en la Universidad de Chile,NO ENCONTRADO,Ignacio Barrales Pizarro,Fondo de Artes Escénicas,"Becas de Magíster, Máster y Maestrías",7164000,2022,NO ENCONTRADO,NO ENCONTRADO,NO ENCONTRADO,artes escénicas,NO ENCONTRADO,seleccionado,629063,NO ENCONTRADO,NO ENCONTRADO,FUE-0124,DESCUBIERTO,2026-09-08,2026-09-08,NO ENCONTRADO,NO ENCONTRADO,Responsable según nómina: Ignacio Barrales Pizarro. Página 5 del PDF. Comuna no indicada en la nómina (solo región).
FIN-1012,Finalización de master en Teatro Universidad de las artes Amsterdam,NO ENCONTRADO,Ébana Ébana Garín Coronel,Fondo de Artes Escénicas,"Becas de Magíster, Máster y Maestrías",5747832,2022,NO ENCONTRADO,NO ENCONTRADO,NO ENCONTRADO,artes escénicas,NO ENCONTRADO,seleccionado,627648,NO ENCONTRADO,NO ENCONTRADO,FUE-0124,DESCUBIERTO,2026-09-08,2026-09-08,NO ENCONTRADO,persona: 'Ébana Ébana Garín Coronel' vs 'Ébana Garín Coronel',Responsable según nómina: Ébana Ébana Garín Coronel. Página 5 del PDF. Comuna no indicada en la nómina (solo región).
FIN-1013,"Continuidad de estudios, 2º año (2022), Maestrìa Profesional en Danza Énfasis Formación Dancística, Escuela de Danza, Universidad Nacional de Costa Rica",NO ENCONTRADO,Jonathan Andrés Bórquez Bórquez,Fondo de Artes Escénicas,"Becas de Magíster, Máster y Maestrías",1397452,2022,NO ENCONTRADO,NO ENCONTRADO,NO ENCONTRADO,artes escénicas,NO ENCONTRADO,seleccionado,617003,NO ENCONTRADO,NO ENCONTRADO,FUE-0124,DESCUBIERTO,2026-09-08,2026-09-08,NO ENCONTRADO,persona: 'Jonathan Andrés Bórquez Bórquez' vs 'Jonathan Andrés Bórquez',Responsable según nómina: Jonathan Andrés Bórquez Bórquez. Página 5 del PDF. Comuna no indicada en la nómina (solo región).
FIN-1014,Master en Proyectos Culturales en el Espacio Público. Paris 1,NO ENCONTRADO,Nicolás José Eyzaguirre Bravo,Fondo de Artes Escénicas,"Becas de Magíster, Máster y Maestrías",11299430,2022,NO ENCONTRADO,NO ENCONTRADO,NO ENCONTRADO,artes escénicas,NO ENCONTRADO,seleccionado,616304,NO ENCONTRADO,NO ENCONTRADO,FUE-0124,DESCUBIERTO,2026-09-08,2026-09-08,NO ENCONTRADO,NO ENCONTRADO,Responsable según nómina: Nicolás José Eyzaguirre Bravo. Página 6 del PDF. Comuna no indicada en la nómina (solo región).
FIN-1015,"Máster en Psicodrama Psicoanalítico para la aplicación del psicodrama como herramienta metodológica y terapéutica dentro del aula enfocada en NNA (niños, niñas y adolescentes) de Educación Básica de la comuna de Quintero, región de Valparaíso.",NO ENCONTRADO,Allyson Marjorie Muñoz Palma,Fondo de Artes Escénicas,"Becas de Magíster, Máster y Maestrías",14048715,2022,NO ENCONTRADO,NO ENCONTRADO,NO ENCONTRADO,artes escénicas,NO ENCONTRADO,seleccionado,625692,NO ENCONTRADO,NO ENCONTRADO,FUE-0124,DESCUBIERTO,2026-09-08,2026-09-08,NO ENCONTRADO,NO ENCONTRADO,Responsable según nómina: Allyson Marjorie Muñoz Palma. Página 6 del PDF. Comuna no indicada en la nómina (solo región).
FIN-1016,Resistencia o la reivindicación de un derecho colectivo,NO ENCONTRADO,Daffne Andrea Valdés Vargas,Fondo de Artes Escénicas,Circulación Nacional,14990894,2022,NO ENCONTRADO,NO ENCONTRADO,NO ENCONTRADO,artes escénicas,NO ENCONTRADO,seleccionado,619953,NO ENCONTRADO,NO ENCONTRADO,FUE-0124,DESCUBIERTO,2026-09-08,2026-09-08,NO ENCONTRADO,NO ENCONTRADO,Responsable según nómina: Daffne Andrea Valdés Vargas. Página 8 del PDF. Comuna no indicada en la nómina (solo región).
FIN-1017,AMA DE EXTREMO A EXTREMO CIRCULACIÓN ONLINE,NO ENCONTRADO,Fabiola Stefany Díaz Romero,Fondo de Artes Escénicas,Circulación Nacional,4324790,2022,NO ENCONTRADO,NO ENCONTRADO,NO ENCONTRADO,artes escénicas,NO ENCONTRADO,seleccionado,628579,NO ENCONTRADO,NO ENCONTRADO,FUE-0124,DESCUBIERTO,2026-09-08,2026-09-08,NO ENCONTRADO,NO ENCONTRADO,Responsable según nómina: Fabiola Stefany Díaz Romero. Página 8 del PDF. Comuna no indicada en la nómina (solo región).
FIN-1018,Circulación Nacional montaje escénico transdisciplinar El fuego que llevamos dentro. Por la memoria de Nicole Saavedra Bahamondes.,NO ENCONTRADO,Sebastián Eduardo Ayala Alveal,Fondo de Artes Escénicas,Circulación Nacional,9110000,2022,NO ENCONTRADO,NO ENCONTRADO,NO ENCONTRADO,artes escénicas,NO ENCONTRADO,seleccionado,629827,NO ENCONTRADO,NO ENCONTRADO,FUE-0124,DESCUBIERTO,2026-09-08,2026-09-08,NO ENCONTRADO,NO ENCONTRADO,Responsable según nómina: Sebastián Eduardo Ayala Alveal. Página 8 del PDF. Comuna no indicada en la nómina (solo región).
FIN-1019,"Escritura de obra dramática ""La familia Reor""",NO ENCONTRADO,Maríajosé Razon Valencia,Fondo de Artes Escénicas,Composición Escénica/Dramaturgia,3400000,2022,NO ENCONTRADO,NO ENCONTRADO,NO ENCONTRADO,artes escénicas,NO ENCONTRADO,seleccionado,637552,NO ENCONTRADO,NO ENCONTRADO,FUE-0124,DESCUBIERTO,2026-09-08,2026-09-08,NO ENCONTRADO,NO ENCONTRADO,Responsable según nómina: Maríajosé Razon Valencia. Página 11 del PDF. Comuna no indicada en la nómina (solo región).
FIN-1020,Proyecto de Escritura de obra DOS PAREJAS GRITÁNDOSE EN UN LIVING COMEDOR,NO ENCONTRADO,Bruce George Malcolm Gibbons Fell,Fondo de Artes Escénicas,Composición Escénica/Dramaturgia,3400000,2022,NO ENCONTRADO,NO ENCONTRADO,NO ENCONTRADO,artes escénicas,NO ENCONTRADO,seleccionado,638248,NO ENCONTRADO,NO ENCONTRADO,FUE-0124,DESCUBIERTO,2026-09-08,2026-09-08,NO ENCONTRADO,NO ENCONTRADO,Responsable según nómina: Bruce George Malcolm Gibbons Fell. Página 12 del PDF. Comuna no indicada en la nómina (solo región).
FIN-1021,Rosita - vodevil en dos actos,NO ENCONTRADO,Miguel Antonio Farías Vásquez,Fondo de Artes Escénicas,Composición Escénica/Composición de Ópera,3400000,2022,NO ENCONTRADO,NO ENCONTRADO,NO ENCONTRADO,artes escénicas,NO ENCONTRADO,seleccionado,638805,NO ENCONTRADO,NO ENCONTRADO,FUE-0124,DESCUBIERTO,2026-09-08,2026-09-08,NO ENCONTRADO,NO ENCONTRADO,Responsable según nómina: Miguel Antonio Farías Vásquez. Página 12 del PDF. Comuna no indicada en la nómina (solo región).
FIN-1022,Memorias en tren,NO ENCONTRADO,Zenith Claudia Navarrete Ruiz,Fondo de Artes Escénicas,Composición Escénica/Cuentos y/o Mecanismos para la Narración Oral,3400000,2022,NO ENCONTRADO,NO ENCONTRADO,NO ENCONTRADO,artes escénicas,NO ENCONTRADO,seleccionado,629395,NO ENCONTRADO,NO ENCONTRADO,FUE-0124,DESCUBIERTO,2026-09-08,2026-09-08,NO ENCONTRADO,NO ENCONTRADO,Responsable según nómina: Zenith Claudia Navarrete Ruiz. Página 16 del PDF. Comuna no indicada en la nómina (solo región).
FIN-1023,ANDERSEN + LORCA o cómo ir hilvanando un cuento con retazos de poemas,NO ENCONTRADO,ENOE CAROLINE COULON DENDAL,Fondo de Artes Escénicas,Residencias de Creación,7037320,2022,NO ENCONTRADO,NO ENCONTRADO,NO ENCONTRADO,artes escénicas,NO ENCONTRADO,seleccionado,634248,NO ENCONTRADO,NO ENCONTRADO,FUE-0124,DESCUBIERTO,2026-09-08,2026-09-08,NO ENCONTRADO,NO ENCONTRADO,Responsable según nómina: ENOE CAROLINE COULON DENDAL. Página 16 del PDF. Comuna no indicada en la nómina (solo región).
FIN-1024,Residencia Quásar: Materialidad vocal y corporalidad sonora,NO ENCONTRADO,Juan Esteban Meza Cartes,Fondo de Artes Escénicas,Residencias de Creación,7734700,2022,NO ENCONTRADO,NO ENCONTRADO,NO ENCONTRADO,artes escénicas,NO ENCONTRADO,seleccionado,623753,NO ENCONTRADO,NO ENCONTRADO,FUE-0124,DESCUBIERTO,2026-09-08,2026-09-08,NO ENCONTRADO,NO ENCONTRADO,Responsable según nómina: Juan Esteban Meza Cartes. Página 17 del PDF. Comuna no indicada en la nómina (solo región).
FIN-1025,INFORME PARA UNA ACADEMIA,NO ENCONTRADO,Christopher Camilo Ortega Silva,Fondo de Artes Escénicas,Creación y Producción/Teatro,19761264,2022,NO ENCONTRADO,NO ENCONTRADO,NO ENCONTRADO,artes escénicas,NO ENCONTRADO,seleccionado,618662,NO ENCONTRADO,NO ENCONTRADO,FUE-0124,DESCUBIERTO,2026-09-08,2026-09-08,NO ENCONTRADO,NO ENCONTRADO,Responsable según nómina: Christopher Camilo Ortega Silva. Página 18 del PDF. Comuna no indicada en la nómina (solo región).
FIN-1026,"Creación y Producción de la obra infantil La Llave Secreta, por la liberación de las aguas.",NO ENCONTRADO,Lucia Francisca Silva Vegas,Fondo de Artes Escénicas,Creación y Producción/Teatro,19907224,2022,NO ENCONTRADO,NO ENCONTRADO,NO ENCONTRADO,artes escénicas,NO ENCONTRADO,seleccionado,624711,NO ENCONTRADO,NO ENCONTRADO,FUE-0124,DESCUBIERTO,2026-09-08,2026-09-08,NO ENCONTRADO,NO ENCONTRADO,Responsable según nómina: Lucia Francisca Silva Vegas. Página 18 del PDF. Comuna no indicada en la nómina (solo región).
FIN-1027,La reminiscencia del hombre que parecía un siervo,NO ENCONTRADO,José Antonio Soto Luer,Fondo de Artes Escénicas,Creación y Producción/Teatro,19191078,2022,NO ENCONTRADO,NO ENCONTRADO,NO ENCONTRADO,artes escénicas,NO ENCONTRADO,seleccionado,623207,NO ENCONTRADO,NO ENCONTRADO,FUE-0124,DESCUBIERTO,2026-09-08,2026-09-08,NO ENCONTRADO,NO ENCONTRADO,Responsable según nómina: José Antonio Soto Luer. Página 19 del PDF. Comuna no indicada en la nómina (solo región).
FIN-1028,Terrapolis,NO ENCONTRADO,Bárbara Andrea Pestan Florás,Fondo de Artes Escénicas,Creación y Producción/Teatro,19999568,2022,NO ENCONTRADO,NO ENCONTRADO,NO ENCONTRADO,artes escénicas,NO ENCONTRADO,seleccionado,619587,NO ENCONTRADO,NO ENCONTRADO,FUE-0124,DESCUBIERTO,2026-09-08,2026-09-08,NO ENCONTRADO,NO ENCONTRADO,Responsable según nómina: Bárbara Andrea Pestan Florás. Página 19 del PDF. Comuna no indicada en la nómina (solo región).
FIN-1029,"Salamandra, Diálogos in Memoriam...",NO ENCONTRADO,Jonathan Andrés Bórquez Bórquez,Fondo de Artes Escénicas,Creación y Producción/Danza,17565710,2022,NO ENCONTRADO,NO ENCONTRADO,NO ENCONTRADO,artes escénicas,NO ENCONTRADO,seleccionado,623237,NO ENCONTRADO,NO ENCONTRADO,FUE-0124,DESCUBIERTO,2026-09-08,2026-09-08,NO ENCONTRADO,persona: 'Jonathan Andrés Bórquez Bórquez' vs 'Jonathan Andrés Bórquez',Responsable según nómina: Jonathan Andrés Bórquez Bórquez. Página 20 del PDF. Comuna no indicada en la nómina (solo región).
FIN-1030,"Nativos Polinizadores, Espectáculo callejero con Títeres de gran Formato",NO ENCONTRADO,Waleska Arleth Vilches Valdivia,Fondo de Artes Escénicas,Creación y Producción/Títeres,14993525,2022,NO ENCONTRADO,NO ENCONTRADO,NO ENCONTRADO,artes escénicas,NO ENCONTRADO,seleccionado,629605,NO ENCONTRADO,NO ENCONTRADO,FUE-0124,DESCUBIERTO,2026-09-08,2026-09-08,NO ENCONTRADO,NO ENCONTRADO,Responsable según nómina: Waleska Arleth Vilches Valdivia. Página 22 del PDF. Comuna no indicada en la nómina (solo región).
FIN-1031,Los Reinos de la Tierra (Centenario Alicia Morel),NO ENCONTRADO,Alejandra Estrella Thayer Joui,Fondo de Artes Escénicas,Creación y Producción/Títeres,13561000,2022,NO ENCONTRADO,NO ENCONTRADO,NO ENCONTRADO,artes escénicas,NO ENCONTRADO,seleccionado,637795,NO ENCONTRADO,NO ENCONTRADO,FUE-0124,DESCUBIERTO,2026-09-08,2026-09-08,NO ENCONTRADO,NO ENCONTRADO,Responsable según nómina: Alejandra Estrella Thayer Joui. Página 22 del PDF. Comuna no indicada en la nómina (solo región).
FIN-1032,"Clowntra todos espectáculo clown con adultos mayores, basado en Macbeth de William Shakespeare",NO ENCONTRADO,Camilo Andres Romero Rojas,Fondo de Artes Escénicas,Creación y Producción /Interdisciplinar,14988326,2022,NO ENCONTRADO,NO ENCONTRADO,NO ENCONTRADO,artes escénicas,NO ENCONTRADO,seleccionado,620430,NO ENCONTRADO,NO ENCONTRADO,FUE-0124,DESCUBIERTO,2026-09-08,2026-09-08,NO ENCONTRADO,NO ENCONTRADO,Responsable según nómina: Camilo Andres Romero Rojas. Página 23 del PDF. Comuna no indicada en la nómina (solo región).
FIN-1033,"""Cuéntamelo a los ojos"": espectáculo de narración gestual para la comunidad sorda",NO ENCONTRADO,Pablo Ignacio Abarca Carrazana,Fondo de Artes Escénicas,Creación y Producción/Narración Oral,11947835,2022,NO ENCONTRADO,NO ENCONTRADO,NO ENCONTRADO,artes escénicas,NO ENCONTRADO,seleccionado,634929,NO ENCONTRADO,NO ENCONTRADO,FUE-0124,DESCUBIERTO,2026-09-08,2026-09-08,NO ENCONTRADO,NO ENCONTRADO,Responsable según nómina: Pablo Ignacio Abarca Carrazana. Página 24 del PDF. Comuna no indicada en la nómina (solo región).
FIN-1034,"""FIN; último episodio Trilogía de la Catástrofe""",NO ENCONTRADO,Danilo Patricio Llanos Quezada,Fondo de Artes Escénicas,Trayectoria/Teatro,29437926,2022,NO ENCONTRADO,NO ENCONTRADO,NO ENCONTRADO,artes escénicas,NO ENCONTRADO,seleccionado,619893,NO ENCONTRADO,NO ENCONTRADO,FUE-0124,DESCUBIERTO,2026-09-08,2026-09-08,NO ENCONTRADO,NO ENCONTRADO,Responsable según nómina: Danilo Patricio Llanos Quezada. Página 24 del PDF. Comuna no indicada en la nómina (solo región).
FIN-1035,LA CASA TRANSPARENTE (O LOS SUEÑOS DEL HABITANTE),NO ENCONTRADO,Enrique Alejandro Saldes Aliaga,Fondo de Artes Escénicas,Trayectoria/Danza,19784225,2022,NO ENCONTRADO,NO ENCONTRADO,NO ENCONTRADO,artes escénicas,NO ENCONTRADO,seleccionado,628694,NO ENCONTRADO,NO ENCONTRADO,FUE-0124,DESCUBIERTO,2026-09-08,2026-09-08,NO ENCONTRADO,NO ENCONTRADO,Responsable según nómina: Enrique Alejandro Saldes Aliaga. Página 27 del PDF. Comuna no indicada en la nómina (solo región).
FIN-1036,"""TRIPULACION PARAISO"",DISPARATE CIRCO ROCK, PURO CIRCO CHILENO.",NO ENCONTRADO,Patricio Alejandro Nuñez rojas,Fondo de Artes Escénicas,Trayectoria/Circo,29610451,2022,NO ENCONTRADO,NO ENCONTRADO,NO ENCONTRADO,artes escénicas,NO ENCONTRADO,seleccionado,620261,NO ENCONTRADO,NO ENCONTRADO,FUE-0124,DESCUBIERTO,2026-09-08,2026-09-08,NO ENCONTRADO,NO ENCONTRADO,Responsable según nómina: Patricio Alejandro Nuñez rojas. Página 27 del PDF. Comuna no indicada en la nómina (solo región).
FIN-1037,Miniserie: Inventor de Alma,NO ENCONTRADO,Felipe Arturo Lira Araya,Fondo de Artes Escénicas,Trayectoria/Títeres,14000000,2022,NO ENCONTRADO,NO ENCONTRADO,NO ENCONTRADO,artes escénicas,NO ENCONTRADO,seleccionado,621715,NO ENCONTRADO,NO ENCONTRADO,FUE-0124,DESCUBIERTO,2026-09-08,2026-09-08,NO ENCONTRADO,NO ENCONTRADO,Responsable según nómina: Felipe Arturo Lira Araya. Página 28 del PDF. Comuna no indicada en la nómina (solo región).
FIN-1038,"Actos Impuros: Proyecto interdisciplinar a partir de la obra de Pier Paolo Pasolini, en el año de su centenario.",NO ENCONTRADO,Vanesa Andrea Torres Pita,Fondo de Artes Escénicas,Trayectoria/ Interdisciplinar,12121973,2022,NO ENCONTRADO,NO ENCONTRADO,NO ENCONTRADO,artes escénicas,NO ENCONTRADO,seleccionado,621089,NO ENCONTRADO,NO ENCONTRADO,FUE-0124,DESCUBIERTO,2026-09-08,2026-09-08,NO ENCONTRADO,NO ENCONTRADO,Responsable según nómina: Vanesa Andrea Torres Pita. Página 28 del PDF. Comuna no indicada en la nómina (solo región).
FIN-1039,desHIELO,NO ENCONTRADO,Camila Cristina Landon Vío,Fondo de Artes Escénicas,Trayectoria/ Interdisciplinar,29992100,2022,NO ENCONTRADO,NO ENCONTRADO,NO ENCONTRADO,artes escénicas,NO ENCONTRADO,seleccionado,621999,NO ENCONTRADO,NO ENCONTRADO,FUE-0124,DESCUBIERTO,2026-09-08,2026-09-08,NO ENCONTRADO,NO ENCONTRADO,Responsable según nómina: Camila Cristina Landon Vío. Página 29 del PDF. Comuna no indicada en la nómina (solo región).
FIN-1040,Joaquín y el Burro obra interdisciplinar para la primera infancia,NO ENCONTRADO,Sara Sophia Cecchetto Schmidlin,Fondo de Artes Escénicas,Trayectoria/ Interdisciplinar,16391029,2022,NO ENCONTRADO,NO ENCONTRADO,NO ENCONTRADO,artes escénicas,NO ENCONTRADO,seleccionado,615945,NO ENCONTRADO,NO ENCONTRADO,FUE-0124,DESCUBIERTO,2026-09-08,2026-09-08,NO ENCONTRADO,NO ENCONTRADO,Responsable según nómina: Sara Sophia Cecchetto Schmidlin. Página 29 del PDF. Comuna no indicada en la nómina (solo región).
FIN-1041,Únete al Baile! (...de las que sobran) Transdisciplinas para la Libertad.,NO ENCONTRADO,Myriam Elizabeth Chavez Gonzalez,Fondo de Artes Escénicas,Trayectoria/ Interdisciplinar,17196617,2022,NO ENCONTRADO,NO ENCONTRADO,NO ENCONTRADO,artes escénicas,NO ENCONTRADO,seleccionado,637741,NO ENCONTRADO,NO ENCONTRADO,FUE-0124,DESCUBIERTO,2026-09-08,2026-09-08,NO ENCONTRADO,NO ENCONTRADO,Responsable según nómina: Myriam Elizabeth Chavez Gonzalez. Página 29 del PDF. Comuna no indicada en la nómina (solo región).
FIN-1042,CANAL DANZA TV,PUERTO AUDIOVISUAL E.I.R.L.,NO ENCONTRADO,Fondo de Artes Escénicas,Medios de Difusión,5992000,2022,NO ENCONTRADO,NO ENCONTRADO,NO ENCONTRADO,artes escénicas,NO ENCONTRADO,seleccionado,639739,COMP-0066,Puerto Audiovisual E.i.r.l.,FUE-0124,PARCIAL,2026-09-08,2026-09-08,NO ENCONTRADO,NO ENCONTRADO,Responsable según nómina: PUERTO AUDIOVISUAL E.I.R.L.. Página 31 del PDF. Comuna no indicada en la nómina (solo región).
FIN-1043,creación pagina web para compañía Teatro Atota,"Agrupacion Cultural, Deportiva, Social, Recreativa, Educacional F.R.VALPO",NO ENCONTRADO,Fondo de Artes Escénicas,Medios de Difusión,5974914,2022,NO ENCONTRADO,NO ENCONTRADO,NO ENCONTRADO,artes escénicas,NO ENCONTRADO,seleccionado,635888,COMP-0067,"Agrupacion Cultural, Deportiva, Social, Recreativa, Educacional F.R.VALPO",FUE-0124,PARCIAL,2026-09-08,2026-09-08,NO ENCONTRADO,NO ENCONTRADO,"Responsable según nómina: Agrupacion Cultural, Deportiva, Social, Recreativa, Educacional F.R.VALPO. Página 31 del PDF. Comuna no indicada en la nómina (solo región)."
FIN-1044,"Cooperativa Corredor Danza Valparaíso, asociatividad como estrategia para la sustentabilidad del trabajo",NO ENCONTRADO,MILCA NICOLE GALEA ROBLES,Fondo de Artes Escénicas,Fomento a la Asociatividad,9996312,2022,NO ENCONTRADO,NO ENCONTRADO,NO ENCONTRADO,artes escénicas,NO ENCONTRADO,seleccionado,628841,NO ENCONTRADO,NO ENCONTRADO,FUE-0124,DESCUBIERTO,2026-09-08,2026-09-08,NO ENCONTRADO,NO ENCONTRADO,Responsable según nómina: MILCA NICOLE GALEA ROBLES. Página 34 del PDF. Comuna no indicada en la nómina (solo región).
FIN-1045,Ópera contemporánea: Lo político como elemento constitutivo en óperas chilenas y argentinas post- dictadura.,NO ENCONTRADO,Miguel Antonio Farías Vásquez,Fondo de Artes Escénicas,Investigación Teórica,8008000,2022,NO ENCONTRADO,NO ENCONTRADO,NO ENCONTRADO,artes escénicas,NO ENCONTRADO,seleccionado,639905,NO ENCONTRADO,NO ENCONTRADO,FUE-0124,DESCUBIERTO,2026-09-08,2026-09-08,NO ENCONTRADO,NO ENCONTRADO,Responsable según nómina: Miguel Antonio Farías Vásquez. Página 36 del PDF. Comuna no indicada en la nómina (solo región).
FIN-1046,Descorriendo tupidos velos: cartografía teatral de directoras porteñas en el siglo XXI,NO ENCONTRADO,Verónica Lucía Sentis Herrmann,Fondo de Artes Escénicas,Investigación Teórica,9969976,2022,NO ENCONTRADO,NO ENCONTRADO,NO ENCONTRADO,artes escénicas,NO ENCONTRADO,seleccionado,616657,NO ENCONTRADO,NO ENCONTRADO,FUE-0124,DESCUBIERTO,2026-09-08,2026-09-08,NO ENCONTRADO,NO ENCONTRADO,Responsable según nómina: Verónica Lucía Sentis Herrmann. Página 36 del PDF. Comuna no indicada en la nómina (solo región).
FIN-1047,La infancia es la casa que habitaremos para siempre.,NO ENCONTRADO,Abril Alejandra Sandoval Espinoza,Fondo de Artes Escénicas,Producción de Montajes Escénicos,9990000,2022,NO ENCONTRADO,NO ENCONTRADO,NO ENCONTRADO,artes escénicas,NO ENCONTRADO,seleccionado,635561,NO ENCONTRADO,NO ENCONTRADO,FUE-0124,DESCUBIERTO,2026-09-08,2026-09-08,NO ENCONTRADO,NO ENCONTRADO,Responsable según nómina: Abril Alejandra Sandoval Espinoza. Página 39 del PDF. Comuna no indicada en la nómina (solo región).
FIN-1048,Remontaje Mujer de Preñez Húngara 2022,NO ENCONTRADO,Christian David Oyarzún Navarrete,Fondo de Artes Escénicas,Remontajes Escénicos,14232794,2022,NO ENCONTRADO,NO ENCONTRADO,NO ENCONTRADO,artes escénicas,NO ENCONTRADO,seleccionado,638645,NO ENCONTRADO,NO ENCONTRADO,FUE-0124,DESCUBIERTO,2026-09-08,2026-09-08,NO ENCONTRADO,NO ENCONTRADO,Responsable según nómina: Christian David Oyarzún Navarrete. Página 40 del PDF. Comuna no indicada en la nómina (solo región).
FIN-1049,Remontaje Obra de Teatro EL ABISMO DE LOS PÁJAROS,NO ENCONTRADO,María Angélica Luzzi Olsen,Fondo de Artes Escénicas,Remontajes Escénicos,14187300,2022,NO ENCONTRADO,NO ENCONTRADO,NO ENCONTRADO,artes escénicas,NO ENCONTRADO,seleccionado,621778,NO ENCONTRADO,NO ENCONTRADO,FUE-0124,DESCUBIERTO,2026-09-08,2026-09-08,NO ENCONTRADO,NO ENCONTRADO,Responsable según nómina: María Angélica Luzzi Olsen. Página 40 del PDF. Comuna no indicada en la nómina (solo región).
FIN-1050,Primer Programa Anual de Formación Regional en Diseño Escénico para la Macro Zona Centro,NO ENCONTRADO,Jorge Antonio Espinoza Galindo,Fondo de Artes Escénicas,Profesionalización del Sector,9882771,2022,NO ENCONTRADO,NO ENCONTRADO,NO ENCONTRADO,artes escénicas,NO ENCONTRADO,seleccionado,628418,NO ENCONTRADO,NO ENCONTRADO,FUE-0124,DESCUBIERTO,2026-09-08,2026-09-08,NO ENCONTRADO,NO ENCONTRADO,Responsable según nómina: Jorge Antonio Espinoza Galindo. Página 42 del PDF. Comuna no indicada en la nómina (solo región).
FIN-1051,FAM Formación en Artes del Movimiento I Edición La anormalidad de los anormales,NO ENCONTRADO,ELENA LUCAS ACERO,Fondo de Artes Escénicas,Profesionalización del Sector,7611330,2022,NO ENCONTRADO,NO ENCONTRADO,NO ENCONTRADO,artes escénicas,NO ENCONTRADO,seleccionado,622085,NO ENCONTRADO,NO ENCONTRADO,FUE-0124,DESCUBIERTO,2026-09-08,2026-09-08,NO ENCONTRADO,NO ENCONTRADO,Responsable según nómina: ELENA LUCAS ACERO. Página 42 del PDF. Comuna no indicada en la nómina (solo región).
FIN-1052,Les Cárites: Proceso de Formación y Perfeccionamiento de las Artes del Transformismo,Corporación Educación Arte Cultura,NO ENCONTRADO,Fondo de Artes Escénicas,Profesionalización del Sector,7806292,2022,NO ENCONTRADO,NO ENCONTRADO,NO ENCONTRADO,artes escénicas,NO ENCONTRADO,seleccionado,639935,COMP-0063,Corporación Educación Arte Cultura,FUE-0124,PARCIAL,2026-09-08,2026-09-08,NO ENCONTRADO,NO ENCONTRADO,Responsable según nómina: Corporación Educación Arte Cultura. Página 42 del PDF. Comuna no indicada en la nómina (solo región).
FIN-1053,Programa de Formación Nacional de la Fundación Teatromuseo del títere y el payaso.,Fundación Teatromuseo del Títere y el Payaso,NO ENCONTRADO,Fondo de Artes Escénicas,Profesionalización del Sector,9996720,2022,NO ENCONTRADO,NO ENCONTRADO,NO ENCONTRADO,artes escénicas,NO ENCONTRADO,seleccionado,622274,COMP-0068,Fundación Teatromuseo del Títere y el Payaso,FUE-0124,PARCIAL,2026-09-08,2026-09-08,NO ENCONTRADO,NO ENCONTRADO,Responsable según nómina: Fundación Teatromuseo del Títere y el Payaso. Página 42 del PDF. Comuna no indicada en la nómina (solo región).
FIN-1054,VOCES DOCENTES: Programa formación vocal técnica y expresiva para educadoras y educadores de párvulos,NO ENCONTRADO,Romina Andrea Simon Gómez,Fondo de Artes Escénicas,Públicos y Comunidades,4309220,2022,NO ENCONTRADO,NO ENCONTRADO,NO ENCONTRADO,artes escénicas,NO ENCONTRADO,seleccionado,638482,NO ENCONTRADO,NO ENCONTRADO,FUE-0124,DESCUBIERTO,2026-09-08,2026-09-08,NO ENCONTRADO,NO ENCONTRADO,Responsable según nómina: Romina Andrea Simon Gómez. Página 44 del PDF. Comuna no indicada en la nómina (solo región).
FIN-1055,ENTRAR EN LA DANZA - Programa de Corredor Danza Valparaíso para la formación y sensibilización de públicos en danza contemporánea.,NO ENCONTRADO,Daniela Ida Álvarez López,Fondo de Artes Escénicas,Públicos y Comunidades,4704000,2022,NO ENCONTRADO,NO ENCONTRADO,NO ENCONTRADO,artes escénicas,NO ENCONTRADO,seleccionado,630407,NO ENCONTRADO,NO ENCONTRADO,FUE-0124,DESCUBIERTO,2026-09-08,2026-09-08,NO ENCONTRADO,NO ENCONTRADO,Responsable según nómina: Daniela Ida Álvarez López. Página 44 del PDF. Comuna no indicada en la nómina (solo región).
FIN-1056,Taller virtual de arte teatral para personas mayores. Juego teatral digital 60+.,NO ENCONTRADO,constanza paz castillo montroni,Fondo de Artes Escénicas,Públicos y Comunidades,2098676,2022,NO ENCONTRADO,NO ENCONTRADO,NO ENCONTRADO,artes escénicas,NO ENCONTRADO,seleccionado,634176,NO ENCONTRADO,NO ENCONTRADO,FUE-0124,DESCUBIERTO,2026-09-08,2026-09-08,NO ENCONTRADO,NO ENCONTRADO,Responsable según nómina: constanza paz castillo montroni. Página 45 del PDF. Comuna no indicada en la nómina (solo región).
FIN-1057,Taller de Tango Terapia,NO ENCONTRADO,Ricardo adrian Delgado Celis,Fondo de Artes Escénicas,Públicos y Comunidades,3095839,2022,NO ENCONTRADO,NO ENCONTRADO,NO ENCONTRADO,artes escénicas,NO ENCONTRADO,seleccionado,639193,NO ENCONTRADO,NO ENCONTRADO,FUE-0124,DESCUBIERTO,2026-09-08,2026-09-08,NO ENCONTRADO,NO ENCONTRADO,Responsable según nómina: Ricardo adrian Delgado Celis. Página 45 del PDF. Comuna no indicada en la nómina (solo región).
FIN-1058,Memoria y Territorio: Teatro autobiográfico para adultos mayores en Villa Alemana,NO ENCONTRADO,Vanessa Francisca Salas Pando,Fondo de Artes Escénicas,Públicos y Comunidades,4962180,2022,NO ENCONTRADO,NO ENCONTRADO,NO ENCONTRADO,artes escénicas,NO ENCONTRADO,seleccionado,623549,NO ENCONTRADO,NO ENCONTRADO,FUE-0124,DESCUBIERTO,2026-09-08,2026-09-08,NO ENCONTRADO,NO ENCONTRADO,Responsable según nómina: Vanessa Francisca Salas Pando. Página 46 del PDF. Comuna no indicada en la nómina (solo región).
FIN-1059,"6to Festival de Artes escénicas de mujeres, Gesta",Agrupacion cultural Deportiva Social,NO ENCONTRADO,Fondo de Artes Escénicas,Festivales y Encuentros Nacionales,42829581,2022,NO ENCONTRADO,NO ENCONTRADO,NO ENCONTRADO,artes escénicas,NO ENCONTRADO,seleccionado,631713,COMP-0069,Agrupacion cultural Deportiva Social,FUE-0125,PARCIAL,2026-09-08,2026-09-08,NO ENCONTRADO,NO ENCONTRADO,Responsable según nómina: Agrupacion cultural Deportiva Social. Página 3 del PDF. Comuna no indicada en la nómina (solo región).
FIN-1060,II Festival latinoamericano de actividades escénicas con temáticas de género,NO ENCONTRADO,Kathia Javiera Schulz Hernandez,Fondo de Artes Escénicas,Festivales y Encuentros Nacionales,49819962,2022,NO ENCONTRADO,NO ENCONTRADO,NO ENCONTRADO,artes escénicas,NO ENCONTRADO,seleccionado,639834,NO ENCONTRADO,NO ENCONTRADO,FUE-0125,DESCUBIERTO,2026-09-08,2026-09-08,NO ENCONTRADO,NO ENCONTRADO,Responsable según nómina: Kathia Javiera Schulz Hernandez. Página 3 del PDF. Comuna no indicada en la nómina (solo región).
FIN-1061,Ciclo de Teatro en San Pedro de Putupur,NO ENCONTRADO,Angelica Estefania Diaz Diaz,Fondo de Artes Escénicas,Festivales y Encuentros Regionales,13075716,2022,NO ENCONTRADO,NO ENCONTRADO,NO ENCONTRADO,artes escénicas,NO ENCONTRADO,seleccionado,628817,NO ENCONTRADO,NO ENCONTRADO,FUE-0125,DESCUBIERTO,2026-09-08,2026-09-08,NO ENCONTRADO,persona: 'Angelica Estefania Diaz Diaz' vs 'Angelica Estefania Diaz',Responsable según nómina: Angelica Estefania Diaz Diaz. Página 4 del PDF. Comuna no indicada en la nómina (solo región).
FIN-1062,Primer Encuentro regional de narración inclusiva: contemos con otros sentidos,NO ENCONTRADO,Pablo Ignacio Abarca Carrazana,Fondo de Artes Escénicas,Festivales y Encuentros Regionales,13848890,2022,NO ENCONTRADO,NO ENCONTRADO,NO ENCONTRADO,artes escénicas,NO ENCONTRADO,seleccionado,634924,NO ENCONTRADO,NO ENCONTRADO,FUE-0125,DESCUBIERTO,2026-09-08,2026-09-08,NO ENCONTRADO,NO ENCONTRADO,Responsable según nómina: Pablo Ignacio Abarca Carrazana. Página 4 del PDF. Comuna no indicada en la nómina (solo región).
FIN-1063,MIXTAS,NO ENCONTRADO,Katherine Elizabeth Lopez Soto,Fondo de Artes Escénicas,Festivales y Encuentros Regionales,21959994,2022,NO ENCONTRADO,NO ENCONTRADO,NO ENCONTRADO,artes escénicas,NO ENCONTRADO,seleccionado,638110,NO ENCONTRADO,NO ENCONTRADO,FUE-0125,DESCUBIERTO,2026-09-08,2026-09-08,NO ENCONTRADO,NO ENCONTRADO,Responsable según nómina: Katherine Elizabeth Lopez Soto. Página 5 del PDF. Comuna no indicada en la nómina (solo región).
FIN-1064,"Primer Festival de Dramaturgia de Mujeres Porteñas ¡DEJA TU DRAMA VOLAR! Mujeres Creando Teatro, Valparaíso 2022",NO ENCONTRADO,Amanda Adelaida Borgoño Infante,Fondo de Artes Escénicas,Festivales y Encuentros Regionales,24864340,2022,NO ENCONTRADO,NO ENCONTRADO,NO ENCONTRADO,artes escénicas,NO ENCONTRADO,seleccionado,615538,NO ENCONTRADO,NO ENCONTRADO,FUE-0125,DESCUBIERTO,2026-09-08,2026-09-08,NO ENCONTRADO,NO ENCONTRADO,Responsable según nómina: Amanda Adelaida Borgoño Infante. Página 5 del PDF. Comuna no indicada en la nómina (solo región).
FIN-1065,Festival de Teatro en Villa Alemana: Escena en Riel,NO ENCONTRADO,Claudia Andrea Bravo Bonulef,Fondo de Artes Escénicas,Festivales y Encuentros Regionales,21411760,2022,NO ENCONTRADO,NO ENCONTRADO,NO ENCONTRADO,artes escénicas,NO ENCONTRADO,seleccionado,628170,NO ENCONTRADO,NO ENCONTRADO,FUE-0125,DESCUBIERTO,2026-09-08,2026-09-08,NO ENCONTRADO,NO ENCONTRADO,Responsable según nómina: Claudia Andrea Bravo Bonulef. Página 5 del PDF. Comuna no indicada en la nómina (solo región).
FIN-1066,ENCUENTRO LABORATORIOS ESCÉNICOS VALPARAÍSO,NO ENCONTRADO,Mariela Soledad Laterra,Fondo de Artes Escénicas,Festivales y Encuentros Regionales,19375000,2022,NO ENCONTRADO,NO ENCONTRADO,NO ENCONTRADO,artes escénicas,NO ENCONTRADO,seleccionado,639680,NO ENCONTRADO,NO ENCONTRADO,FUE-0125,DESCUBIERTO,2026-09-08,2026-09-08,NO ENCONTRADO,NO ENCONTRADO,Responsable según nómina: Mariela Soledad Laterra. Página 5 del PDF. Comuna no indicada en la nómina (solo región).
FIN-1067,Primer Encuentro de Artes Escénicas e Inclusión Inversa de Valparaíso - Chile 2022,NO ENCONTRADO,El Pueblo de Piuretlandia,Fondo de Artes Escénicas,Festivales y Encuentros Regionales,24714094,2022,NO ENCONTRADO,NO ENCONTRADO,NO ENCONTRADO,artes escénicas,NO ENCONTRADO,seleccionado,639375,NO ENCONTRADO,NO ENCONTRADO,FUE-0125,DESCUBIERTO,2026-09-08,2026-09-08,NO ENCONTRADO,NO ENCONTRADO,Responsable según nómina: El Pueblo de Piuretlandia. Página 5 del PDF. Comuna no indicada en la nómina (solo región).
FIN-1068,GÓMEZ de Diamela Eltit en Gira por Colombia,NO ENCONTRADO,Claudio Omar Rodríguez Espinoza,Fondo de Artes Escénicas,Circulación de Montajes Escénicos - Formato Grupal (3 o más participantes) - Presencial,7316984,2022,NO ENCONTRADO,NO ENCONTRADO,NO ENCONTRADO,artes escénicas,NO ENCONTRADO,seleccionado,649605,NO ENCONTRADO,NO ENCONTRADO,FUE-0126,DESCUBIERTO,2026-09-08,2026-09-08,NO ENCONTRADO,NO ENCONTRADO,Responsable según nómina: Claudio Omar Rodríguez Espinoza. Página 2 del PDF. Comuna no indicada en la nómina (solo región).
FIN-1069,Hijo Pródigo en Buenos Aires,NO ENCONTRADO,Camila Antonia Guggiana Stuparich,Fondo de Artes Escénicas,Circulación de Montajes Escénicos - Formato Grupal (3 o más participantes) - Presencial,14980000,2022,NO ENCONTRADO,NO ENCONTRADO,NO ENCONTRADO,artes escénicas,NO ENCONTRADO,seleccionado,648367,NO ENCONTRADO,NO ENCONTRADO,FUE-0126,DESCUBIERTO,2026-09-08,2026-09-08,NO ENCONTRADO,NO ENCONTRADO,Responsable según nómina: Camila Antonia Guggiana Stuparich. Página 4 del PDF. Comuna no indicada en la nómina (solo región).
FIN-1070,Circulación Internacional: Ciclo de Cuentos para la Igualdad: Vientos de Cuentos y Cuentos de Niñ@s Fantástic@s,NO ENCONTRADO,Gabriela Natalia Fernández Chang,Fondo de Artes Escénicas,Circulación de Montajes Escénicos - Formato Individual o Dúo - Presencial,4998803,2022,NO ENCONTRADO,NO ENCONTRADO,NO ENCONTRADO,artes escénicas,NO ENCONTRADO,seleccionado,648921,NO ENCONTRADO,NO ENCONTRADO,FUE-0126,DESCUBIERTO,2026-09-08,2026-09-08,NO ENCONTRADO,NO ENCONTRADO,Responsable según nómina: Gabriela Natalia Fernández Chang. Página 4 del PDF. Comuna no indicada en la nómina (solo región).
FIN-1071,Creación performática y soluciones de accesibilidad para las artes vivas: Residencia Internacional de Otro Cuerpo en Guadalajara México,NO ENCONTRADO,Zimri Bani Orellana Rojas,Fondo de Artes Escénicas,Participación en Instancias Internacionales - Formato Grupal (3 o más participantes) - Presencial,4910461,2022,NO ENCONTRADO,NO ENCONTRADO,NO ENCONTRADO,artes escénicas,NO ENCONTRADO,seleccionado,649612,NO ENCONTRADO,NO ENCONTRADO,FUE-0126,DESCUBIERTO,2026-09-08,2026-09-08,NO ENCONTRADO,NO ENCONTRADO,Responsable según nómina: Zimri Bani Orellana Rojas. Página 5 del PDF. Comuna no indicada en la nómina (solo región).
FIN-1072,Residencia de creación: La cuestión,NO ENCONTRADO,Maria Juliana Castro Stevani,Fondo de Artes Escénicas,Participación en Instancias Internacionales - Formato Individual o Dúo - Presencial,2970000,2022,NO ENCONTRADO,NO ENCONTRADO,NO ENCONTRADO,artes escénicas,NO ENCONTRADO,seleccionado,647640,NO ENCONTRADO,NO ENCONTRADO,FUE-0126,DESCUBIERTO,2026-09-08,2026-09-08,NO ENCONTRADO,NO ENCONTRADO,Responsable según nómina: Maria Juliana Castro Stevani. Página 5 del PDF. Comuna no indicada en la nómina (solo región).
FIN-1073,(Des) Hágase la Luz: residencia artística Flamenco Triana en FormArteFlamenco Sevilla España.,centro cultural de arte español flamenco triana,NO ENCONTRADO,Fondo de Artes Escénicas,Participación en Instancias Internacionales - Formato Grupal (3 o más participantes) - Presencial,4962764,2022,NO ENCONTRADO,NO ENCONTRADO,NO ENCONTRADO,artes escénicas,NO ENCONTRADO,seleccionado,649936,COMP-0056,centro cultural de arte español flamenco triana,FUE-0126,PARCIAL,2026-09-08,2026-09-08,NO ENCONTRADO,NO ENCONTRADO,Responsable según nómina: centro cultural de arte español flamenco triana. Página 6 del PDF. Comuna no indicada en la nómina (solo región).
FIN-1074,Residencia artística Centro Artístico Internacional Roy Hart,NO ENCONTRADO,Valentina Valentina Fuentes Durán,Fondo de Artes Escénicas,Participación en Instancias Internacionales - Formato Individual o Dúo - Presencial,2905990,2022,NO ENCONTRADO,NO ENCONTRADO,NO ENCONTRADO,artes escénicas,NO ENCONTRADO,seleccionado,647475,NO ENCONTRADO,NO ENCONTRADO,FUE-0126,DESCUBIERTO,2026-09-08,2026-09-08,NO ENCONTRADO,persona: 'Valentina Valentina Fuentes Durán' vs 'Valentina Fuentes Durán',Responsable según nómina: Valentina Valentina Fuentes Durán. Página 6 del PDF. Comuna no indicada en la nómina (solo región).
FIN-1075,"Residencia de creación KayaLab en LabPerm di Castaldo, Italia",NO ENCONTRADO,Natalia Francisca Silva Valenzuela,Fondo de Artes Escénicas,Participación en Instancias Internacionales - Formato Grupal (3 o más participantes) - Presencial,5000000,2022,NO ENCONTRADO,NO ENCONTRADO,NO ENCONTRADO,artes escénicas,NO ENCONTRADO,seleccionado,649685,NO ENCONTRADO,NO ENCONTRADO,FUE-0126,DESCUBIERTO,2026-09-08,2026-09-08,NO ENCONTRADO,NO ENCONTRADO,Responsable según nómina: Natalia Francisca Silva Valenzuela. Página 6 del PDF. Comuna no indicada en la nómina (solo región).
FIN-1076,CRUZA Cuerpo y Territorio en Movimiento - Residencia Creativa junto a la artista Fer Piñeirúa en Uruguay,NO ENCONTRADO,Lucía Puime Vivas,Fondo de Artes Escénicas,Participación en Instancias Internacionales - Formato Individual o Dúo - Presencial,1860257,2022,NO ENCONTRADO,NO ENCONTRADO,NO ENCONTRADO,artes escénicas,NO ENCONTRADO,seleccionado,649353,NO ENCONTRADO,NO ENCONTRADO,FUE-0126,DESCUBIERTO,2026-09-08,2026-09-08,NO ENCONTRADO,NO ENCONTRADO,Responsable según nómina: Lucía Puime Vivas. Página 7 del PDF. Comuna no indicada en la nómina (solo región).
FIN-1077,Repositorio digital obra abierta Juan Castillo,NO ENCONTRADO,Camila Paz Fuenzalida Araneda,Fondart Nacional,Investigación,14748781,2022,NO ENCONTRADO,NO ENCONTRADO,NO ENCONTRADO,artes escénicas (palabra clave en el título; por confirmar),NO ENCONTRADO,seleccionado,625765,NO ENCONTRADO,NO ENCONTRADO,FUE-0127,DESCUBIERTO,2026-09-08,2026-09-08,NO ENCONTRADO,NO ENCONTRADO,Responsable según nómina: Camila Paz Fuenzalida Araneda. Página 8 del PDF. Comuna no indicada en la nómina (solo región).
FIN-1078,Capturas de lo efímero: modelo metodológico para el análisis de la performance en el espacio urbano,NO ENCONTRADO,Estefanía Macarena Urqueta Contreras,Fondart Nacional,Investigación,10876038,2022,NO ENCONTRADO,NO ENCONTRADO,NO ENCONTRADO,artes escénicas (palabra clave en el título; por confirmar),NO ENCONTRADO,seleccionado,618796,NO ENCONTRADO,NO ENCONTRADO,FUE-0127,DESCUBIERTO,2026-09-08,2026-09-08,NO ENCONTRADO,NO ENCONTRADO,Responsable según nómina: Estefanía Macarena Urqueta Contreras. Página 9 del PDF. Comuna no indicada en la nómina (solo región).
FIN-1079,La forma que habita el espacio: la obra de diseño del arquitecto Fabio Cruz Prieto (1952-2007),NO ENCONTRADO,Igor de Moraes Fracalossi,Fondart Nacional,Investigación,14209087,2022,NO ENCONTRADO,NO ENCONTRADO,NO ENCONTRADO,artes escénicas (palabra clave en el título; por confirmar),NO ENCONTRADO,seleccionado,623281,NO ENCONTRADO,NO ENCONTRADO,FUE-0127,DESCUBIERTO,2026-09-08,2026-09-08,NO ENCONTRADO,NO ENCONTRADO,Responsable según nómina: Igor de Moraes Fracalossi. Página 31 del PDF. Comuna no indicada en la nómina (solo región).
FIN-1080,Santiago Nattino. Vida y obra gráfica del diseñador en su centenario. (1921- 1985),NO ENCONTRADO,Kim Ricardo López Pizarro,Fondart Nacional,Investigación,9840000,2022,NO ENCONTRADO,NO ENCONTRADO,NO ENCONTRADO,artes escénicas (palabra clave en el título; por confirmar),NO ENCONTRADO,seleccionado,636066,NO ENCONTRADO,NO ENCONTRADO,FUE-0127,DESCUBIERTO,2026-09-08,2026-09-08,NO ENCONTRADO,NO ENCONTRADO,Responsable según nómina: Kim Ricardo López Pizarro. Página 31 del PDF. Comuna no indicada en la nómina (solo región).
FIN-1081,Mejorando la experiencia de los espectáculos en el Teatro Municipal Pompeya de Villa Alemana: implementación de nuevas tecnologías,Ilustre Municipalidad de Villa Alemana,NO ENCONTRADO,Fondart Nacional,Única,29454606,2022,NO ENCONTRADO,NO ENCONTRADO,NO ENCONTRADO,artes escénicas (palabra clave en el título; por confirmar),NO ENCONTRADO,seleccionado,622119,NO ENCONTRADO,NO ENCONTRADO,FUE-0127,PARCIAL,2026-09-08,2026-09-08,NO ENCONTRADO,NO ENCONTRADO,Responsable según nómina: Ilustre Municipalidad de Villa Alemana. Página 40 del PDF. Comuna no indicada en la nómina (solo región).
FIN-1082,Pabellón Escénico Interpretativo,NO ENCONTRADO,Francisco Javier Calvo Castillo,Fondart Regional,Única - Arquitectura,7787418,2022,NO ENCONTRADO,NO ENCONTRADO,NO ENCONTRADO,artes escénicas (palabra clave en el título; por confirmar),NO ENCONTRADO,seleccionado,632807,NO ENCONTRADO,NO ENCONTRADO,FUE-0129,DESCUBIERTO,2026-09-08,2026-09-08,NO ENCONTRADO,NO ENCONTRADO,Responsable según nómina: Francisco Javier Calvo Castillo. Página 21 del PDF. Comuna no indicada en la nómina (solo región).
FIN-1083,Ciudad Teatro 2026,Sala Pascal 79,NO ENCONTRADO,Programa de Apoyo a Organizaciones Culturales Colaboradoras (PAOCC),NO ENCONTRADO,NO ENCONTRADO,2026,valparaiso,Valparaíso,valparaiso,teatro,NO ENCONTRADO,ejecutado (8 al 28 de mayo de 2026),NO ENCONTRADO,COMP-0096,Sala Pascal 79,FUE-0136,PARCIAL,2026-09-08,2026-09-08,NO ENCONTRADO,NO ENCONTRADO,Monto no indicado en la nota.
