id,nombre,roles,companias,companias_nombre,comuna,comuna_nombre,provincia,obras_dirigidas,obras_dirigidas_nombre,formacion,trayectoria,instagram,web,fuentes,estado,fecha_descubrimiento,fecha_ultima_verificacion,duplicado_de,contradicciones,notas
PER-0001,Diego Chamorro,Director/a,COMP-0006,Compañía de Teatro La Lancha,san-antonio,San Antonio,san-antonio,OBR-0002,Llo Lle We,NO ENCONTRADO,NO ENCONTRADO,NO ENCONTRADO,NO ENCONTRADO,FUE-0024 | FUE-0025 | FUE-0026 | FUE-0056,PARCIAL,2026-09-08,2026-09-08,NO ENCONTRADO,NO ENCONTRADO,NO ENCONTRADO
PER-0002,Camila Landon Vío,Director/a,COMP-0008,Fundación OANI de Teatro,valparaiso,Valparaíso,valparaiso,NO ENCONTRADO,NO ENCONTRADO,NO ENCONTRADO,NO ENCONTRADO,NO ENCONTRADO,NO ENCONTRADO,FUE-0029 | FUE-0030 | FUE-0031 | FUE-0032,PARCIAL,2026-09-08,2026-09-08,NO ENCONTRADO,NO ENCONTRADO,NO ENCONTRADO
PER-0003,Danilo Llanos,Director/a | Dramaturgo/a,COMP-0013,Centro de Investigación Teatro La Peste,valparaiso,Valparaíso,valparaiso,NO ENCONTRADO,NO ENCONTRADO,NO ENCONTRADO,NO ENCONTRADO,NO ENCONTRADO,NO ENCONTRADO,FUE-0044 | FUE-0045 | FUE-0046 | FUE-0047 | FUE-0048 | FUE-0124,PARCIAL,2026-09-08,2026-09-08,NO ENCONTRADO,NO ENCONTRADO,"Figura como Danilo Patricio Llanos Quezada, responsable de 'FIN; último episodio Trilogía de la Catástrofe' (trayectoria 2022)."
PER-0004,Eduardo Romero,Director/a,COMP-0015,Títeres Humedal Río Maipo,santo-domingo,Santo Domingo,san-antonio,NO ENCONTRADO,NO ENCONTRADO,NO ENCONTRADO,NO ENCONTRADO,NO ENCONTRADO,NO ENCONTRADO,FUE-0052 | FUE-0053,PARCIAL,2026-09-08,2026-09-08,NO ENCONTRADO,NO ENCONTRADO,NO ENCONTRADO
PER-0005,Festín de la Risa (creación colectiva),Dramaturgo/a,COMP-0007,Festín de la Risa,valparaiso,Valparaíso,valparaiso,NO ENCONTRADO,NO ENCONTRADO,NO ENCONTRADO,NO ENCONTRADO,NO ENCONTRADO,NO ENCONTRADO,FUE-0054,DESCUBIERTO,2026-09-08,2026-09-08,NO ENCONTRADO,NO ENCONTRADO,NO ENCONTRADO
PER-0006,Juan Radrigán,Dramaturgo/a,COMP-0005,Compañía de Teatro Alegría,villa-alemana,Villa Alemana,marga-marga,NO ENCONTRADO,NO ENCONTRADO,NO ENCONTRADO,NO ENCONTRADO,NO ENCONTRADO,NO ENCONTRADO,FUE-0055 | FUE-0161,PARCIAL,2026-09-08,2026-09-08,NO ENCONTRADO,NO ENCONTRADO,NO ENCONTRADO
PER-0007,Alan Sebastián Fernández Caro,Actor/actriz | Gestor/a cultural | Productor/a,COMP-0006,Compañía de Teatro La Lancha,san-antonio,San Antonio,san-antonio,NO ENCONTRADO,NO ENCONTRADO,"{""title"": ""Derecho (egreso)"", ""institution"": ""[NO ENCONTRADO]"", ""year"": null, ""source_index"": 1}","Integrante del elenco de *Llo Lle We* (personaje Pilpilén), montaje sobre la historia de la desembocadura del río Maipo dirigido por Diego Chamorro y presentado en la Plaza de Llolleo. Participa en una compañía de teatro independiente desde 2020 en gestión, producción e interpretación. Su formación incluye estudios de Turismo Aventura, Ciencias Sociales y Jurídicas y egreso de Derecho.",NO ENCONTRADO,NO ENCONTRADO,FUE-0072 | FUE-0073 | FUE-0026,VERIFICADO,2026-09-08,2026-09-08,NO ENCONTRADO,NO ENCONTRADO,Importado de data/artists/alan-fernandez-caro.json (score 75).
PER-0008,Carlos Andrés Muñoz Rivera,Artista circense | Actor/actriz | Gestor/a cultural | Responsable de proyecto (Fondos Cultura),COMP-0007,Festín de la Risa,putaendo,Putaendo,san-felipe-de-aconcagua,NO ENCONTRADO,NO ENCONTRADO,NO ENCONTRADO,"Con Festín de la Risa ha realizado giras internacionales por Ecuador, Perú, Colombia, Brasil y Bolivia, y posteriormente por Francia, España, Portugal e Italia (gira 2024 con el espectáculo *Ayayai*). En 2022 la compañía participó en el Jallalla Festi Circo (Arica) y en 2023 celebró sus diez años en el Parque Cultural de Valparaíso. Responsable del proyecto «Trashumantes, en la búsqueda de nuevos caminos creativos» (folio 749091), presentado al Fondo de Artes Escénicas 2025, con 97 puntos y lista de espera. En 2021 fue responsable del proyecto circense «desolación en el distrito 6», seleccionado en una convocatoria del Parque Cultural de Valparaíso.",NO ENCONTRADO,NO ENCONTRADO,FUE-0074 | FUE-0075 | FUE-0098,PARCIAL,2026-09-08,2026-09-08,NO ENCONTRADO,NO ENCONTRADO,"Importado de data/artists/carlos-munoz-rivera.json (score 65). Responsable del proyecto «Trashumantes, en la búsqueda de nuevos caminos creativos» (Fondo de Artes Escénicas 2025, Residencias de creación). Comuna no indicada en la nómina (solo región)."
PER-0009,Constanza Jesús Méndez Laínes,Actor/actriz | Mediador/a,COMP-0017,Hypókritas,vina-del-mar,Viña del Mar,valparaiso,NO ENCONTRADO,NO ENCONTRADO,"{""title"": ""Actuación"", ""institution"": ""Duoc UC"", ""year"": null, ""source_index"": 1}; {""title"": ""Fonoaudiología"", ""institution"": ""Universidad de Valparaíso"", ""year"": null, ""source_index"": 1}","Profesora de Teatro en la Escuela Naval Arturo Prat desde 2020 (círculos culturales) y profesora ayudante de Expresión Oral desde 2014. En 2022 coadaptó *La Remolienda*, de Alejandro Sieveking, para la Academia Cultural de la Escuela Naval.",NO ENCONTRADO,NO ENCONTRADO,FUE-0076 | FUE-0077,DESCUBIERTO,2026-09-08,2026-09-08,NO ENCONTRADO,NO ENCONTRADO,Importado de data/artists/constanza-mendez-laines.json (score 60). Vínculos declarados: Hypókritas (integrante).
PER-0010,Hugo Hernández Urtubia,Titiritero/a | Director/a,COMP-0014 | COMP-0115,Compañía de Marionetas The Magic Show | The Magic Show,los-andes,Los Andes,los-andes,NO ENCONTRADO,NO ENCONTRADO,NO ENCONTRADO,"Incorporado en 2026 al Sistema de Información para la Gestión del Patrimonio Cultural Inmaterial (SIGPA) como cultor individual de Teatro tradicional de títeres, identificador CI8699, con 25 años de trayectoria registrados. Antes de consolidarse como marionetista trabajó en formación con niños y niñas (talleres de marionetas gigantes). En 2026 fue reconocido públicamente como cultor en el marco del primer Día Nacional del Titiritero y la Titiritera.",NO ENCONTRADO,NO ENCONTRADO,FUE-0078 | FUE-0079 | FUE-0051 | FUE-0169,VERIFICADO,2026-09-08,2026-09-08,NO ENCONTRADO,NO ENCONTRADO,"Importado de data/artists/hugo-hernandez-urtubia.json (score 75). Perfil en El Trabajo (22 de marzo de 2026): marionetas de hilo, títeres de guante y figuras de gran formato; formación en Barcelona."
PER-0011,Natalia Vanessa Zúñiga Ortiz,Narrador/a oral | Actor/actriz | Dramaturgo/a | Mediador/a | Gestor/a cultural | Responsable de proyecto (Fondos Cultura),COMP-0012 | COMP-0018 | COMP-0019,"Productora ABC: Arte, Bienestar y Cultura | Teatro Ánima | Compañía de Teatro Espontáneo de Quillota",quillota,Quillota,quillota,NO ENCONTRADO,NO ENCONTRADO,"{""title"": ""Diplomado en Dramaturgia (Fondos de Cultura 2021 y 2022)"", ""institution"": ""[NO ENCONTRADO]"", ""year"": 2022, ""source_index"": 1}; {""title"": ""Especialización en método Alba Emoting (Fondos de Cultura 2023)"", ""institution"": ""[NO ENCONTRADO]"", ""year"": 2023, ""source_index"": 1}","Actriz de Teatro Ánima (aprox. 2016–2019) en *El viaje de los caracoles* y *Orejas sucias*; integrante de la Compañía de Teatro Espontáneo de Quillota (2017–2019). Manipuladora de teatro en miniatura (Lambe-Lambe) en *Arrullo para un hombre de mar*; intervenciones de Lambe-Lambe en la Feria del Libro Tricentenario de Quillota. Autora de la dramaturgia *Pieza Chica* (Fondo Nacional del Libro y la Lectura 2019). Seleccionada por Fondos de Cultura para Diplomado en Dramaturgia (2021, folio 593604; 2022, folio 629208) y para especialización en Alba Emoting (2023). En 2022 realizó una función de cuentacuentos contratada por la Municipalidad de Quillota en el Colegio Valle de Quillota.",NO ENCONTRADO,NO ENCONTRADO,FUE-0080 | FUE-0081 | FUE-0117,PARCIAL,2026-09-08,2026-09-08,NO ENCONTRADO,NO ENCONTRADO,"Importado de data/artists/natalia-zuniga-ortiz.json (score 65). Vínculos declarados: Teatro Ánima (actriz, aprox. 2016–2019); Compañía de Teatro Espontáneo de Quillota (2017–2019). Responsable del proyecto «Alba emoting» (Fondo de Artes Escénicas 2023, Especialización y Perfeccionamiento). Comuna no indicada en la nómina (solo región)."
PER-0012,Nelson Hernán Rojas Torres,Director/a | Gestor/a cultural | Músico/a escénico | Actor/actriz,COMP-0001 | COMP-0020,Arte Escénico La Ligua | Teatro del Silencio,la-ligua,La Ligua,petorca,NO ENCONTRADO,NO ENCONTRADO,NO ENCONTRADO,"El Festival Valle del Liwa alcanzó su quinta edición en 2024; la edición 2023 fue financiada mediante el 7% FNDR del Gobierno Regional de Valparaíso. En 2018 participó en la residencia de arte colaborativo Recolectores de Memoria (Lota). Es compositor, percusionista y músico en proyectos del Teatro del Silencio (director musical en *Inferno*).",NO ENCONTRADO,NO ENCONTRADO,FUE-0082 | FUE-0083 | FUE-0084,VERIFICADO,2026-09-08,2026-09-08,NO ENCONTRADO,NO ENCONTRADO,Importado de data/artists/nelson-rojas-torres.json (score 70). Vínculos declarados: Teatro del Silencio (compositor y percusionista).
PER-0013,Víctor Eduardo Opazo Herrera,Actor/actriz | Director/a | Gestor/a cultural | Músico/a escénico,COMP-0005,Compañía de Teatro Alegría,villa-alemana,Villa Alemana,marga-marga,NO ENCONTRADO,NO ENCONTRADO,NO ENCONTRADO,"Integrante del elenco de *El Loco y la Triste*, de Juan Radrigán, montaje que la compañía llevó en 2018 a San Juan de Lurigancho (Perú) con funciones gratuitas en colegios, instituciones y espacios comunitarios. En 2022 participó en el Primer Encuentro de Artistas, Gestores y Cultores de Villa Alemana, donde planteó que el desarrollo artístico territorial debe comenzar «desde nosotros mismos, desde las bases».",NO ENCONTRADO,NO ENCONTRADO,FUE-0085 | FUE-0086,DESCUBIERTO,2026-09-08,2026-09-08,NO ENCONTRADO,NO ENCONTRADO,Importado de data/artists/victor-opazo-herrera.json (score 65).
PER-0014,Rafael Brozzi,Director/a,COMP-0004,Compañía de Muñecos Marionautas,quilpue,Quilpué,marga-marga,NO ENCONTRADO,NO ENCONTRADO,NO ENCONTRADO,NO ENCONTRADO,NO ENCONTRADO,NO ENCONTRADO,FUE-0018 | FUE-0087,PARCIAL,2026-09-08,2026-09-08,NO ENCONTRADO,NO ENCONTRADO,NO ENCONTRADO
PER-0015,Paola Escudero Navia,Director/a | Titiritero/a,COMP-0016,Titiricaos,valparaiso,Valparaíso,valparaiso,OBR-0056,A la Memoria de Carla Korman,NO ENCONTRADO,NO ENCONTRADO,NO ENCONTRADO,NO ENCONTRADO,FUE-0018 | FUE-0117,PARCIAL,2026-09-08,2026-09-08,NO ENCONTRADO,NO ENCONTRADO,Responsable de 'A la Memoria de Carla Korman' (títeres 2023).
PER-0016,Giovanni Vaccaro,Titiritero/a | Actor/actriz | Narrador/a oral,COMP-0024,Compañía Vaccaro Puppets,NO ENCONTRADO,NO ENCONTRADO,NO ENCONTRADO,NO ENCONTRADO,NO ENCONTRADO,NO ENCONTRADO,"Actor profesional, titiritero, pedagogo teatral y cuentacuentos; fundador de Vaccaro Puppets. Primer lugar en el Festival de Teatro Juan Edmundo González (2003 y 2005).",NO ENCONTRADO,NO ENCONTRADO,FUE-0018,PARCIAL,2026-09-08,2026-09-08,NO ENCONTRADO,NO ENCONTRADO,NO ENCONTRADO
PER-0017,Miguel Muñoz,Dramaturgo/a,NO ENCONTRADO,NO ENCONTRADO,NO ENCONTRADO,NO ENCONTRADO,NO ENCONTRADO,NO ENCONTRADO,NO ENCONTRADO,NO ENCONTRADO,NO ENCONTRADO,NO ENCONTRADO,NO ENCONTRADO,FUE-0089,DESCUBIERTO,2026-09-08,2026-09-08,NO ENCONTRADO,NO ENCONTRADO,"Citado como autor o director de la obra 'Mentira' (Sala UPLA, 2020-2021); el rol exacto no se especifica en la fuente."
PER-0018,George Casanova,Director/a,COMP-0045,Teatro del Instinto,valparaiso,Valparaíso,valparaiso,OBR-0025,Extraño ser,NO ENCONTRADO,NO ENCONTRADO,NO ENCONTRADO,NO ENCONTRADO,FUE-0131,PARCIAL,2026-09-08,2026-09-08,NO ENCONTRADO,NO ENCONTRADO,NO ENCONTRADO
PER-0019,Carina Victoria Aspillaga Bórquez,Responsable de proyecto (Fondos Cultura),NO ENCONTRADO,NO ENCONTRADO,NO ENCONTRADO,NO ENCONTRADO,NO ENCONTRADO,NO ENCONTRADO,NO ENCONTRADO,NO ENCONTRADO,NO ENCONTRADO,NO ENCONTRADO,NO ENCONTRADO,FUE-0094 | FUE-0099,DESCUBIERTO,2026-09-08,2026-09-08,NO ENCONTRADO,NO ENCONTRADO,"Responsable del proyecto «Residencia para la creación de S.O.M.A: acciones mínimas para no somatizar» (Fondo de Artes Escénicas 2026, Residencias de creación). Comuna no indicada en la nómina (solo región). Responsable del proyecto «Finalización de Maestría en Teatro y Artes Performáticas en la Universidad de las Artes» (Fondo de Artes Escénicas 2025, Magíster, Máster y Maestrías). Comuna no indicada en la nómina (solo región)."
PER-0020,Roberto Nicolás Arellano Acuña,Responsable de proyecto (Fondos Cultura),NO ENCONTRADO,NO ENCONTRADO,NO ENCONTRADO,NO ENCONTRADO,NO ENCONTRADO,NO ENCONTRADO,NO ENCONTRADO,NO ENCONTRADO,NO ENCONTRADO,NO ENCONTRADO,NO ENCONTRADO,FUE-0094,DESCUBIERTO,2026-09-08,2026-09-08,NO ENCONTRADO,NO ENCONTRADO,"Responsable del proyecto «HERRAMIENTAS DE SERVICIO; UNA ODA A LA VOCACIÓN CULINARIA» (Fondo de Artes Escénicas 2026, Residencias de creación). Comuna no indicada en la nómina (solo región)."
PER-0021,Marcela Ursula Rendic Parera,Responsable de proyecto (Fondos Cultura),NO ENCONTRADO,NO ENCONTRADO,NO ENCONTRADO,NO ENCONTRADO,NO ENCONTRADO,NO ENCONTRADO,NO ENCONTRADO,NO ENCONTRADO,NO ENCONTRADO,NO ENCONTRADO,NO ENCONTRADO,FUE-0094,DESCUBIERTO,2026-09-08,2026-09-08,NO ENCONTRADO,NO ENCONTRADO,"Responsable del proyecto «Experimento nº 4: Parpadeo. Intrucciones para aparecer en la oscuridad» (Fondo de Artes Escénicas 2026, Residencias de creación). Comuna no indicada en la nómina (solo región)."
PER-0022,Javiera De Luna Vilches Suárez,Responsable de proyecto (Fondos Cultura),NO ENCONTRADO,NO ENCONTRADO,NO ENCONTRADO,NO ENCONTRADO,NO ENCONTRADO,NO ENCONTRADO,NO ENCONTRADO,NO ENCONTRADO,NO ENCONTRADO,NO ENCONTRADO,NO ENCONTRADO,FUE-0094,DESCUBIERTO,2026-09-08,2026-09-08,NO ENCONTRADO,NO ENCONTRADO,"Responsable del proyecto «Antípodas de Valparaíso» (Fondo de Artes Escénicas 2026, Residencias de creación). Comuna no indicada en la nómina (solo región)."
PER-0023,Francisca Victoria del Rosario Vargas Barraza,Responsable de proyecto (Fondos Cultura),NO ENCONTRADO,NO ENCONTRADO,NO ENCONTRADO,NO ENCONTRADO,NO ENCONTRADO,NO ENCONTRADO,NO ENCONTRADO,NO ENCONTRADO,NO ENCONTRADO,NO ENCONTRADO,NO ENCONTRADO,FUE-0094,DESCUBIERTO,2026-09-08,2026-09-08,NO ENCONTRADO,NO ENCONTRADO,"Responsable del proyecto «MARÍTIMA: Residencia de lo inasible. Ondas que se mueven, (re)suenan y hablan.» (Fondo de Artes Escénicas 2026, Residencias de creación). Comuna no indicada en la nómina (solo región)."
PER-0024,Kjesed Ana Victoria Faundes Encina,Responsable de proyecto (Fondos Cultura),NO ENCONTRADO,NO ENCONTRADO,NO ENCONTRADO,NO ENCONTRADO,NO ENCONTRADO,NO ENCONTRADO,NO ENCONTRADO,NO ENCONTRADO,NO ENCONTRADO,NO ENCONTRADO,NO ENCONTRADO,FUE-0094,DESCUBIERTO,2026-09-08,2026-09-08,NO ENCONTRADO,NO ENCONTRADO,"Responsable del proyecto «Memorias de un naufragio» (Fondo de Artes Escénicas 2026, Composición escénica/ Dramaturgia). Comuna no indicada en la nómina (solo región)."
PER-0025,Felipe Arturo Lira Araya,Responsable de proyecto (Fondos Cultura),NO ENCONTRADO,NO ENCONTRADO,NO ENCONTRADO,NO ENCONTRADO,NO ENCONTRADO,NO ENCONTRADO,NO ENCONTRADO,NO ENCONTRADO,NO ENCONTRADO,NO ENCONTRADO,NO ENCONTRADO,FUE-0094 | FUE-0124,DESCUBIERTO,2026-09-08,2026-09-08,NO ENCONTRADO,NO ENCONTRADO,"Responsable del proyecto «La Marioneta de Dios» (Fondo de Artes Escénicas 2026, Composición escénica/ Composición coreográfica). Comuna no indicada en la nómina (solo región). Responsable del proyecto «Miniserie: Inventor de Alma» (Fondo de Artes Escénicas 2022, Trayectoria/Títeres). Comuna no indicada en la nómina (solo región)."
PER-0026,Jairo Alejandro Urtubia Mendoza,Responsable de proyecto (Fondos Cultura),NO ENCONTRADO,NO ENCONTRADO,NO ENCONTRADO,NO ENCONTRADO,NO ENCONTRADO,NO ENCONTRADO,NO ENCONTRADO,NO ENCONTRADO,NO ENCONTRADO,NO ENCONTRADO,NO ENCONTRADO,FUE-0094,DESCUBIERTO,2026-09-08,2026-09-08,NO ENCONTRADO,NO ENCONTRADO,"Responsable del proyecto «Tensiones coreográficas» (Fondo de Artes Escénicas 2026, Composición escénica/ Composición coreográfica). Comuna no indicada en la nómina (solo región)."
PER-0027,Nicol Andrea Sánchez Santis,Responsable de proyecto (Fondos Cultura),NO ENCONTRADO,NO ENCONTRADO,NO ENCONTRADO,NO ENCONTRADO,NO ENCONTRADO,NO ENCONTRADO,NO ENCONTRADO,NO ENCONTRADO,NO ENCONTRADO,NO ENCONTRADO,NO ENCONTRADO,FUE-0094,DESCUBIERTO,2026-09-08,2026-09-08,NO ENCONTRADO,NO ENCONTRADO,"Responsable del proyecto «IN TENSIÒN» (Fondo de Artes Escénicas 2026, Composición escénica/ Composición coreográfica). Comuna no indicada en la nómina (solo región)."
PER-0028,Roberto Andrés González Oxa,Responsable de proyecto (Fondos Cultura),NO ENCONTRADO,NO ENCONTRADO,NO ENCONTRADO,NO ENCONTRADO,NO ENCONTRADO,NO ENCONTRADO,NO ENCONTRADO,NO ENCONTRADO,NO ENCONTRADO,NO ENCONTRADO,NO ENCONTRADO,FUE-0094,DESCUBIERTO,2026-09-08,2026-09-08,NO ENCONTRADO,NO ENCONTRADO,"Responsable del proyecto «Tito Lastarria» (Fondo de Artes Escénicas 2026, Composición escénica/ Actos y rutinas circenses). Comuna no indicada en la nómina (solo región)."
PER-0029,Claudio Nicolás Lazcano Pozo,Responsable de proyecto (Fondos Cultura),NO ENCONTRADO,NO ENCONTRADO,NO ENCONTRADO,NO ENCONTRADO,NO ENCONTRADO,NO ENCONTRADO,NO ENCONTRADO,NO ENCONTRADO,NO ENCONTRADO,NO ENCONTRADO,NO ENCONTRADO,FUE-0094,DESCUBIERTO,2026-09-08,2026-09-08,NO ENCONTRADO,NO ENCONTRADO,"Responsable del proyecto «Décimas por Travesura en Valparaíso, Laguna Verde, Placilla y Viña del Mar.» (Fondo de Artes Escénicas 2026, Composición escénica / Composición para narración oral). Comuna no indicada en la nómina (solo región)."
PER-0030,Pablo Andrés Olivares Dubart,Responsable de proyecto (Fondos Cultura),NO ENCONTRADO,NO ENCONTRADO,NO ENCONTRADO,NO ENCONTRADO,NO ENCONTRADO,NO ENCONTRADO,NO ENCONTRADO,NO ENCONTRADO,NO ENCONTRADO,NO ENCONTRADO,NO ENCONTRADO,FUE-0094,DESCUBIERTO,2026-09-08,2026-09-08,NO ENCONTRADO,NO ENCONTRADO,"Responsable del proyecto «La Odisea desde Odiseo» (Fondo de Artes Escénicas 2026, Composición escénica / Composición para narración oral). Comuna no indicada en la nómina (solo región)."
PER-0031,Anaí Valentina Núñez Riveros,Responsable de proyecto (Fondos Cultura),NO ENCONTRADO,NO ENCONTRADO,NO ENCONTRADO,NO ENCONTRADO,NO ENCONTRADO,NO ENCONTRADO,NO ENCONTRADO,NO ENCONTRADO,NO ENCONTRADO,NO ENCONTRADO,NO ENCONTRADO,FUE-0094 | FUE-0096,DESCUBIERTO,2026-09-08,2026-09-08,NO ENCONTRADO,NO ENCONTRADO,"Responsable del proyecto «YinYang» (Fondo de Artes Escénicas 2026, Composición escénica / Guión, diseño y/o construcción de títeres). Comuna no indicada en la nómina (solo región). Responsable del proyecto «Shakespeare en miniatura / España 2026» (Fondo de Artes Escénicas 2026, Circulación Internacional). Comuna no indicada en la nómina (solo región)."
PER-0032,Tomás Fernando Vidal Castañón,Responsable de proyecto (Fondos Cultura),NO ENCONTRADO,NO ENCONTRADO,NO ENCONTRADO,NO ENCONTRADO,NO ENCONTRADO,NO ENCONTRADO,NO ENCONTRADO,NO ENCONTRADO,NO ENCONTRADO,NO ENCONTRADO,NO ENCONTRADO,FUE-0094,DESCUBIERTO,2026-09-08,2026-09-08,NO ENCONTRADO,NO ENCONTRADO,"Responsable del proyecto «Creación de caja lambe lambe Miguelina y el faro de extrañezas.» (Fondo de Artes Escénicas 2026, Composición escénica / Guión, diseño y/o construcción de títeres). Comuna no indicada en la nómina (solo región)."
PER-0033,Gabriel Alejandro Castro Barra,Responsable de proyecto (Fondos Cultura),NO ENCONTRADO,NO ENCONTRADO,NO ENCONTRADO,NO ENCONTRADO,NO ENCONTRADO,NO ENCONTRADO,NO ENCONTRADO,NO ENCONTRADO,NO ENCONTRADO,NO ENCONTRADO,NO ENCONTRADO,FUE-0094,DESCUBIERTO,2026-09-08,2026-09-08,NO ENCONTRADO,NO ENCONTRADO,"Responsable del proyecto «“Atahualpa, el último canto del Sol”» (Fondo de Artes Escénicas 2026, Composición escénica / Guión, diseño y/o construcción de títeres). Comuna no indicada en la nómina (solo región)."
PER-0034,Se-Rok Park,Responsable de proyecto (Fondos Cultura),NO ENCONTRADO,NO ENCONTRADO,NO ENCONTRADO,NO ENCONTRADO,NO ENCONTRADO,NO ENCONTRADO,NO ENCONTRADO,NO ENCONTRADO,NO ENCONTRADO,NO ENCONTRADO,NO ENCONTRADO,FUE-0094 | FUE-0105,DESCUBIERTO,2026-09-08,2026-09-08,NO ENCONTRADO,NO ENCONTRADO,"Responsable del proyecto «Diasporica» (Fondo de Artes Escénicas 2026, Composición escénica / Interdisciplinar). Comuna no indicada en la nómina (solo región). Responsable del proyecto «Especialización en técnicas coreanas interdisciplinarias y estrategias performativas transculturales» (Fondo de Artes Escénicas 2024, Especialización y Perfeccionamiento). Comuna no indicada en la nómina (solo región)."
PER-0035,Cecilia Belén Céspedes Concha,Responsable de proyecto (Fondos Cultura),NO ENCONTRADO,NO ENCONTRADO,NO ENCONTRADO,NO ENCONTRADO,NO ENCONTRADO,NO ENCONTRADO,NO ENCONTRADO,NO ENCONTRADO,NO ENCONTRADO,NO ENCONTRADO,NO ENCONTRADO,FUE-0094,DESCUBIERTO,2026-09-08,2026-09-08,NO ENCONTRADO,NO ENCONTRADO,"Responsable del proyecto «De tal Pelo, tal Astilla. Obra Interdisciplinaria» (Fondo de Artes Escénicas 2026, Composición escénica / Interdisciplinar). Comuna no indicada en la nómina (solo región)."
PER-0036,Elier Elizabeth Arana Rojas,Responsable de proyecto (Fondos Cultura),NO ENCONTRADO,NO ENCONTRADO,NO ENCONTRADO,NO ENCONTRADO,NO ENCONTRADO,NO ENCONTRADO,NO ENCONTRADO,NO ENCONTRADO,NO ENCONTRADO,NO ENCONTRADO,NO ENCONTRADO,FUE-0094,DESCUBIERTO,2026-09-08,2026-09-08,NO ENCONTRADO,NO ENCONTRADO,"Responsable del proyecto «Creación de Cuentos Sensoriales para la Infancia, ""Entre Solsticios y Equinoccios""» (Fondo de Artes Escénicas 2026, Composición escénica / Interdisciplinar). Comuna no indicada en la nómina (solo región)."
PER-0037,José Antonio Soto Luer,Responsable de proyecto (Fondos Cultura),NO ENCONTRADO,NO ENCONTRADO,NO ENCONTRADO,NO ENCONTRADO,NO ENCONTRADO,NO ENCONTRADO,NO ENCONTRADO,NO ENCONTRADO,NO ENCONTRADO,NO ENCONTRADO,NO ENCONTRADO,FUE-0094 | FUE-0117 | FUE-0124,DESCUBIERTO,2026-09-08,2026-09-08,NO ENCONTRADO,NO ENCONTRADO,"Responsable del proyecto «La cuna de fuego: Montaje escénico por Palestina» (Fondo de Artes Escénicas 2026, Teatro). Comuna no indicada en la nómina (solo región). Responsable del proyecto «Circulación Pulso de un hombre homosexual latinoamericano» (Fondo de Artes Escénicas 2026, Grupo A). Comuna no indicada en la nómina (solo región). Responsable del proyecto «Pulso de un hombre homosexual latinoamericano» (Fondo de Artes Escénicas 2023, Teatro). Comuna no indicada en la nómina (solo región). Responsable del proyecto «La reminiscencia del hombre que parecía un siervo» (Fondo de Artes Escénicas 2022, Creación y Producción/Teatro). Comuna no indicada en la nómina (solo región)."
PER-0038,Verónica Isabel González Becerra,Responsable de proyecto (Fondos Cultura),NO ENCONTRADO,NO ENCONTRADO,NO ENCONTRADO,NO ENCONTRADO,NO ENCONTRADO,NO ENCONTRADO,NO ENCONTRADO,NO ENCONTRADO,NO ENCONTRADO,NO ENCONTRADO,NO ENCONTRADO,FUE-0094,DESCUBIERTO,2026-09-08,2026-09-08,NO ENCONTRADO,NO ENCONTRADO,"Responsable del proyecto «Puesta en escena BÉSAME MACHO. Mujeres Infinitas» (Fondo de Artes Escénicas 2026, Teatro). Comuna no indicada en la nómina (solo región)."
PER-0039,daniela alondra trincado muñoz,Responsable de proyecto (Fondos Cultura),NO ENCONTRADO,NO ENCONTRADO,NO ENCONTRADO,NO ENCONTRADO,NO ENCONTRADO,NO ENCONTRADO,NO ENCONTRADO,NO ENCONTRADO,NO ENCONTRADO,NO ENCONTRADO,NO ENCONTRADO,FUE-0094,DESCUBIERTO,2026-09-08,2026-09-08,NO ENCONTRADO,NO ENCONTRADO,"Responsable del proyecto «VALPO RIAL» (Fondo de Artes Escénicas 2026, Danza). Comuna no indicada en la nómina (solo región)."
PER-0040,Javiera Inés Walker Alarcón,Responsable de proyecto (Fondos Cultura),NO ENCONTRADO,NO ENCONTRADO,NO ENCONTRADO,NO ENCONTRADO,NO ENCONTRADO,NO ENCONTRADO,NO ENCONTRADO,NO ENCONTRADO,NO ENCONTRADO,NO ENCONTRADO,NO ENCONTRADO,FUE-0094,DESCUBIERTO,2026-09-08,2026-09-08,NO ENCONTRADO,NO ENCONTRADO,"Responsable del proyecto «Creación y Producción de la obra de danza contemporánea MUDANZA» (Fondo de Artes Escénicas 2026, Danza). Comuna no indicada en la nómina (solo región)."
PER-0041,Laura Cristina Corona Espinoza,Responsable de proyecto (Fondos Cultura),NO ENCONTRADO,NO ENCONTRADO,NO ENCONTRADO,NO ENCONTRADO,NO ENCONTRADO,NO ENCONTRADO,NO ENCONTRADO,NO ENCONTRADO,NO ENCONTRADO,NO ENCONTRADO,NO ENCONTRADO,FUE-0094 | FUE-0098,DESCUBIERTO,2026-09-08,2026-09-08,NO ENCONTRADO,NO ENCONTRADO,"Responsable del proyecto «EL MIMBRAL. Cuento danzado para la infancia» (Fondo de Artes Escénicas 2026, Danza). Comuna no indicada en la nómina (solo región). Responsable del proyecto «HUACA - Cartografía danzada de un territorio -» (Fondo de Artes Escénicas 2025, Danza). Comuna no indicada en la nómina (solo región)."
PER-0042,Paz Carolina Varas Pérez,Responsable de proyecto (Fondos Cultura),NO ENCONTRADO,NO ENCONTRADO,NO ENCONTRADO,NO ENCONTRADO,NO ENCONTRADO,NO ENCONTRADO,NO ENCONTRADO,NO ENCONTRADO,NO ENCONTRADO,NO ENCONTRADO,NO ENCONTRADO,FUE-0094,DESCUBIERTO,2026-09-08,2026-09-08,NO ENCONTRADO,NO ENCONTRADO,"Responsable del proyecto «Creación y producción de la obra de Danza Contemporanea E.P.O.C. Entidad Poderosa de Orden y Control» (Fondo de Artes Escénicas 2026, Danza). Comuna no indicada en la nómina (solo región)."
PER-0043,Mariela Carla Peralta Ferroni,Responsable de proyecto (Fondos Cultura),NO ENCONTRADO,NO ENCONTRADO,NO ENCONTRADO,NO ENCONTRADO,NO ENCONTRADO,NO ENCONTRADO,NO ENCONTRADO,NO ENCONTRADO,NO ENCONTRADO,NO ENCONTRADO,NO ENCONTRADO,FUE-0094,DESCUBIERTO,2026-09-08,2026-09-08,NO ENCONTRADO,NO ENCONTRADO,"Responsable del proyecto «PROYECTO DE CREACIÓN Y PRODUCCIÓN DE LA OBRA DE DANZA CONTEMPORÁNEA : CORPUS SENSORIAL» (Fondo de Artes Escénicas 2026, Danza). Comuna no indicada en la nómina (solo región)."
PER-0044,Ingrid Alejandra Flores Mondaca,Responsable de proyecto (Fondos Cultura),NO ENCONTRADO,NO ENCONTRADO,NO ENCONTRADO,NO ENCONTRADO,NO ENCONTRADO,NO ENCONTRADO,NO ENCONTRADO,NO ENCONTRADO,NO ENCONTRADO,NO ENCONTRADO,NO ENCONTRADO,FUE-0094 | FUE-0098,DESCUBIERTO,2026-09-08,2026-09-08,NO ENCONTRADO,NO ENCONTRADO,"Responsable del proyecto «Más allá de las ruinas, un espectáculo de ciencia ficción dirigido por Ingrid Flores Moncada» (Fondo de Artes Escénicas 2026, Circo). Comuna no indicada en la nómina (solo región). Responsable del proyecto «Más allá de las ruinas, un espectáculo de ciencia ficción dirigido por Ingrid Flores Moncada» (Fondo de Artes Escénicas 2025, Circo). Comuna no indicada en la nómina (solo región)."
PER-0045,Viviana De lourdes Hernandez Silva,Responsable de proyecto (Fondos Cultura),NO ENCONTRADO,NO ENCONTRADO,NO ENCONTRADO,NO ENCONTRADO,NO ENCONTRADO,NO ENCONTRADO,NO ENCONTRADO,NO ENCONTRADO,NO ENCONTRADO,NO ENCONTRADO,NO ENCONTRADO,FUE-0094 | FUE-0098,DESCUBIERTO,2026-09-08,2026-09-08,NO ENCONTRADO,NO ENCONTRADO,"Responsable del proyecto «El niño y los sortilegios de M. Ravel - Fantasía lirica en clave de fabula.» (Fondo de Artes Escénicas 2026, Ópera). Comuna no indicada en la nómina (solo región). Responsable del proyecto «Ardid de amor - Una comedia de enredos en el chile colonial, opera de Roberto Puelma» (Fondo de Artes Escénicas 2025, Ópera). Comuna no indicada en la nómina (solo región)."
PER-0046,Zenith Claudia Navarrete Ruiz,Responsable de proyecto (Fondos Cultura),NO ENCONTRADO,NO ENCONTRADO,NO ENCONTRADO,NO ENCONTRADO,NO ENCONTRADO,NO ENCONTRADO,NO ENCONTRADO,NO ENCONTRADO,NO ENCONTRADO,NO ENCONTRADO,NO ENCONTRADO,FUE-0094 | FUE-0098 | FUE-0105 | FUE-0110 | FUE-0124,DESCUBIERTO,2026-09-08,2026-09-08,NO ENCONTRADO,NO ENCONTRADO,"Responsable del proyecto «Cuéntame de Valparaíso Bohemio.» (Fondo de Artes Escénicas 2026, Narración Oral). Comuna no indicada en la nómina (solo región). Responsable del proyecto «Memorias en Tren: Lo que me han contado» (Fondo de Artes Escénicas 2026, Grupo A). Comuna no indicada en la nómina (solo región). Responsable del proyecto «Secretos de mujeres» (Fondo de Artes Escénicas 2025, Narración oral). Comuna no indicada en la nómina (solo región). Responsable del proyecto «Tecnicas Teatrales para la Narración Oral Escénica» (Fondo de Artes Escénicas 2024, Especialización y Perfeccionamiento). Comuna no indicada en la nómina (solo región). Responsable del proyecto «Wellcome to the Train - Bienvenidos al Tren» (Fondo de Artes Escénicas 2024, Circulación Internacional). Comuna no indicada en la nómina (solo región). Responsable del proyecto «Memorias en tren» (Fondo de Artes Escénicas 2022, Composición Escénica/Cuentos y/o Mecanismos para la Narración Oral). Comuna no indicada en la nómina (solo región)."
PER-0047,Priscila Marlene Figueroa Uribe,Responsable de proyecto (Fondos Cultura),NO ENCONTRADO,NO ENCONTRADO,NO ENCONTRADO,NO ENCONTRADO,NO ENCONTRADO,NO ENCONTRADO,NO ENCONTRADO,NO ENCONTRADO,NO ENCONTRADO,NO ENCONTRADO,NO ENCONTRADO,FUE-0094,DESCUBIERTO,2026-09-08,2026-09-08,NO ENCONTRADO,NO ENCONTRADO,"Responsable del proyecto «Kamishibai Itinerante, cuentacuentos sonoro para promover nuestra identidad del valle a la ciudad» (Fondo de Artes Escénicas 2026, Narración Oral). Comuna no indicada en la nómina (solo región)."
PER-0048,Magda Raquel Sánchez Martínez,Responsable de proyecto (Fondos Cultura),NO ENCONTRADO,NO ENCONTRADO,NO ENCONTRADO,NO ENCONTRADO,NO ENCONTRADO,NO ENCONTRADO,NO ENCONTRADO,NO ENCONTRADO,NO ENCONTRADO,NO ENCONTRADO,NO ENCONTRADO,FUE-0094 | FUE-0095,DESCUBIERTO,2026-09-08,2026-09-08,NO ENCONTRADO,NO ENCONTRADO,"Responsable del proyecto «Cuentos del mundo: Historias que viajan» (Fondo de Artes Escénicas 2026, Narración Oral). Comuna no indicada en la nómina (solo región). Responsable del proyecto «Primer Festival Itinerante de Narración Oral del Valle del Aconcagua» (Fondo de Artes Escénicas 2026, Regionales). Comuna no indicada en la nómina (solo región)."
PER-0049,Jasson Guillermo Guaico Nuñez,Responsable de proyecto (Fondos Cultura),NO ENCONTRADO,NO ENCONTRADO,NO ENCONTRADO,NO ENCONTRADO,NO ENCONTRADO,NO ENCONTRADO,NO ENCONTRADO,NO ENCONTRADO,NO ENCONTRADO,NO ENCONTRADO,NO ENCONTRADO,FUE-0094,DESCUBIERTO,2026-09-08,2026-09-08,NO ENCONTRADO,NO ENCONTRADO,"Responsable del proyecto «NIÑO ZOMBIE y el oráculo personal.» (Fondo de Artes Escénicas 2026, Títeres). Comuna no indicada en la nómina (solo región)."
PER-0050,Eric Estrada Vega,Responsable de proyecto (Fondos Cultura),NO ENCONTRADO,NO ENCONTRADO,NO ENCONTRADO,NO ENCONTRADO,NO ENCONTRADO,NO ENCONTRADO,NO ENCONTRADO,NO ENCONTRADO,NO ENCONTRADO,NO ENCONTRADO,NO ENCONTRADO,FUE-0094,DESCUBIERTO,2026-09-08,2026-09-08,NO ENCONTRADO,NO ENCONTRADO,"Responsable del proyecto «""El viaje de Mamadú"" Un encuentro con la raíz en el sur del mundo» (Fondo de Artes Escénicas 2026, Títeres). Comuna no indicada en la nómina (solo región)."
PER-0051,Sebastián Fernando Farah Rodríguez,Responsable de proyecto (Fondos Cultura),NO ENCONTRADO,NO ENCONTRADO,NO ENCONTRADO,NO ENCONTRADO,NO ENCONTRADO,NO ENCONTRADO,NO ENCONTRADO,NO ENCONTRADO,NO ENCONTRADO,NO ENCONTRADO,NO ENCONTRADO,FUE-0094 | FUE-0098,DESCUBIERTO,2026-09-08,2026-09-08,NO ENCONTRADO,NO ENCONTRADO,"Responsable del proyecto «VIDA Y HAZAÑAS DEL SEÑOR ERIK SATIE, FONOMETRÓGRAFO» (Fondo de Artes Escénicas 2026, Títeres). Comuna no indicada en la nómina (solo región). Responsable del proyecto «Formación Lambesur» (Fondo de Artes Escénicas 2025, Profesionalización del sector). Comuna no indicada en la nómina (solo región)."
PER-0052,René Leonardo Rojas Escalona,Responsable de proyecto (Fondos Cultura),NO ENCONTRADO,NO ENCONTRADO,NO ENCONTRADO,NO ENCONTRADO,NO ENCONTRADO,NO ENCONTRADO,NO ENCONTRADO,NO ENCONTRADO,NO ENCONTRADO,NO ENCONTRADO,NO ENCONTRADO,FUE-0094,DESCUBIERTO,2026-09-08,2026-09-08,NO ENCONTRADO,NO ENCONTRADO,"Responsable del proyecto «Un marciano en Júpiter creación y producción de obra de teatro de marionetas por la diversidad y la inclusión social» (Fondo de Artes Escénicas 2026, Títeres). Comuna no indicada en la nómina (solo región)."
PER-0053,Daniel Alexis Silva Escobar,Responsable de proyecto (Fondos Cultura),NO ENCONTRADO,NO ENCONTRADO,NO ENCONTRADO,NO ENCONTRADO,NO ENCONTRADO,NO ENCONTRADO,NO ENCONTRADO,NO ENCONTRADO,NO ENCONTRADO,NO ENCONTRADO,NO ENCONTRADO,FUE-0094,DESCUBIERTO,2026-09-08,2026-09-08,NO ENCONTRADO,NO ENCONTRADO,"Responsable del proyecto «El Piuchén de Paihuén: Miniatura escénica del misterio campesino.» (Fondo de Artes Escénicas 2026, Títeres). Comuna no indicada en la nómina (solo región)."
PER-0054,Stefanis Magdalena Duarte Pinto,Responsable de proyecto (Fondos Cultura),NO ENCONTRADO,NO ENCONTRADO,NO ENCONTRADO,NO ENCONTRADO,NO ENCONTRADO,NO ENCONTRADO,NO ENCONTRADO,NO ENCONTRADO,NO ENCONTRADO,NO ENCONTRADO,NO ENCONTRADO,FUE-0094 | FUE-0099,DESCUBIERTO,2026-09-08,2026-09-08,NO ENCONTRADO,NO ENCONTRADO,"Responsable del proyecto «VACIO. Tercera parte de la trilogía de la distancia.» (Fondo de Artes Escénicas 2026, Interdisciplinar). Comuna no indicada en la nómina (solo región). Responsable del proyecto «""Del Teatro del Silencio a la Ruta del Teatro de Calle""» (Fondo de Artes Escénicas 2025, Especialización y Perfeccionamiento). Comuna no indicada en la nómina (solo región)."
PER-0055,Olinda Inés Melchor Lara,Responsable de proyecto (Fondos Cultura),NO ENCONTRADO,NO ENCONTRADO,NO ENCONTRADO,NO ENCONTRADO,NO ENCONTRADO,NO ENCONTRADO,NO ENCONTRADO,NO ENCONTRADO,NO ENCONTRADO,NO ENCONTRADO,NO ENCONTRADO,FUE-0094,DESCUBIERTO,2026-09-08,2026-09-08,NO ENCONTRADO,NO ENCONTRADO,"Responsable del proyecto «“Con la cabeza en las nubes”, obra teatral en formato distendido pensado en todas las infancias» (Fondo de Artes Escénicas 2026, Interdisciplinar). Comuna no indicada en la nómina (solo región)."
PER-0056,Eduardo Nicolás Cancino Said,Responsable de proyecto (Fondos Cultura),NO ENCONTRADO,NO ENCONTRADO,NO ENCONTRADO,NO ENCONTRADO,NO ENCONTRADO,NO ENCONTRADO,NO ENCONTRADO,NO ENCONTRADO,NO ENCONTRADO,NO ENCONTRADO,NO ENCONTRADO,FUE-0094,DESCUBIERTO,2026-09-08,2026-09-08,NO ENCONTRADO,NO ENCONTRADO,"Responsable del proyecto «Derrumbe: La piedra que supo que antes fue estrella.» (Fondo de Artes Escénicas 2026, Interdisciplinar). Comuna no indicada en la nómina (solo región)."
PER-0057,Milca Nicole Galea Robles,Responsable de proyecto (Fondos Cultura),NO ENCONTRADO,NO ENCONTRADO,NO ENCONTRADO,NO ENCONTRADO,NO ENCONTRADO,NO ENCONTRADO,NO ENCONTRADO,NO ENCONTRADO,NO ENCONTRADO,NO ENCONTRADO,NO ENCONTRADO,FUE-0094 | FUE-0108 | FUE-0124,DESCUBIERTO,2026-09-08,2026-09-08,NO ENCONTRADO,NO ENCONTRADO,"Responsable del proyecto «La Cultura de la Orilla» (Fondo de Artes Escénicas 2026, Interdisciplinar). Comuna no indicada en la nómina (solo región). Responsable del proyecto «Corredor Danza Valparaíso - Feria Internacional de Danza Tanzmesse NRW» (Fondo de Artes Escénicas 2024, Asistencia a Instancias Internacionales). Comuna no indicada en la nómina (solo región). Responsable del proyecto «Cooperativa Corredor Danza Valparaíso, asociatividad como estrategia para la sustentabilidad del trabajo» (Fondo de Artes Escénicas 2022, Fomento a la Asociatividad). Comuna no indicada en la nómina (solo región)."
PER-0058,Alexandra Mabes Villegas,Responsable de proyecto (Fondos Cultura),NO ENCONTRADO,NO ENCONTRADO,NO ENCONTRADO,NO ENCONTRADO,NO ENCONTRADO,NO ENCONTRADO,NO ENCONTRADO,NO ENCONTRADO,NO ENCONTRADO,NO ENCONTRADO,NO ENCONTRADO,FUE-0094,DESCUBIERTO,2026-09-08,2026-09-08,NO ENCONTRADO,NO ENCONTRADO,"Responsable del proyecto «Circulación Nacional Cu/ cuerpo infinito» (Fondo de Artes Escénicas 2026, Grupo A). Comuna no indicada en la nómina (solo región)."
PER-0059,Patricio Alejandro Nuñez rojas,Responsable de proyecto (Fondos Cultura),NO ENCONTRADO,NO ENCONTRADO,NO ENCONTRADO,NO ENCONTRADO,NO ENCONTRADO,NO ENCONTRADO,NO ENCONTRADO,NO ENCONTRADO,NO ENCONTRADO,NO ENCONTRADO,NO ENCONTRADO,FUE-0094 | FUE-0124,DESCUBIERTO,2026-09-08,2026-09-08,NO ENCONTRADO,NO ENCONTRADO,"Responsable del proyecto «""Tripulación Paraíso, abriendo horizontes, Circulación Esperanza""» (Fondo de Artes Escénicas 2026, Grupo B). Comuna no indicada en la nómina (solo región). Responsable del proyecto «""TRIPULACION PARAISO"",DISPARATE CIRCO ROCK, PURO CIRCO CHILENO.» (Fondo de Artes Escénicas 2022, Trayectoria/Circo). Comuna no indicada en la nómina (solo región)."
PER-0060,Nicole Constanza Rencoret Torres,Responsable de proyecto (Fondos Cultura),NO ENCONTRADO,NO ENCONTRADO,NO ENCONTRADO,NO ENCONTRADO,NO ENCONTRADO,NO ENCONTRADO,NO ENCONTRADO,NO ENCONTRADO,NO ENCONTRADO,NO ENCONTRADO,NO ENCONTRADO,FUE-0094,DESCUBIERTO,2026-09-08,2026-09-08,NO ENCONTRADO,NO ENCONTRADO,"Responsable del proyecto «Encuentro cultural con la comunidad. Itinerancia teatral por la región de OHiggins y del Maule» (Fondo de Artes Escénicas 2026, Grupo B). Comuna no indicada en la nómina (solo región)."
PER-0061,Sara Sophia Cecchetto Schmidlin,Responsable de proyecto (Fondos Cultura),NO ENCONTRADO,NO ENCONTRADO,NO ENCONTRADO,NO ENCONTRADO,NO ENCONTRADO,NO ENCONTRADO,NO ENCONTRADO,NO ENCONTRADO,NO ENCONTRADO,NO ENCONTRADO,NO ENCONTRADO,FUE-0094 | FUE-0124,DESCUBIERTO,2026-09-08,2026-09-08,NO ENCONTRADO,NO ENCONTRADO,"Responsable del proyecto «Circulación de montaje de narración oral ""Cuentos de Verde y Mar""» (Fondo de Artes Escénicas 2026, Grupo B). Comuna no indicada en la nómina (solo región). Responsable del proyecto «Joaquín y el Burro obra interdisciplinar para la primera infancia» (Fondo de Artes Escénicas 2022, Trayectoria/ Interdisciplinar). Comuna no indicada en la nómina (solo región)."
PER-0062,Ruby Camila Parraguez Padilla,Responsable de proyecto (Fondos Cultura),NO ENCONTRADO,NO ENCONTRADO,NO ENCONTRADO,NO ENCONTRADO,NO ENCONTRADO,NO ENCONTRADO,NO ENCONTRADO,NO ENCONTRADO,NO ENCONTRADO,NO ENCONTRADO,NO ENCONTRADO,FUE-0094,DESCUBIERTO,2026-09-08,2026-09-08,NO ENCONTRADO,NO ENCONTRADO,"Responsable del proyecto «Memorias de la danza escénica en la región de Valparaíso: Por una historia de la danza regional, 1973- 2025» (Fondo de Artes Escénicas 2026, Investigación teórica). Comuna no indicada en la nómina (solo región)."
PER-0063,Valentina Fuentes Durán,Responsable de proyecto (Fondos Cultura),NO ENCONTRADO,NO ENCONTRADO,NO ENCONTRADO,NO ENCONTRADO,NO ENCONTRADO,NO ENCONTRADO,NO ENCONTRADO,NO ENCONTRADO,NO ENCONTRADO,NO ENCONTRADO,NO ENCONTRADO,FUE-0094 | FUE-0098 | FUE-0117 | FUE-0124 | FUE-0126,DESCUBIERTO,2026-09-08,2026-09-08,NO ENCONTRADO,NO ENCONTRADO,"Responsable del proyecto «VOCES ESCÉNICAS: programa de perfeccionamiento vocal para artistas escénicos» (Fondo de Artes Escénicas 2026, Profesionalización del sector). Comuna no indicada en la nómina (solo región). Responsable del proyecto «Voces Escénicas: programa de perfeccionamiento vocal para artistas escénicos» (Fondo de Artes Escénicas 2025, Profesionalización del sector). Comuna no indicada en la nómina (solo región). Responsable del proyecto «Biomecánica para la eficacia de la producción vocal en la actuación teatral» (Fondo de Artes Escénicas 2023, Especialización y Perfeccionamiento). Comuna no indicada en la nómina (solo región). Responsable del proyecto «Formación en el Centro Internacional Artístico Roy Hart» (Fondo de Artes Escénicas 2022, Becas de Especialización y Perfeccionamiento). Comuna no indicada en la nómina (solo región). Responsable del proyecto «Residencia artística Centro Artístico Internacional Roy Hart» (Fondo de Artes Escénicas 2022, Participación en Instancias Internacionales - Formato Individual o Dúo - Presencial). Comuna no indicada en la nómina (solo región)."
PER-0064,Paloma Gabriela Molina Fuentealba,Responsable de proyecto (Fondos Cultura),NO ENCONTRADO,NO ENCONTRADO,NO ENCONTRADO,NO ENCONTRADO,NO ENCONTRADO,NO ENCONTRADO,NO ENCONTRADO,NO ENCONTRADO,NO ENCONTRADO,NO ENCONTRADO,NO ENCONTRADO,FUE-0094,DESCUBIERTO,2026-09-08,2026-09-08,NO ENCONTRADO,NO ENCONTRADO,"Responsable del proyecto «Tejiendo Identidades: Marionetas del Mar y la Tierra» (Fondo de Artes Escénicas 2026, Públicos y comunidades). Comuna no indicada en la nómina (solo región)."
PER-0065,Alexandra Catalina Farías Aguirre,Responsable de proyecto (Fondos Cultura),NO ENCONTRADO,NO ENCONTRADO,NO ENCONTRADO,NO ENCONTRADO,NO ENCONTRADO,NO ENCONTRADO,NO ENCONTRADO,NO ENCONTRADO,NO ENCONTRADO,NO ENCONTRADO,NO ENCONTRADO,FUE-0094,DESCUBIERTO,2026-09-08,2026-09-08,NO ENCONTRADO,NO ENCONTRADO,"Responsable del proyecto «Programa Formativo “Saberes Futuro: prácticas escénicas para socias/os del Centro de Quilpué de la Unión Nacional y vecinas/os de El Retiro y El Sol”.» (Fondo de Artes Escénicas 2026, Públicos y comunidades). Comuna no indicada en la nómina (solo región)."
PER-0066,Pablo Ignacio Abarca Carrazana,Responsable de proyecto (Fondos Cultura) | Gestor/a cultural,NO ENCONTRADO,NO ENCONTRADO,NO ENCONTRADO,NO ENCONTRADO,NO ENCONTRADO,NO ENCONTRADO,NO ENCONTRADO,NO ENCONTRADO,NO ENCONTRADO,NO ENCONTRADO,NO ENCONTRADO,FUE-0094 | FUE-0095 | FUE-0099 | FUE-0104 | FUE-0105 | FUE-0117 | FUE-0118 | FUE-0124 | FUE-0125,DESCUBIERTO,2026-09-08,2026-09-08,NO ENCONTRADO,NO ENCONTRADO,"Responsable del proyecto «ENAES: 3era Escuela de Artes Escénicas para la Comunidad Sorda» (Fondo de Artes Escénicas 2026, Públicos y comunidades). Comuna no indicada en la nómina (solo región). Responsable del proyecto «ENAI 2026 Quinto Encuentro de Artes Escénicas para la Comunidad Sorda» (Fondo de Artes Escénicas 2026, Nacionales). Comuna no indicada en la nómina (solo región). Responsable del proyecto «ENAI 2025 Cuarto Encuentro de Artes Escénicas para la Comunidad Sorda» (Fondo de Artes Escénicas 2025, Festivales y encuentros nacionales). Comuna no indicada en la nómina (solo región). Responsable del proyecto «Residencia de Creación: Teatro de Sordos y Vernáculo Visual» (Fondo de Artes Escénicas 2024, Residencias de creación). Comuna no indicada en la nómina (solo región). Responsable del proyecto «Tercer Encuentro de narración accesible e inclusiva: ENAI 2024 Valparaíso» (Fondo de Artes Escénicas 2024, Festivales y encuentros regionales). Comuna no indicada en la nómina (solo región). Responsable del proyecto «Pasantía en Teatro corporal accesible para la comunidad sorda» (Fondo de Artes Escénicas 2024, Especialización y Perfeccionamiento). Comuna no indicada en la nómina (solo región). Responsable del proyecto «Escuela de Artes Escénicas para la comunidad sorda ARTESCESOR modalidad Presencial» (Fondo de Artes Escénicas 2024, Profesionalización del sector). Comuna no indicada en la nómina (solo región). Responsable del proyecto «Pasantía Área de Investigaciones en Mimo UBA Argentina» (Fondo de Artes Escénicas 2023, Especialización y Perfeccionamiento). Comuna no indicada en la nómina (solo región). Responsable del proyecto «Segundo Encuentro de narración accesible e inclusiva: ENAI 2023» (Fondo de Artes Escénicas 2023, Festivales y encuentros regionales). Comuna no indicada en la nómina (solo región). Responsable del proyecto «""Cuéntamelo a los ojos"": espectáculo de narración gestual para la comunidad sorda» (Fondo de Artes Escénicas 2022, Creación y Producción/Narración Oral). Comuna no indicada en la nómina (solo región). Responsable del proyecto «Primer Encuentro regional de narración inclusiva: contemos con otros sentidos» (Fondo de Artes Escénicas 2022, Festivales y Encuentros Regionales). Comuna no indicada en la nómina (solo región). Responsable de ENAI (2022–2026), ENAES (2026), ARTESCESOR (2024), 'Cuéntamelo a los ojos' (2022) y residencia 'Teatro de Sordos y Vernáculo Visual' (2024): artes escénicas y comunidad sorda."
PER-0067,María Luisa Gutiérrez Godoy,Responsable de proyecto (Fondos Cultura),NO ENCONTRADO,NO ENCONTRADO,NO ENCONTRADO,NO ENCONTRADO,NO ENCONTRADO,NO ENCONTRADO,NO ENCONTRADO,NO ENCONTRADO,NO ENCONTRADO,NO ENCONTRADO,NO ENCONTRADO,FUE-0095,DESCUBIERTO,2026-09-08,2026-09-08,NO ENCONTRADO,NO ENCONTRADO,"Responsable del proyecto «Estudios de Magíster en Patrimonio, Universidad de Valparaíso: Metodologías Escénicas para la Mediación del Patrimonio Inmaterial» (Fondo de Artes Escénicas 2026, Magíster, máster o maestría). Comuna no indicada en la nómina (solo región)."
PER-0068,Nicolas Fernando Mayorga Ramirez,Responsable de proyecto (Fondos Cultura),NO ENCONTRADO,NO ENCONTRADO,NO ENCONTRADO,NO ENCONTRADO,NO ENCONTRADO,NO ENCONTRADO,NO ENCONTRADO,NO ENCONTRADO,NO ENCONTRADO,NO ENCONTRADO,NO ENCONTRADO,FUE-0095,DESCUBIERTO,2026-09-08,2026-09-08,NO ENCONTRADO,NO ENCONTRADO,"Responsable del proyecto «beca para Magister en Practicas Coreográficas / Nicolás Mayorga Ramírez» (Fondo de Artes Escénicas 2026, Magíster, máster o maestría). Comuna no indicada en la nómina (solo región)."
PER-0069,Jacinta María Egaña Kaulen,Responsable de proyecto (Fondos Cultura),NO ENCONTRADO,NO ENCONTRADO,NO ENCONTRADO,NO ENCONTRADO,NO ENCONTRADO,NO ENCONTRADO,NO ENCONTRADO,NO ENCONTRADO,NO ENCONTRADO,NO ENCONTRADO,NO ENCONTRADO,FUE-0095 | FUE-0098 | FUE-0105,DESCUBIERTO,2026-09-08,2026-09-08,NO ENCONTRADO,NO ENCONTRADO,"Responsable del proyecto «Formación en Teatro Balinés: profundizando el puente en Indonesia y Chile» (Fondo de Artes Escénicas 2026, Especialización y perfeccionamiento). Comuna no indicada en la nómina (solo región). Responsable del proyecto «Azul y el bosque extinto, montaje interdisciplinar para infancias» (Fondo de Artes Escénicas 2025, Interdisciplinar). Comuna no indicada en la nómina (solo región). Responsable del proyecto «Escuela de máscara y movimiento para la creación escénica» (Fondo de Artes Escénicas 2025, Profesionalización del sector). Comuna no indicada en la nómina (solo región). Responsable del proyecto «Formación en Teatro Topeng, un puente entre Indonesia y Chile» (Fondo de Artes Escénicas 2024, Especialización y Perfeccionamiento). Comuna no indicada en la nómina (solo región)."
PER-0070,Catherine Jara Rebolledo,Responsable de proyecto (Fondos Cultura),NO ENCONTRADO,NO ENCONTRADO,NO ENCONTRADO,NO ENCONTRADO,NO ENCONTRADO,NO ENCONTRADO,NO ENCONTRADO,NO ENCONTRADO,NO ENCONTRADO,NO ENCONTRADO,NO ENCONTRADO,FUE-0095,DESCUBIERTO,2026-09-08,2026-09-08,NO ENCONTRADO,NO ENCONTRADO,"Responsable del proyecto «Perfeccionamiento intensivo y especializado en la disciplina del Clown, Argentina.» (Fondo de Artes Escénicas 2026, Especialización y perfeccionamiento). Comuna no indicada en la nómina (solo región)."
PER-0071,María Ignacia Millán Azagra,Responsable de proyecto (Fondos Cultura),NO ENCONTRADO,NO ENCONTRADO,NO ENCONTRADO,NO ENCONTRADO,NO ENCONTRADO,NO ENCONTRADO,NO ENCONTRADO,NO ENCONTRADO,NO ENCONTRADO,NO ENCONTRADO,NO ENCONTRADO,FUE-0095,DESCUBIERTO,2026-09-08,2026-09-08,NO ENCONTRADO,NO ENCONTRADO,"Responsable del proyecto «Territorios que cuidan: salud, cultura y comunidad desde la Gestión Cultural» (Fondo de Artes Escénicas 2026, Especialización y perfeccionamiento). Comuna no indicada en la nómina (solo región)."
PER-0072,Carlos Andrés Craig Sepúlveda,Responsable de proyecto (Fondos Cultura),NO ENCONTRADO,NO ENCONTRADO,NO ENCONTRADO,NO ENCONTRADO,NO ENCONTRADO,NO ENCONTRADO,NO ENCONTRADO,NO ENCONTRADO,NO ENCONTRADO,NO ENCONTRADO,NO ENCONTRADO,FUE-0095 | FUE-0117 | FUE-0124,DESCUBIERTO,2026-09-08,2026-09-08,NO ENCONTRADO,NO ENCONTRADO,"Responsable del proyecto «Diplomado en Teatro aplicado en educación, salud y comunidad» (Fondo de Artes Escénicas 2026, Especialización y perfeccionamiento). Comuna no indicada en la nómina (solo región). Responsable del proyecto «Programa de formación en artes escénicas, para personas mayores de la comunidad de Villa Alemana» (Fondo de Artes Escénicas 2023, Públicos y comunidades). Comuna no indicada en la nómina (solo región). Responsable del proyecto «Programa de formación en artes escénicas, para personas mayores de la comunidad de Villa Alemana» (Fondo de Artes Escénicas 2022, Públicos y Comunidades). Comuna no indicada en la nómina (solo región)."
PER-0073,Dixi Candy Gonzalez Gamboa,Responsable de proyecto (Fondos Cultura),NO ENCONTRADO,NO ENCONTRADO,NO ENCONTRADO,NO ENCONTRADO,NO ENCONTRADO,NO ENCONTRADO,NO ENCONTRADO,NO ENCONTRADO,NO ENCONTRADO,NO ENCONTRADO,NO ENCONTRADO,FUE-0095 | FUE-0109 | FUE-0124,DESCUBIERTO,2026-09-08,2026-09-08,NO ENCONTRADO,NO ENCONTRADO,"Responsable del proyecto «Programa de profundización y perfeccionamiento teórico-práctico en nar ración oral contemporánea. con el Maestro Juan Martin Tapia» (Fondo de Artes Escénicas 2026, Especialización y perfeccionamiento). Comuna no indicada en la nómina (solo región). Responsable del proyecto «Participación en XI Encuentro Internacional de Narradores Orales ""·Cántaro de Cuentos"". Itagui Colombia.» (Fondo de Artes Escénicas 2024, Circulación Internacional). Comuna no indicada en la nómina (solo región). Responsable del proyecto «Programa de formación en Método Alba Emoting» (Fondo de Artes Escénicas 2022, Becas de Especialización y Perfeccionamiento). Comuna no indicada en la nómina (solo región)."
PER-0074,Luisa Mackarena Navarro Cubillos,Responsable de proyecto (Fondos Cultura),NO ENCONTRADO,NO ENCONTRADO,NO ENCONTRADO,NO ENCONTRADO,NO ENCONTRADO,NO ENCONTRADO,NO ENCONTRADO,NO ENCONTRADO,NO ENCONTRADO,NO ENCONTRADO,NO ENCONTRADO,FUE-0095,DESCUBIERTO,2026-09-08,2026-09-08,NO ENCONTRADO,NO ENCONTRADO,"Responsable del proyecto «Especialización y certificación en rigging para las Artes Escénicas y el trabajo seguro en altura.» (Fondo de Artes Escénicas 2026, Especialización y perfeccionamiento). Comuna no indicada en la nómina (solo región)."
PER-0075,Iván Enrique Torres Pino,Responsable de proyecto (Fondos Cultura),NO ENCONTRADO,NO ENCONTRADO,NO ENCONTRADO,NO ENCONTRADO,NO ENCONTRADO,NO ENCONTRADO,NO ENCONTRADO,NO ENCONTRADO,NO ENCONTRADO,NO ENCONTRADO,NO ENCONTRADO,FUE-0095,DESCUBIERTO,2026-09-08,2026-09-08,NO ENCONTRADO,NO ENCONTRADO,"Responsable del proyecto «Curso online de perfeccionamiento técnico en Cuerda Lisa» (Fondo de Artes Escénicas 2026, Especialización y perfeccionamiento). Comuna no indicada en la nómina (solo región)."
PER-0076,Sara Camila Solis Peña,Responsable de proyecto (Fondos Cultura),COMP-0021,Siento Teatro,vina-del-mar,Viña del Mar,valparaiso,NO ENCONTRADO,NO ENCONTRADO,NO ENCONTRADO,NO ENCONTRADO,NO ENCONTRADO,NO ENCONTRADO,FUE-0095 | FUE-0099,PARCIAL,2026-09-08,2026-09-08,NO ENCONTRADO,NO ENCONTRADO,"Responsable del proyecto «II Festival de Artes Escénicas , Autocuidado y Salud Mental SIENTO TEATRO» (Fondo de Artes Escénicas 2026, Regionales). Comuna no indicada en la nómina (solo región). Responsable del proyecto «Primer Festival de Artes Escénicas , Autocuidado y Salud Mental SIENTO TEATRO» (Fondo de Artes Escénicas 2025, Festivales y encuentros regionales). Comuna no indicada en la nómina (solo región). Responsable del Festival de Artes Escénicas, Autocuidado y Salud Mental Siento Teatro (2025, 2026)."
PER-0077,Camila Paz Guerrero Escobar,Responsable de proyecto (Fondos Cultura),NO ENCONTRADO,NO ENCONTRADO,NO ENCONTRADO,NO ENCONTRADO,NO ENCONTRADO,NO ENCONTRADO,NO ENCONTRADO,NO ENCONTRADO,NO ENCONTRADO,NO ENCONTRADO,NO ENCONTRADO,FUE-0095 | FUE-0099,DESCUBIERTO,2026-09-08,2026-09-08,NO ENCONTRADO,NO ENCONTRADO,"Responsable del proyecto «Primer festival de artes escénicas en escaleras, Valparaíso.» (Fondo de Artes Escénicas 2026, Regionales). Comuna no indicada en la nómina (solo región). Responsable del proyecto «Forças da natureza» (Fondo de Artes Escénicas 2025, Especialización y Perfeccionamiento). Comuna no indicada en la nómina (solo región)."
PER-0078,Katherine Patricia Salvo Rios,Responsable de proyecto (Fondos Cultura),NO ENCONTRADO,NO ENCONTRADO,NO ENCONTRADO,NO ENCONTRADO,NO ENCONTRADO,NO ENCONTRADO,NO ENCONTRADO,NO ENCONTRADO,NO ENCONTRADO,NO ENCONTRADO,NO ENCONTRADO,FUE-0095,DESCUBIERTO,2026-09-08,2026-09-08,NO ENCONTRADO,NO ENCONTRADO,"Responsable del proyecto «22º Festival Danza Quilpué Danza» (Fondo de Artes Escénicas 2026, Regionales). Comuna no indicada en la nómina (solo región)."
PER-0079,Carla Paz Cepeda Cortés,Responsable de proyecto (Fondos Cultura),NO ENCONTRADO,NO ENCONTRADO,NO ENCONTRADO,NO ENCONTRADO,NO ENCONTRADO,NO ENCONTRADO,NO ENCONTRADO,NO ENCONTRADO,NO ENCONTRADO,NO ENCONTRADO,NO ENCONTRADO,FUE-0096,DESCUBIERTO,2026-09-08,2026-09-08,NO ENCONTRADO,NO ENCONTRADO,"Responsable del proyecto «Circo Pa’l Barrio: Circulación Internacional Compañía Disparate Circo» (Fondo de Artes Escénicas 2026, Circulación Internacional). Comuna no indicada en la nómina (solo región)."
PER-0080,Carlos Andrés Basualdo Gómez,Responsable de proyecto (Fondos Cultura),NO ENCONTRADO,NO ENCONTRADO,NO ENCONTRADO,NO ENCONTRADO,NO ENCONTRADO,NO ENCONTRADO,NO ENCONTRADO,NO ENCONTRADO,NO ENCONTRADO,NO ENCONTRADO,NO ENCONTRADO,FUE-0096 | FUE-0098 | FUE-0117,DESCUBIERTO,2026-09-08,2026-09-08,NO ENCONTRADO,NO ENCONTRADO,"Responsable del proyecto «Participación en Festival Internacional ContArte 2026» (Fondo de Artes Escénicas 2026, Circulación Internacional). Comuna no indicada en la nómina (solo región). Responsable del proyecto «Si te lo cuento, ¿lo leerías? Textos clásicos narrados oralmente» (Fondo de Artes Escénicas 2025, Narración oral). Comuna no indicada en la nómina (solo región). Responsable del proyecto «Don Quijote te ha enviado una solicitud de amistad. Textos clásicos para un público joven.» (Fondo de Artes Escénicas 2023, Composición para narración oral). Comuna no indicada en la nómina (solo región)."
PER-0081,Manuel Alejandro Díaz Salas,Responsable de proyecto (Fondos Cultura),NO ENCONTRADO,NO ENCONTRADO,NO ENCONTRADO,NO ENCONTRADO,NO ENCONTRADO,NO ENCONTRADO,NO ENCONTRADO,NO ENCONTRADO,NO ENCONTRADO,NO ENCONTRADO,NO ENCONTRADO,FUE-0096,DESCUBIERTO,2026-09-08,2026-09-08,NO ENCONTRADO,NO ENCONTRADO,"Responsable del proyecto «Agenciamiento y fortalecimiento de redes internacionales en festivales e instituciones culturales de España» (Fondo de Artes Escénicas 2026, Circulación Internacional). Comuna no indicada en la nómina (solo región)."
PER-0082,Diego Sebastián Chamorro Ramírez,Responsable de proyecto (Fondos Cultura),NO ENCONTRADO,NO ENCONTRADO,NO ENCONTRADO,NO ENCONTRADO,NO ENCONTRADO,NO ENCONTRADO,NO ENCONTRADO,NO ENCONTRADO,NO ENCONTRADO,NO ENCONTRADO,NO ENCONTRADO,FUE-0098 | FUE-0117,DESCUBIERTO,2026-09-08,2026-09-08,NO ENCONTRADO,NO ENCONTRADO,"Responsable del proyecto «Huidobro Viene Navegando + Registro» (Fondo de Artes Escénicas 2025, Única). Comuna no indicada en la nómina (solo región). Responsable del proyecto «Gira de Llo Lle We : Ko Rüpü, el camino del agua» (Fondo de Artes Escénicas 2023, Circulación de montajes escénicos). Comuna no indicada en la nómina (solo región)."
PER-0083,María José Franco Campos,Responsable de proyecto (Fondos Cultura),NO ENCONTRADO,NO ENCONTRADO,NO ENCONTRADO,NO ENCONTRADO,NO ENCONTRADO,NO ENCONTRADO,NO ENCONTRADO,NO ENCONTRADO,NO ENCONTRADO,NO ENCONTRADO,NO ENCONTRADO,FUE-0098,DESCUBIERTO,2026-09-08,2026-09-08,NO ENCONTRADO,NO ENCONTRADO,"Responsable del proyecto «""La Ruta de Hilo Rojo""» (Fondo de Artes Escénicas 2025, Única). Comuna no indicada en la nómina (solo región)."
PER-0084,Paula Andrea Jirkal Briones,Responsable de proyecto (Fondos Cultura),NO ENCONTRADO,NO ENCONTRADO,NO ENCONTRADO,NO ENCONTRADO,NO ENCONTRADO,NO ENCONTRADO,NO ENCONTRADO,NO ENCONTRADO,NO ENCONTRADO,NO ENCONTRADO,NO ENCONTRADO,FUE-0098 | FUE-0117,DESCUBIERTO,2026-09-08,2026-09-08,NO ENCONTRADO,NO ENCONTRADO,"Responsable del proyecto «Circulación nacional ""Todo esto está en ti""; obra de circo contemporáneo inspirada en la poesía de Raul Zurita» (Fondo de Artes Escénicas 2025, Única). Comuna no indicada en la nómina (solo región). Responsable del proyecto «“Todo esto está en ti o la locura será la dolorosa pasión de estos paisajes” Obra de circo contemporáneo inspirada en la poesía de Raul Zurita.» (Fondo de Artes Escénicas 2023, Circo). Comuna no indicada en la nómina (solo región)."
PER-0085,Natalia Francisca Cuéllar Díaz,Responsable de proyecto (Fondos Cultura),NO ENCONTRADO,NO ENCONTRADO,NO ENCONTRADO,NO ENCONTRADO,NO ENCONTRADO,NO ENCONTRADO,NO ENCONTRADO,NO ENCONTRADO,NO ENCONTRADO,NO ENCONTRADO,NO ENCONTRADO,FUE-0098,DESCUBIERTO,2026-09-08,2026-09-08,NO ENCONTRADO,NO ENCONTRADO,"Responsable del proyecto «Circulación nacional obra ""KI, la respiración del tiempo""» (Fondo de Artes Escénicas 2025, Única). Comuna no indicada en la nómina (solo región)."
PER-0086,Lucía Francisca Silva Vegas,Responsable de proyecto (Fondos Cultura),NO ENCONTRADO,NO ENCONTRADO,NO ENCONTRADO,NO ENCONTRADO,NO ENCONTRADO,NO ENCONTRADO,NO ENCONTRADO,NO ENCONTRADO,NO ENCONTRADO,NO ENCONTRADO,NO ENCONTRADO,FUE-0098 | FUE-0124,DESCUBIERTO,2026-09-08,2026-09-08,NO ENCONTRADO,NO ENCONTRADO,"Responsable del proyecto «Circulación Caudal, por la liberación de las aguas de Teatro LaWasha» (Fondo de Artes Escénicas 2025, Única). Comuna no indicada en la nómina (solo región). Responsable del proyecto «Creación y Producción de la obra infantil La Llave Secreta, por la liberación de las aguas.» (Fondo de Artes Escénicas 2022, Creación y Producción/Teatro). Comuna no indicada en la nómina (solo región)."
PER-0087,Milenka Cucurella Farías,Responsable de proyecto (Fondos Cultura),COMP-0010,La Enredadera,NO ENCONTRADO,NO ENCONTRADO,NO ENCONTRADO,NO ENCONTRADO,NO ENCONTRADO,NO ENCONTRADO,NO ENCONTRADO,NO ENCONTRADO,NO ENCONTRADO,FUE-0098,PARCIAL,2026-09-08,2026-09-08,NO ENCONTRADO,NO ENCONTRADO,"Responsable del proyecto «Residencia Exploración del lenguaje creativo para la primera infancia. Colectivo Escénico La Enredadera.» (Fondo de Artes Escénicas 2025, Residencias de creación). Comuna no indicada en la nómina (solo región). Residencia de creación para la primera infancia con el Colectivo Escénico La Enredadera (2025)."
PER-0088,Francisco Javier Díaz Pacheco,Responsable de proyecto (Fondos Cultura),NO ENCONTRADO,NO ENCONTRADO,NO ENCONTRADO,NO ENCONTRADO,NO ENCONTRADO,NO ENCONTRADO,NO ENCONTRADO,NO ENCONTRADO,NO ENCONTRADO,NO ENCONTRADO,NO ENCONTRADO,FUE-0098,DESCUBIERTO,2026-09-08,2026-09-08,NO ENCONTRADO,NO ENCONTRADO,"Responsable del proyecto «RAQ III: Residencias de Arte Queer. 'Memorias Queer de Valparaíso'» (Fondo de Artes Escénicas 2025, Residencias de creación). Comuna no indicada en la nómina (solo región)."
PER-0089,Christopher Camilo Ortega Silva,Responsable de proyecto (Fondos Cultura),NO ENCONTRADO,NO ENCONTRADO,NO ENCONTRADO,NO ENCONTRADO,NO ENCONTRADO,NO ENCONTRADO,NO ENCONTRADO,NO ENCONTRADO,NO ENCONTRADO,NO ENCONTRADO,NO ENCONTRADO,FUE-0098 | FUE-0124,DESCUBIERTO,2026-09-08,2026-09-08,NO ENCONTRADO,NO ENCONTRADO,"Responsable del proyecto «Residencia Litismo: re- conocer cuerpo + sonido + palabra» (Fondo de Artes Escénicas 2025, Residencias de creación). Comuna no indicada en la nómina (solo región). Responsable del proyecto «INFORME PARA UNA ACADEMIA» (Fondo de Artes Escénicas 2022, Creación y Producción/Teatro). Comuna no indicada en la nómina (solo región)."
PER-0090,Marco Ignacio Orellana Pavez,Responsable de proyecto (Fondos Cultura),NO ENCONTRADO,NO ENCONTRADO,NO ENCONTRADO,NO ENCONTRADO,NO ENCONTRADO,NO ENCONTRADO,NO ENCONTRADO,NO ENCONTRADO,NO ENCONTRADO,NO ENCONTRADO,NO ENCONTRADO,FUE-0098,DESCUBIERTO,2026-09-08,2026-09-08,NO ENCONTRADO,NO ENCONTRADO,"Responsable del proyecto «Máquina, de gloria y olvido» (Fondo de Artes Escénicas 2025, Danza). Comuna no indicada en la nómina (solo región)."
PER-0091,Franco Ignacio Oviedo Maldonado,Responsable de proyecto (Fondos Cultura),NO ENCONTRADO,NO ENCONTRADO,NO ENCONTRADO,NO ENCONTRADO,NO ENCONTRADO,NO ENCONTRADO,NO ENCONTRADO,NO ENCONTRADO,NO ENCONTRADO,NO ENCONTRADO,NO ENCONTRADO,FUE-0098,DESCUBIERTO,2026-09-08,2026-09-08,NO ENCONTRADO,NO ENCONTRADO,"Responsable del proyecto «La Invivible» (Fondo de Artes Escénicas 2025, Danza). Comuna no indicada en la nómina (solo región)."
PER-0092,Valentina Michelle Orellana Reyes,Responsable de proyecto (Fondos Cultura),NO ENCONTRADO,NO ENCONTRADO,NO ENCONTRADO,NO ENCONTRADO,NO ENCONTRADO,NO ENCONTRADO,NO ENCONTRADO,NO ENCONTRADO,NO ENCONTRADO,NO ENCONTRADO,NO ENCONTRADO,FUE-0098,DESCUBIERTO,2026-09-08,2026-09-08,NO ENCONTRADO,NO ENCONTRADO,"Responsable del proyecto «Creación y Producción de la obra de danza contemporánea ""La Última Danza de La Pincoya""» (Fondo de Artes Escénicas 2025, Danza). Comuna no indicada en la nómina (solo región)."
PER-0093,Sibila Sotomayor Van Rysseghem,Responsable de proyecto (Fondos Cultura),NO ENCONTRADO,NO ENCONTRADO,NO ENCONTRADO,NO ENCONTRADO,NO ENCONTRADO,NO ENCONTRADO,NO ENCONTRADO,NO ENCONTRADO,NO ENCONTRADO,NO ENCONTRADO,NO ENCONTRADO,FUE-0098 | FUE-0124,DESCUBIERTO,2026-09-08,2026-09-08,NO ENCONTRADO,NO ENCONTRADO,"Responsable del proyecto «Acción/Nebulosa: Laboratorio de investigación performativa antifascista - colectivo LASTESIS» (Fondo de Artes Escénicas 2025, Interdisciplinar). Comuna no indicada en la nómina (solo región). Responsable del proyecto «Pasantía de investigación: performance & activismos» (Fondo de Artes Escénicas 2022, Becas de Especialización y Perfeccionamiento). Comuna no indicada en la nómina (solo región)."
PER-0094,Pascuala Ilabaca Argandoña,Responsable de proyecto (Fondos Cultura),NO ENCONTRADO,NO ENCONTRADO,NO ENCONTRADO,NO ENCONTRADO,NO ENCONTRADO,NO ENCONTRADO,NO ENCONTRADO,NO ENCONTRADO,NO ENCONTRADO,NO ENCONTRADO,NO ENCONTRADO,FUE-0098,DESCUBIERTO,2026-09-08,2026-09-08,NO ENCONTRADO,NO ENCONTRADO,"Responsable del proyecto «""No me nombren a mi sola""» (Fondo de Artes Escénicas 2025, Interdisciplinar). Comuna no indicada en la nómina (solo región)."
PER-0095,Juliana da Silva Martins,Responsable de proyecto (Fondos Cultura),NO ENCONTRADO,NO ENCONTRADO,NO ENCONTRADO,NO ENCONTRADO,NO ENCONTRADO,NO ENCONTRADO,NO ENCONTRADO,NO ENCONTRADO,NO ENCONTRADO,NO ENCONTRADO,NO ENCONTRADO,FUE-0098 | FUE-0124,DESCUBIERTO,2026-09-08,2026-09-08,NO ENCONTRADO,NO ENCONTRADO,"Responsable del proyecto «Contrahílo - mujeres que tejen en el aire» (Fondo de Artes Escénicas 2025, Interdisciplinar). Comuna no indicada en la nómina (solo región). Responsable del proyecto «CONTRAHÍLO - MUJERES QUE TEJEN EN EL AIRE» (Fondo de Artes Escénicas 2022, Residencias de Creación). Comuna no indicada en la nómina (solo región)."
PER-0096,Oscar Andrés Gonzalez Bosque,Responsable de proyecto (Fondos Cultura),NO ENCONTRADO,NO ENCONTRADO,NO ENCONTRADO,NO ENCONTRADO,NO ENCONTRADO,NO ENCONTRADO,NO ENCONTRADO,NO ENCONTRADO,NO ENCONTRADO,NO ENCONTRADO,NO ENCONTRADO,FUE-0098,DESCUBIERTO,2026-09-08,2026-09-08,NO ENCONTRADO,NO ENCONTRADO,"Responsable del proyecto «La Nave de los locos, locOnas y Alacalufes. Teatro circo ancestral» (Fondo de Artes Escénicas 2025, Interdisciplinar). Comuna no indicada en la nómina (solo región)."
PER-0097,Julieta Tamara Saavedra Barraza,Responsable de proyecto (Fondos Cultura),NO ENCONTRADO,NO ENCONTRADO,NO ENCONTRADO,NO ENCONTRADO,NO ENCONTRADO,NO ENCONTRADO,NO ENCONTRADO,NO ENCONTRADO,NO ENCONTRADO,NO ENCONTRADO,NO ENCONTRADO,FUE-0098,DESCUBIERTO,2026-09-08,2026-09-08,NO ENCONTRADO,NO ENCONTRADO,"Responsable del proyecto «EL TIEMPO NO ESPERA Monólogos del Adulto Mayor _ Una propuesta de Montaje escénico por Julieta y compañía» (Fondo de Artes Escénicas 2025, Narración oral). Comuna no indicada en la nómina (solo región)."
PER-0098,David Gabriel Valdivia Argandoña,Responsable de proyecto (Fondos Cultura),NO ENCONTRADO,NO ENCONTRADO,NO ENCONTRADO,NO ENCONTRADO,NO ENCONTRADO,NO ENCONTRADO,NO ENCONTRADO,NO ENCONTRADO,NO ENCONTRADO,NO ENCONTRADO,NO ENCONTRADO,FUE-0098,DESCUBIERTO,2026-09-08,2026-09-08,NO ENCONTRADO,NO ENCONTRADO,"Responsable del proyecto «“El Trueno de Milén”, una ópera de cámara por la inclusión de la neurodivergencia en las artes escénicas» (Fondo de Artes Escénicas 2025, Ópera). Comuna no indicada en la nómina (solo región)."
PER-0099,Maritza Alejandra Farías Cerpa,Responsable de proyecto (Fondos Cultura),NO ENCONTRADO,NO ENCONTRADO,NO ENCONTRADO,NO ENCONTRADO,NO ENCONTRADO,NO ENCONTRADO,NO ENCONTRADO,NO ENCONTRADO,NO ENCONTRADO,NO ENCONTRADO,NO ENCONTRADO,FUE-0098,DESCUBIERTO,2026-09-08,2026-09-08,NO ENCONTRADO,NO ENCONTRADO,"Responsable del proyecto «NINA» (Fondo de Artes Escénicas 2025, Teatro). Comuna no indicada en la nómina (solo región)."
PER-0100,Camila Fernanda Pichuante Cruz,Responsable de proyecto (Fondos Cultura),NO ENCONTRADO,NO ENCONTRADO,NO ENCONTRADO,NO ENCONTRADO,NO ENCONTRADO,NO ENCONTRADO,NO ENCONTRADO,NO ENCONTRADO,NO ENCONTRADO,NO ENCONTRADO,NO ENCONTRADO,FUE-0098,DESCUBIERTO,2026-09-08,2026-09-08,NO ENCONTRADO,NO ENCONTRADO,"Responsable del proyecto «La Ventana de Eva , espectaculo de teatro objeto» (Fondo de Artes Escénicas 2025, Títeres). Comuna no indicada en la nómina (solo región)."
PER-0101,Verónica Lucía Sentis Herrmann,Responsable de proyecto (Fondos Cultura),NO ENCONTRADO,NO ENCONTRADO,NO ENCONTRADO,NO ENCONTRADO,NO ENCONTRADO,NO ENCONTRADO,NO ENCONTRADO,NO ENCONTRADO,NO ENCONTRADO,NO ENCONTRADO,NO ENCONTRADO,FUE-0098 | FUE-0124,DUPLICADO,2026-09-08,2026-09-08,PER-0220,NO ENCONTRADO,"Responsable del proyecto «Actualización y rediseño plataforma digital sobre teatro de Valparaíso www.historiadelteatro envalparaiso.cl» (Fondo de Artes Escénicas 2025, Única). Comuna no indicada en la nómina (solo región). Responsable del proyecto «Descorriendo tupidos velos: cartografía teatral de directoras porteñas en el siglo XXI» (Fondo de Artes Escénicas 2022, Investigación Teórica). Comuna no indicada en la nómina (solo región)."
PER-0102,CentroCultural de Arte Español Flamenco Triana,Responsable de proyecto (Fondos Cultura),NO ENCONTRADO,NO ENCONTRADO,NO ENCONTRADO,NO ENCONTRADO,NO ENCONTRADO,NO ENCONTRADO,NO ENCONTRADO,NO ENCONTRADO,NO ENCONTRADO,NO ENCONTRADO,NO ENCONTRADO,FUE-0098,DESCUBIERTO,2026-09-08,2026-09-08,NO ENCONTRADO,NO ENCONTRADO,"Responsable del proyecto «Mejoramiento de la Ficha Técnica de la compañía viñamarina Flamenco Triana» (Fondo de Artes Escénicas 2025, Compañías de las Artes Escénicas). Comuna no indicada en la nómina (solo región)."
PER-0103,Martin Esteban Farias Zuñiga,Responsable de proyecto (Fondos Cultura),NO ENCONTRADO,NO ENCONTRADO,NO ENCONTRADO,NO ENCONTRADO,NO ENCONTRADO,NO ENCONTRADO,NO ENCONTRADO,NO ENCONTRADO,NO ENCONTRADO,NO ENCONTRADO,NO ENCONTRADO,FUE-0098,DESCUBIERTO,2026-09-08,2026-09-08,NO ENCONTRADO,NO ENCONTRADO,"Responsable del proyecto «Bertolt Brecht en Chile: una historia de la teoría y la práctica brechtiana 1930-1973» (Fondo de Artes Escénicas 2025, Investigación teórica). Comuna no indicada en la nómina (solo región)."
PER-0104,Kathleen Whitlock Leaning,Responsable de proyecto (Fondos Cultura),NO ENCONTRADO,NO ENCONTRADO,NO ENCONTRADO,NO ENCONTRADO,NO ENCONTRADO,NO ENCONTRADO,NO ENCONTRADO,NO ENCONTRADO,NO ENCONTRADO,NO ENCONTRADO,NO ENCONTRADO,FUE-0098,DESCUBIERTO,2026-09-08,2026-09-08,NO ENCONTRADO,NO ENCONTRADO,"Responsable del proyecto «Arte + Ciencia: respuestas neurofisiológicas y experiencia subjetiva de estudiantes de teatro» (Fondo de Artes Escénicas 2025, Investigación teórica). Comuna no indicada en la nómina (solo región)."
PER-0105,Cristian Antonio González Rivera,Responsable de proyecto (Fondos Cultura),NO ENCONTRADO,NO ENCONTRADO,NO ENCONTRADO,NO ENCONTRADO,NO ENCONTRADO,NO ENCONTRADO,NO ENCONTRADO,NO ENCONTRADO,NO ENCONTRADO,NO ENCONTRADO,NO ENCONTRADO,FUE-0098 | FUE-0105,DESCUBIERTO,2026-09-08,2026-09-08,NO ENCONTRADO,NO ENCONTRADO,"Responsable del proyecto «Valparaíso como documento: 2° versión de seminarios de especialización y reflexión crítica de teatro documental» (Fondo de Artes Escénicas 2025, Profesionalización del sector). Comuna no indicada en la nómina (solo región). Responsable del proyecto «Postulación Máster de Formación Permanente en Gestión de Empresas e Instituciones Culturales en España» (Fondo de Artes Escénicas 2024, Magíster, Máster y Maestrías). Comuna no indicada en la nómina (solo región)."
PER-0106,Catalina Andrea Tapia Vargas,Responsable de proyecto (Fondos Cultura),NO ENCONTRADO,NO ENCONTRADO,NO ENCONTRADO,NO ENCONTRADO,NO ENCONTRADO,NO ENCONTRADO,NO ENCONTRADO,NO ENCONTRADO,NO ENCONTRADO,NO ENCONTRADO,NO ENCONTRADO,FUE-0098,DESCUBIERTO,2026-09-08,2026-09-08,NO ENCONTRADO,NO ENCONTRADO,"Responsable del proyecto «PortaDanza, haciendo tribu con mujeres y bebés danzantes. Fortaleciendo la comunidad a través de la Danza y el Porteo.» (Fondo de Artes Escénicas 2025, Públicos y comunidades). Comuna no indicada en la nómina (solo región)."
PER-0107,Sandra Carola Lema Ruiz,Responsable de proyecto (Fondos Cultura),NO ENCONTRADO,NO ENCONTRADO,NO ENCONTRADO,NO ENCONTRADO,NO ENCONTRADO,NO ENCONTRADO,NO ENCONTRADO,NO ENCONTRADO,NO ENCONTRADO,NO ENCONTRADO,NO ENCONTRADO,FUE-0098 | FUE-0117,DESCUBIERTO,2026-09-08,2026-09-08,NO ENCONTRADO,NO ENCONTRADO,"Responsable del proyecto «Memorias en escena: Taller de creación de historias por medio de la animación de objetos y la narración oral» (Fondo de Artes Escénicas 2025, Públicos y comunidades). Comuna no indicada en la nómina (solo región). Responsable del proyecto «Diplomado en Teatro Aplicado PUC de Chile» (Fondo de Artes Escénicas 2023, Especialización y Perfeccionamiento). Comuna no indicada en la nómina (solo región)."
PER-0108,Francisca Belén Zaldívar Guzmán,Responsable de proyecto (Fondos Cultura),NO ENCONTRADO,NO ENCONTRADO,NO ENCONTRADO,NO ENCONTRADO,NO ENCONTRADO,NO ENCONTRADO,NO ENCONTRADO,NO ENCONTRADO,NO ENCONTRADO,NO ENCONTRADO,NO ENCONTRADO,FUE-0098,DESCUBIERTO,2026-09-08,2026-09-08,NO ENCONTRADO,NO ENCONTRADO,"Responsable del proyecto «Taller de teatro para personas trans en Valparaíso y Quillota» (Fondo de Artes Escénicas 2025, Públicos y comunidades). Comuna no indicada en la nómina (solo región)."
PER-0109,María Daniela Villanueva Tolosa,Responsable de proyecto (Fondos Cultura),NO ENCONTRADO,NO ENCONTRADO,NO ENCONTRADO,NO ENCONTRADO,NO ENCONTRADO,NO ENCONTRADO,NO ENCONTRADO,NO ENCONTRADO,NO ENCONTRADO,NO ENCONTRADO,NO ENCONTRADO,FUE-0099 | FUE-0118,DESCUBIERTO,2026-09-08,2026-09-08,NO ENCONTRADO,NO ENCONTRADO,"Responsable del proyecto «EN PRACTICA Festival de Danza Contacto Improvisación Valparaíso/ IV versión» (Fondo de Artes Escénicas 2025, Festivales y encuentros nacionales). Comuna no indicada en la nómina (solo región). Responsable del proyecto «III Encuentro EN PRACTICA danza contacto improvisación Valparaíso» (Fondo de Artes Escénicas 2023, Festivales y encuentros nacionales). Comuna no indicada en la nómina (solo región)."
PER-0110,Nicolás Eduardo Vásquez Muñoz,Responsable de proyecto (Fondos Cultura),NO ENCONTRADO,NO ENCONTRADO,NO ENCONTRADO,NO ENCONTRADO,NO ENCONTRADO,NO ENCONTRADO,NO ENCONTRADO,NO ENCONTRADO,NO ENCONTRADO,NO ENCONTRADO,NO ENCONTRADO,FUE-0099,DESCUBIERTO,2026-09-08,2026-09-08,NO ENCONTRADO,NO ENCONTRADO,"Responsable del proyecto «ENOI 2025 - Ópera con Identidad» (Fondo de Artes Escénicas 2025, Festivales y encuentros nacionales). Comuna no indicada en la nómina (solo región)."
PER-0111,Katherine Ruth Cisternas Collao,Responsable de proyecto (Fondos Cultura),NO ENCONTRADO,NO ENCONTRADO,NO ENCONTRADO,NO ENCONTRADO,NO ENCONTRADO,NO ENCONTRADO,NO ENCONTRADO,NO ENCONTRADO,NO ENCONTRADO,NO ENCONTRADO,NO ENCONTRADO,FUE-0099,DESCUBIERTO,2026-09-08,2026-09-08,NO ENCONTRADO,NO ENCONTRADO,"Responsable del proyecto «A Rienda Suelta 4° Festival Internacional de Artes Cómicas» (Fondo de Artes Escénicas 2025, Festivales y encuentros regionales). Comuna no indicada en la nómina (solo región)."
PER-0112,Angélica Estefanía Díaz,Responsable de proyecto (Fondos Cultura),NO ENCONTRADO,NO ENCONTRADO,NO ENCONTRADO,NO ENCONTRADO,NO ENCONTRADO,NO ENCONTRADO,NO ENCONTRADO,NO ENCONTRADO,NO ENCONTRADO,NO ENCONTRADO,NO ENCONTRADO,FUE-0099 | FUE-0125,DESCUBIERTO,2026-09-08,2026-09-08,NO ENCONTRADO,NO ENCONTRADO,"Responsable del proyecto «2° Edición Ciclo de teatro en San Pedro de Putupur» (Fondo de Artes Escénicas 2025, Festivales y encuentros regionales). Comuna no indicada en la nómina (solo región). Responsable del proyecto «Ciclo de Teatro en San Pedro de Putupur» (Fondo de Artes Escénicas 2022, Festivales y Encuentros Regionales). Comuna no indicada en la nómina (solo región)."
PER-0113,Mayra Belén Eltit Fuentes,Responsable de proyecto (Fondos Cultura),NO ENCONTRADO,NO ENCONTRADO,NO ENCONTRADO,NO ENCONTRADO,NO ENCONTRADO,NO ENCONTRADO,NO ENCONTRADO,NO ENCONTRADO,NO ENCONTRADO,NO ENCONTRADO,NO ENCONTRADO,FUE-0099 | FUE-0105,DESCUBIERTO,2026-09-08,2026-09-08,NO ENCONTRADO,NO ENCONTRADO,"Responsable del proyecto «Continuidad de Estudios en el Programa Magíster en Prácticas Coreográficas de la Universidad de Chile» (Fondo de Artes Escénicas 2025, Magíster, Máster y Maestrías). Comuna no indicada en la nómina (solo región). Responsable del proyecto «Estudios en el Programa Magíster en Prácticas Coreográficas en la Universidad de Chile» (Fondo de Artes Escénicas 2024, Magíster, Máster y Maestrías). Comuna no indicada en la nómina (solo región)."
PER-0114,Camille Paola Aracena Maureira,Responsable de proyecto (Fondos Cultura),NO ENCONTRADO,NO ENCONTRADO,NO ENCONTRADO,NO ENCONTRADO,NO ENCONTRADO,NO ENCONTRADO,NO ENCONTRADO,NO ENCONTRADO,NO ENCONTRADO,NO ENCONTRADO,NO ENCONTRADO,FUE-0099,DESCUBIERTO,2026-09-08,2026-09-08,NO ENCONTRADO,NO ENCONTRADO,"Responsable del proyecto «Teatro e identidad territorial del Valle del Aconcagua» (Fondo de Artes Escénicas 2025, Magíster, Máster y Maestrías). Comuna no indicada en la nómina (solo región)."
PER-0115,Paola Andrea Montano Ortiz,Responsable de proyecto (Fondos Cultura),NO ENCONTRADO,NO ENCONTRADO,NO ENCONTRADO,NO ENCONTRADO,NO ENCONTRADO,NO ENCONTRADO,NO ENCONTRADO,NO ENCONTRADO,NO ENCONTRADO,NO ENCONTRADO,NO ENCONTRADO,FUE-0099,DESCUBIERTO,2026-09-08,2026-09-08,NO ENCONTRADO,NO ENCONTRADO,"Responsable del proyecto «Participación en el Programa de formación ODIN HOME, Nueve días de formación, performances, películas, trueques y antropología teatral a cargo de Eugenio Barba y los actores del Odin Teatret del 16 al 25 de julio de 2025» (Fondo de Artes Escénicas 2025, Especialización y Perfeccionamiento). Comuna no indicada en la nómina (solo región)."
PER-0116,Nicolás Alexander Cabrera Corral,Responsable de proyecto (Fondos Cultura),NO ENCONTRADO,NO ENCONTRADO,NO ENCONTRADO,NO ENCONTRADO,NO ENCONTRADO,NO ENCONTRADO,NO ENCONTRADO,NO ENCONTRADO,NO ENCONTRADO,NO ENCONTRADO,NO ENCONTRADO,FUE-0099,DESCUBIERTO,2026-09-08,2026-09-08,NO ENCONTRADO,NO ENCONTRADO,"Responsable del proyecto «Diplomado en dramaturgia realizado en la universidad de chile.» (Fondo de Artes Escénicas 2025, Especialización y Perfeccionamiento). Comuna no indicada en la nómina (solo región)."
PER-0117,Jorge Luis Vargas Azócar,Responsable de proyecto (Fondos Cultura),NO ENCONTRADO,NO ENCONTRADO,NO ENCONTRADO,NO ENCONTRADO,NO ENCONTRADO,NO ENCONTRADO,NO ENCONTRADO,NO ENCONTRADO,NO ENCONTRADO,NO ENCONTRADO,NO ENCONTRADO,FUE-0099,DESCUBIERTO,2026-09-08,2026-09-08,NO ENCONTRADO,NO ENCONTRADO,"Responsable del proyecto «Estudio para el perfeccionamiento técnico en las artes escénicas» (Fondo de Artes Escénicas 2025, Especialización y Perfeccionamiento). Comuna no indicada en la nómina (solo región)."
PER-0118,Daniela Raquel Yáñez Rojas,Responsable de proyecto (Fondos Cultura),NO ENCONTRADO,NO ENCONTRADO,NO ENCONTRADO,NO ENCONTRADO,NO ENCONTRADO,NO ENCONTRADO,NO ENCONTRADO,NO ENCONTRADO,NO ENCONTRADO,NO ENCONTRADO,NO ENCONTRADO,FUE-0099 | FUE-0117,DESCUBIERTO,2026-09-08,2026-09-08,NO ENCONTRADO,NO ENCONTRADO,"Responsable del proyecto «Diplomado en Gestión Cultural» (Fondo de Artes Escénicas 2025, Especialización y Perfeccionamiento). Comuna no indicada en la nómina (solo región). Responsable del proyecto «DISPOSITIVOS Y SINESTESIAS, DANZAS PARA RECORDAR LA SIMPLEZA» (Fondo de Artes Escénicas 2023, Composición coreográfica). Comuna no indicada en la nómina (solo región)."
PER-0119,Cecilia Andrea Ravelo García,Responsable de proyecto (Fondos Cultura),NO ENCONTRADO,NO ENCONTRADO,NO ENCONTRADO,NO ENCONTRADO,NO ENCONTRADO,NO ENCONTRADO,NO ENCONTRADO,NO ENCONTRADO,NO ENCONTRADO,NO ENCONTRADO,NO ENCONTRADO,FUE-0099,DESCUBIERTO,2026-09-08,2026-09-08,NO ENCONTRADO,NO ENCONTRADO,"Responsable del proyecto «ESPECIALIZACIÓN EN PRODUCCIÓN Y GESTIÓN DE TEATRO E CALLE» (Fondo de Artes Escénicas 2025, Especialización y Perfeccionamiento). Comuna no indicada en la nómina (solo región)."
PER-0120,Pola Javiera Uribe Chávez,Responsable de proyecto (Fondos Cultura),NO ENCONTRADO,NO ENCONTRADO,NO ENCONTRADO,NO ENCONTRADO,NO ENCONTRADO,NO ENCONTRADO,NO ENCONTRADO,NO ENCONTRADO,NO ENCONTRADO,NO ENCONTRADO,NO ENCONTRADO,FUE-0099,DESCUBIERTO,2026-09-08,2026-09-08,NO ENCONTRADO,NO ENCONTRADO,"Responsable del proyecto «Formación en Teatro aplicado en educación, salud y comunidad» (Fondo de Artes Escénicas 2025, Especialización y Perfeccionamiento). Comuna no indicada en la nómina (solo región)."
PER-0121,Amanda Soledad Puentes Ottone,Responsable de proyecto (Fondos Cultura),NO ENCONTRADO,NO ENCONTRADO,NO ENCONTRADO,NO ENCONTRADO,NO ENCONTRADO,NO ENCONTRADO,NO ENCONTRADO,NO ENCONTRADO,NO ENCONTRADO,NO ENCONTRADO,NO ENCONTRADO,FUE-0099,DESCUBIERTO,2026-09-08,2026-09-08,NO ENCONTRADO,NO ENCONTRADO,"Responsable del proyecto «Diplomado en Pedagoía Teatral» (Fondo de Artes Escénicas 2025, Especialización y Perfeccionamiento). Comuna no indicada en la nómina (solo región)."
PER-0122,Antonieta Francisca Albornoz Molina,Responsable de proyecto (Fondos Cultura),NO ENCONTRADO,NO ENCONTRADO,NO ENCONTRADO,NO ENCONTRADO,NO ENCONTRADO,NO ENCONTRADO,NO ENCONTRADO,NO ENCONTRADO,NO ENCONTRADO,NO ENCONTRADO,NO ENCONTRADO,FUE-0099,DESCUBIERTO,2026-09-08,2026-09-08,NO ENCONTRADO,NO ENCONTRADO,"Responsable del proyecto «Proyecto de estudio para diploma de Postítulo en Gestión Cultural -Virtual sincrónico- de la Universidad de Chile, admisión 2025.» (Fondo de Artes Escénicas 2025, Especialización y Perfeccionamiento). Comuna no indicada en la nómina (solo región)."
PER-0123,Estefanía Beatriz Villalobos Vergara,Responsable de proyecto (Fondos Cultura),NO ENCONTRADO,NO ENCONTRADO,NO ENCONTRADO,NO ENCONTRADO,NO ENCONTRADO,NO ENCONTRADO,NO ENCONTRADO,NO ENCONTRADO,NO ENCONTRADO,NO ENCONTRADO,NO ENCONTRADO,FUE-0099,DESCUBIERTO,2026-09-08,2026-09-08,NO ENCONTRADO,NO ENCONTRADO,"Responsable del proyecto «Diplomado en Teatro Aplicado. Universidad Católica de Chile» (Fondo de Artes Escénicas 2025, Especialización y Perfeccionamiento). Comuna no indicada en la nómina (solo región)."
PER-0124,María Juliana Castro Stevani,Responsable de proyecto (Fondos Cultura),NO ENCONTRADO,NO ENCONTRADO,NO ENCONTRADO,NO ENCONTRADO,NO ENCONTRADO,NO ENCONTRADO,NO ENCONTRADO,NO ENCONTRADO,NO ENCONTRADO,NO ENCONTRADO,NO ENCONTRADO,FUE-0099 | FUE-0124 | FUE-0126,DESCUBIERTO,2026-09-08,2026-09-08,NO ENCONTRADO,NO ENCONTRADO,"Responsable del proyecto «Especialización en clown poético: escuela internacional de clown El Semillero» (Fondo de Artes Escénicas 2025, Especialización y Perfeccionamiento). Comuna no indicada en la nómina (solo región). Responsable del proyecto «Diplomado Internacional de Clown. Universidad del Bosque- Bogotá, Colombia» (Fondo de Artes Escénicas 2022, Becas de Especialización y Perfeccionamiento). Comuna no indicada en la nómina (solo región). Responsable del proyecto «Residencia de creación: La cuestión» (Fondo de Artes Escénicas 2022, Participación en Instancias Internacionales - Formato Individual o Dúo - Presencial). Comuna no indicada en la nómina (solo región)."
PER-0125,Marcela Beatriz Olivares Diaz,Responsable de proyecto (Fondos Cultura),NO ENCONTRADO,NO ENCONTRADO,NO ENCONTRADO,NO ENCONTRADO,NO ENCONTRADO,NO ENCONTRADO,NO ENCONTRADO,NO ENCONTRADO,NO ENCONTRADO,NO ENCONTRADO,NO ENCONTRADO,FUE-0099,DESCUBIERTO,2026-09-08,2026-09-08,NO ENCONTRADO,NO ENCONTRADO,"Responsable del proyecto «Diplomado en Teatro aplicado en educación, salud y comunidad» (Fondo de Artes Escénicas 2025, Especialización y Perfeccionamiento). Comuna no indicada en la nómina (solo región)."
PER-0126,Irene Isola Yañez Torres,Responsable de proyecto (Fondos Cultura),NO ENCONTRADO,NO ENCONTRADO,NO ENCONTRADO,NO ENCONTRADO,NO ENCONTRADO,NO ENCONTRADO,NO ENCONTRADO,NO ENCONTRADO,NO ENCONTRADO,NO ENCONTRADO,NO ENCONTRADO,FUE-0105 | FUE-0117,DESCUBIERTO,2026-09-08,2026-09-08,NO ENCONTRADO,NO ENCONTRADO,"Responsable del proyecto «ENOI 2024 - Conecta con la ópera» (Fondo de Artes Escénicas 2024, Festivales y Encuentros Nacionales). Comuna no indicada en la nómina (solo región). Responsable del proyecto «Bastián y Bastiana, una ópera mágica en la isla de Chiloé» (Fondo de Artes Escénicas 2023, Ópera). Comuna no indicada en la nómina (solo región)."
PER-0127,Kathia Javiera Schulz Hernandez,Responsable de proyecto (Fondos Cultura),NO ENCONTRADO,NO ENCONTRADO,NO ENCONTRADO,NO ENCONTRADO,NO ENCONTRADO,NO ENCONTRADO,NO ENCONTRADO,NO ENCONTRADO,NO ENCONTRADO,NO ENCONTRADO,NO ENCONTRADO,FUE-0105 | FUE-0125,DESCUBIERTO,2026-09-08,2026-09-08,NO ENCONTRADO,NO ENCONTRADO,"Responsable del proyecto «IV Festival latinoamericano de actividades escénicas con temáticas de género TEGE» (Fondo de Artes Escénicas 2024, Festivales y Encuentros Nacionales). Comuna no indicada en la nómina (solo región). Responsable del proyecto «II Festival latinoamericano de actividades escénicas con temáticas de género» (Fondo de Artes Escénicas 2022, Festivales y Encuentros Nacionales). Comuna no indicada en la nómina (solo región)."
PER-0128,Rubén Darío Mercado Valdivieso,Responsable de proyecto (Fondos Cultura),NO ENCONTRADO,NO ENCONTRADO,NO ENCONTRADO,NO ENCONTRADO,NO ENCONTRADO,NO ENCONTRADO,NO ENCONTRADO,NO ENCONTRADO,NO ENCONTRADO,NO ENCONTRADO,NO ENCONTRADO,FUE-0105,DESCUBIERTO,2026-09-08,2026-09-08,NO ENCONTRADO,NO ENCONTRADO,"Responsable del proyecto «Post grado de Magister en artes con mención en estudios y prácticas teatrales UC» (Fondo de Artes Escénicas 2024, Magíster, Máster y Maestrías). Comuna no indicada en la nómina (solo región)."
PER-0129,Vicente Leonardo Díaz Paillalef,Responsable de proyecto (Fondos Cultura),NO ENCONTRADO,NO ENCONTRADO,NO ENCONTRADO,NO ENCONTRADO,NO ENCONTRADO,NO ENCONTRADO,NO ENCONTRADO,NO ENCONTRADO,NO ENCONTRADO,NO ENCONTRADO,NO ENCONTRADO,FUE-0105,DESCUBIERTO,2026-09-08,2026-09-08,NO ENCONTRADO,NO ENCONTRADO,"Responsable del proyecto «Financiamiento Magister en Artes, mención Practicas y Estudios Teatrales, Pontificia Universidad Católica de Chile» (Fondo de Artes Escénicas 2024, Magíster, Máster y Maestrías). Comuna no indicada en la nómina (solo región)."
PER-0130,Elias Cohen Braumuller,Responsable de proyecto (Fondos Cultura),NO ENCONTRADO,NO ENCONTRADO,NO ENCONTRADO,NO ENCONTRADO,NO ENCONTRADO,NO ENCONTRADO,NO ENCONTRADO,NO ENCONTRADO,NO ENCONTRADO,NO ENCONTRADO,NO ENCONTRADO,FUE-0105 | FUE-0117,DESCUBIERTO,2026-09-08,2026-09-08,NO ENCONTRADO,NO ENCONTRADO,"Responsable del proyecto «Human Specific Performance. Perfeccionamiento performativo en Dinamarca.» (Fondo de Artes Escénicas 2024, Especialización y Perfeccionamiento). Comuna no indicada en la nómina (solo región). Responsable del proyecto «Coyote» (Fondo de Artes Escénicas 2023, Interdisciplinar). Comuna no indicada en la nómina (solo región)."
PER-0131,Valeska Alejandra Minchel Lisboa,Responsable de proyecto (Fondos Cultura),NO ENCONTRADO,NO ENCONTRADO,NO ENCONTRADO,NO ENCONTRADO,NO ENCONTRADO,NO ENCONTRADO,NO ENCONTRADO,NO ENCONTRADO,NO ENCONTRADO,NO ENCONTRADO,NO ENCONTRADO,FUE-0105 | FUE-0117,DESCUBIERTO,2026-09-08,2026-09-08,NO ENCONTRADO,NO ENCONTRADO,"Responsable del proyecto «Formación intensiva en danza contemporánea Festival Deltebre Danza 2020» (Fondo de Artes Escénicas 2024, Especialización y Perfeccionamiento). Comuna no indicada en la nómina (solo región). Responsable del proyecto «Gran Comedor: Residencia en espacio patrimonial Ex Hotel Royal» (Fondo de Artes Escénicas 2023, Residencias de creación). Comuna no indicada en la nómina (solo región)."
PER-0132,Lisseth Carolina Fuentes Cisternas,Responsable de proyecto (Fondos Cultura),NO ENCONTRADO,NO ENCONTRADO,NO ENCONTRADO,NO ENCONTRADO,NO ENCONTRADO,NO ENCONTRADO,NO ENCONTRADO,NO ENCONTRADO,NO ENCONTRADO,NO ENCONTRADO,NO ENCONTRADO,FUE-0105,DESCUBIERTO,2026-09-08,2026-09-08,NO ENCONTRADO,NO ENCONTRADO,"Responsable del proyecto «Especialización en el Método Alba Emoting Nivel Facilitadora» (Fondo de Artes Escénicas 2024, Especialización y Perfeccionamiento). Comuna no indicada en la nómina (solo región)."
PER-0133,Paula Alejandra Céspedes Vergara,Responsable de proyecto (Fondos Cultura),NO ENCONTRADO,NO ENCONTRADO,NO ENCONTRADO,NO ENCONTRADO,NO ENCONTRADO,NO ENCONTRADO,NO ENCONTRADO,NO ENCONTRADO,NO ENCONTRADO,NO ENCONTRADO,NO ENCONTRADO,FUE-0105 | FUE-0118,DESCUBIERTO,2026-09-08,2026-09-08,NO ENCONTRADO,NO ENCONTRADO,"Responsable del proyecto «Postgrado en Producción y gestión de espectáculos y festivales» (Fondo de Artes Escénicas 2024, Especialización y Perfeccionamiento). Comuna no indicada en la nómina (solo región). Responsable del proyecto «GESTA 6ta versión del Festival de artes escénicas de mujeres» (Fondo de Artes Escénicas 2023, Festivales y encuentros nacionales). Comuna no indicada en la nómina (solo región)."
PER-0134,Circulo Teatral Independien Te Cti,Responsable de proyecto (Fondos Cultura),NO ENCONTRADO,NO ENCONTRADO,NO ENCONTRADO,NO ENCONTRADO,NO ENCONTRADO,NO ENCONTRADO,NO ENCONTRADO,NO ENCONTRADO,NO ENCONTRADO,NO ENCONTRADO,NO ENCONTRADO,FUE-0107,DESCUBIERTO,2026-09-08,2026-09-08,NO ENCONTRADO,NO ENCONTRADO,"Responsable del proyecto «""31 Años de Resistencia y Creación Teatral: Plan de Gestión de la Compañía de Teatro Escuela IluCión para la Creación y Circulación de Montajes Escénicos""» (PAOCC — Compañías de trayectoria de artes escénicas 2024, Compañías de trayectoria). Comuna no indicada en la nómina (solo región)."
PER-0135,Gabriel Nicolás Contreras Hernández,Responsable de proyecto (Fondos Cultura),NO ENCONTRADO,NO ENCONTRADO,NO ENCONTRADO,NO ENCONTRADO,NO ENCONTRADO,NO ENCONTRADO,NO ENCONTRADO,NO ENCONTRADO,NO ENCONTRADO,NO ENCONTRADO,NO ENCONTRADO,FUE-0109 | FUE-0117,DUPLICADO,2026-09-08,2026-09-08,PER-0221,NO ENCONTRADO,"Responsable del proyecto «Circulación Internacional La memoria de los sésiles, Astillero Teatro 2024.» (Fondo de Artes Escénicas 2024, Circulación Internacional). Comuna no indicada en la nómina (solo región). Responsable del proyecto «La memoria de los sésiles» (Fondo de Artes Escénicas 2023, Teatro). Comuna no indicada en la nómina (solo región)."
PER-0136,Enrique Ignacio Crohare Niño,Responsable de proyecto (Fondos Cultura),NO ENCONTRADO,NO ENCONTRADO,NO ENCONTRADO,NO ENCONTRADO,NO ENCONTRADO,NO ENCONTRADO,NO ENCONTRADO,NO ENCONTRADO,NO ENCONTRADO,NO ENCONTRADO,NO ENCONTRADO,FUE-0110,DESCUBIERTO,2026-09-08,2026-09-08,NO ENCONTRADO,NO ENCONTRADO,"Responsable del proyecto «Un botón en mi cabeza gira Colombia 2024» (Fondo de Artes Escénicas 2024, Circulación Internacional). Comuna no indicada en la nómina (solo región)."
PER-0137,Gabriela Natalia Fernández Chang,Responsable de proyecto (Fondos Cultura),NO ENCONTRADO,NO ENCONTRADO,NO ENCONTRADO,NO ENCONTRADO,NO ENCONTRADO,NO ENCONTRADO,NO ENCONTRADO,NO ENCONTRADO,NO ENCONTRADO,NO ENCONTRADO,NO ENCONTRADO,FUE-0110 | FUE-0126,DESCUBIERTO,2026-09-08,2026-09-08,NO ENCONTRADO,NO ENCONTRADO,"Responsable del proyecto «Circulación Internacional ""Cuentos que Unen"" camino a Buga 2024» (Fondo de Artes Escénicas 2024, Circulación Internacional). Comuna no indicada en la nómina (solo región). Responsable del proyecto «Circulación Internacional: Ciclo de Cuentos para la Igualdad: Vientos de Cuentos y Cuentos de Niñ@s Fantástic@s» (Fondo de Artes Escénicas 2022, Circulación de Montajes Escénicos - Formato Individual o Dúo - Presencial). Comuna no indicada en la nómina (solo región)."
PER-0138,Nicolás Da Fonseca,Responsable de proyecto (Fondos Cultura),NO ENCONTRADO,NO ENCONTRADO,NO ENCONTRADO,NO ENCONTRADO,NO ENCONTRADO,NO ENCONTRADO,NO ENCONTRADO,NO ENCONTRADO,NO ENCONTRADO,NO ENCONTRADO,NO ENCONTRADO,FUE-0110,DESCUBIERTO,2026-09-08,2026-09-08,NO ENCONTRADO,NO ENCONTRADO,"Responsable del proyecto «Participación en festival Master Crew» (Fondo de Artes Escénicas 2024, Circulación Internacional). Comuna no indicada en la nómina (solo región)."
PER-0139,Christian Orlando Ortega Torres,Responsable de proyecto (Fondos Cultura),NO ENCONTRADO,NO ENCONTRADO,NO ENCONTRADO,NO ENCONTRADO,NO ENCONTRADO,NO ENCONTRADO,NO ENCONTRADO,NO ENCONTRADO,NO ENCONTRADO,NO ENCONTRADO,NO ENCONTRADO,FUE-0111,DESCUBIERTO,2026-09-08,2026-09-08,NO ENCONTRADO,NO ENCONTRADO,"Responsable del proyecto «Ensayo sobre el ensayo —Divagaciones shakesperianas en torno al teatro, la vejez y la familia—» (Fondo de Artes Escénicas 2024, Trayectoria). Comuna no indicada en la nómina (solo región)."
PER-0140,Paula Alejandra Sacur Muñoz,Responsable de proyecto (Fondos Cultura),NO ENCONTRADO,NO ENCONTRADO,NO ENCONTRADO,NO ENCONTRADO,NO ENCONTRADO,NO ENCONTRADO,NO ENCONTRADO,NO ENCONTRADO,NO ENCONTRADO,NO ENCONTRADO,NO ENCONTRADO,FUE-0112,DESCUBIERTO,2026-09-08,2026-09-08,NO ENCONTRADO,NO ENCONTRADO,"Responsable del proyecto «Fenómenx humanx» (Fondo de Artes Escénicas 2024, Única). Comuna no indicada en la nómina (solo región)."
PER-0141,María Paz Pizarro Jara,Responsable de proyecto (Fondos Cultura),NO ENCONTRADO,NO ENCONTRADO,NO ENCONTRADO,NO ENCONTRADO,NO ENCONTRADO,NO ENCONTRADO,NO ENCONTRADO,NO ENCONTRADO,NO ENCONTRADO,NO ENCONTRADO,NO ENCONTRADO,FUE-0117,DESCUBIERTO,2026-09-08,2026-09-08,NO ENCONTRADO,NO ENCONTRADO,"Responsable del proyecto «Diplomado en Teatro Aplicado» (Fondo de Artes Escénicas 2023, Especialización y Perfeccionamiento). Comuna no indicada en la nómina (solo región)."
PER-0142,Maureen Cecilia Guitart Maturana,Responsable de proyecto (Fondos Cultura),NO ENCONTRADO,NO ENCONTRADO,NO ENCONTRADO,NO ENCONTRADO,NO ENCONTRADO,NO ENCONTRADO,NO ENCONTRADO,NO ENCONTRADO,NO ENCONTRADO,NO ENCONTRADO,NO ENCONTRADO,FUE-0117,DESCUBIERTO,2026-09-08,2026-09-08,NO ENCONTRADO,NO ENCONTRADO,"Responsable del proyecto «Diplomado de Extensión en Diseño Escénico» (Fondo de Artes Escénicas 2023, Especialización y Perfeccionamiento). Comuna no indicada en la nómina (solo región)."
PER-0143,María Cristina Alcaide Cepeda,Responsable de proyecto (Fondos Cultura),NO ENCONTRADO,NO ENCONTRADO,NO ENCONTRADO,NO ENCONTRADO,NO ENCONTRADO,NO ENCONTRADO,NO ENCONTRADO,NO ENCONTRADO,NO ENCONTRADO,NO ENCONTRADO,NO ENCONTRADO,FUE-0117,DESCUBIERTO,2026-09-08,2026-09-08,NO ENCONTRADO,NO ENCONTRADO,"Responsable del proyecto «Formación y Certificación Método Alba Emoting» (Fondo de Artes Escénicas 2023, Especialización y Perfeccionamiento). Comuna no indicada en la nómina (solo región)."
PER-0144,Ivana Paz Urtubia Vargas,Responsable de proyecto (Fondos Cultura),NO ENCONTRADO,NO ENCONTRADO,NO ENCONTRADO,NO ENCONTRADO,NO ENCONTRADO,NO ENCONTRADO,NO ENCONTRADO,NO ENCONTRADO,NO ENCONTRADO,NO ENCONTRADO,NO ENCONTRADO,FUE-0117,DESCUBIERTO,2026-09-08,2026-09-08,NO ENCONTRADO,NO ENCONTRADO,"Responsable del proyecto «Diplomado en Dirección Escénica» (Fondo de Artes Escénicas 2023, Especialización y Perfeccionamiento). Comuna no indicada en la nómina (solo región)."
PER-0145,Francia Yandira Pacheco Westphal,Responsable de proyecto (Fondos Cultura),NO ENCONTRADO,NO ENCONTRADO,NO ENCONTRADO,NO ENCONTRADO,NO ENCONTRADO,NO ENCONTRADO,NO ENCONTRADO,NO ENCONTRADO,NO ENCONTRADO,NO ENCONTRADO,NO ENCONTRADO,FUE-0117,DESCUBIERTO,2026-09-08,2026-09-08,NO ENCONTRADO,NO ENCONTRADO,"Responsable del proyecto «Especialización en Pedagogía Teatral modalidad presencial.» (Fondo de Artes Escénicas 2023, Especialización y Perfeccionamiento). Comuna no indicada en la nómina (solo región)."
PER-0146,Ulysis Abarquez Soza,Responsable de proyecto (Fondos Cultura),NO ENCONTRADO,NO ENCONTRADO,NO ENCONTRADO,NO ENCONTRADO,NO ENCONTRADO,NO ENCONTRADO,NO ENCONTRADO,NO ENCONTRADO,NO ENCONTRADO,NO ENCONTRADO,NO ENCONTRADO,FUE-0117,DESCUBIERTO,2026-09-08,2026-09-08,NO ENCONTRADO,NO ENCONTRADO,"Responsable del proyecto «Diplomado de Extensión en Dramaturgia» (Fondo de Artes Escénicas 2023, Especialización y Perfeccionamiento). Comuna no indicada en la nómina (solo región)."
PER-0147,Roberto Manuel Mancilla Cruz,Responsable de proyecto (Fondos Cultura),NO ENCONTRADO,NO ENCONTRADO,NO ENCONTRADO,NO ENCONTRADO,NO ENCONTRADO,NO ENCONTRADO,NO ENCONTRADO,NO ENCONTRADO,NO ENCONTRADO,NO ENCONTRADO,NO ENCONTRADO,FUE-0117,DESCUBIERTO,2026-09-08,2026-09-08,NO ENCONTRADO,NO ENCONTRADO,"Responsable del proyecto «Máster Universitario en Estudios Teatrales, Universidad Autónoma de Barcelona e Instituto del Teatro de Barcelona» (Fondo de Artes Escénicas 2023, Becas de Magíster, Máster y Maestrías). Comuna no indicada en la nómina (solo región)."
PER-0148,María Francisca Pérez Moraga,Responsable de proyecto (Fondos Cultura),NO ENCONTRADO,NO ENCONTRADO,NO ENCONTRADO,NO ENCONTRADO,NO ENCONTRADO,NO ENCONTRADO,NO ENCONTRADO,NO ENCONTRADO,NO ENCONTRADO,NO ENCONTRADO,NO ENCONTRADO,FUE-0117,DESCUBIERTO,2026-09-08,2026-09-08,NO ENCONTRADO,NO ENCONTRADO,"Responsable del proyecto «Magister en Artes mención Estudios y Practicas Teatrales» (Fondo de Artes Escénicas 2023, Becas de Magíster, Máster y Maestrías). Comuna no indicada en la nómina (solo región)."
PER-0149,Roberto Abel Pino Sandoval,Responsable de proyecto (Fondos Cultura),NO ENCONTRADO,NO ENCONTRADO,NO ENCONTRADO,NO ENCONTRADO,NO ENCONTRADO,NO ENCONTRADO,NO ENCONTRADO,NO ENCONTRADO,NO ENCONTRADO,NO ENCONTRADO,NO ENCONTRADO,FUE-0117,DESCUBIERTO,2026-09-08,2026-09-08,NO ENCONTRADO,NO ENCONTRADO,"Responsable del proyecto «Arte para la emergencia: El arte, la autonomía y el teatro en los procesos de contención y reparación del trauma social.» (Fondo de Artes Escénicas 2023, Becas de Magíster, Máster y Maestrías). Comuna no indicada en la nómina (solo región)."
PER-0150,Alvaro Recabarren Parodi,Responsable de proyecto (Fondos Cultura),NO ENCONTRADO,NO ENCONTRADO,NO ENCONTRADO,NO ENCONTRADO,NO ENCONTRADO,NO ENCONTRADO,NO ENCONTRADO,NO ENCONTRADO,NO ENCONTRADO,NO ENCONTRADO,NO ENCONTRADO,FUE-0117,DESCUBIERTO,2026-09-08,2026-09-08,NO ENCONTRADO,NO ENCONTRADO,"Responsable del proyecto «Diseño y Construccion Escenografica - Mecánica Escenica» (Fondo de Artes Escénicas 2023, Becas de Magíster, Máster y Maestrías). Comuna no indicada en la nómina (solo región)."
PER-0151,Lucía Puime Vivas,Responsable de proyecto (Fondos Cultura),NO ENCONTRADO,NO ENCONTRADO,NO ENCONTRADO,NO ENCONTRADO,NO ENCONTRADO,NO ENCONTRADO,NO ENCONTRADO,NO ENCONTRADO,NO ENCONTRADO,NO ENCONTRADO,NO ENCONTRADO,FUE-0117 | FUE-0124 | FUE-0126,DESCUBIERTO,2026-09-08,2026-09-08,NO ENCONTRADO,NO ENCONTRADO,"Responsable del proyecto «Camino Híbrido – Cursar el Magister en Antropologías Latinoamericanas de la UAH como complemento fundamental al estudio y la creación escénica con perspectiva territorial –» (Fondo de Artes Escénicas 2023, Becas de Magíster, Máster y Maestrías). Comuna no indicada en la nómina (solo región). Responsable del proyecto «Camino Híbrido – Cursar el Magister en Antropologías Latinoamericanas de la UAH como complemento fundamental al estudio y la creación escénica con perspectiva territorial –» (Fondo de Artes Escénicas 2022, Becas de Magíster, Máster y Maestrías). Comuna no indicada en la nómina (solo región). Responsable del proyecto «CRUZA Cuerpo y Territorio en Movimiento - Residencia Creativa junto a la artista Fer Piñeirúa en Uruguay» (Fondo de Artes Escénicas 2022, Participación en Instancias Internacionales - Formato Individual o Dúo - Presencial). Comuna no indicada en la nómina (solo región)."
PER-0152,Emilio Andrés Arriagada Cordero,Responsable de proyecto (Fondos Cultura),NO ENCONTRADO,NO ENCONTRADO,NO ENCONTRADO,NO ENCONTRADO,NO ENCONTRADO,NO ENCONTRADO,NO ENCONTRADO,NO ENCONTRADO,NO ENCONTRADO,NO ENCONTRADO,NO ENCONTRADO,FUE-0117,DESCUBIERTO,2026-09-08,2026-09-08,NO ENCONTRADO,NO ENCONTRADO,"Responsable del proyecto «Máster en Dramaturgia» (Fondo de Artes Escénicas 2023, Becas Chile Crea - Fondo de Artes Escénicas). Comuna no indicada en la nómina (solo región)."
PER-0153,Valeria Correa Rojas,Responsable de proyecto (Fondos Cultura),NO ENCONTRADO,NO ENCONTRADO,NO ENCONTRADO,NO ENCONTRADO,NO ENCONTRADO,NO ENCONTRADO,NO ENCONTRADO,NO ENCONTRADO,NO ENCONTRADO,NO ENCONTRADO,NO ENCONTRADO,FUE-0117,DESCUBIERTO,2026-09-08,2026-09-08,NO ENCONTRADO,NO ENCONTRADO,"Responsable del proyecto «Circulación del espectáculo Cuentos que me contó un pajarito en establecimientos educacionales y plazas de la cuarta, quinta y sexta región» (Fondo de Artes Escénicas 2023, Circulación de montajes escénicos). Comuna no indicada en la nómina (solo región)."
PER-0154,Jenny Maribel Pino Madariaga,Responsable de proyecto (Fondos Cultura),NO ENCONTRADO,NO ENCONTRADO,NO ENCONTRADO,NO ENCONTRADO,NO ENCONTRADO,NO ENCONTRADO,NO ENCONTRADO,NO ENCONTRADO,NO ENCONTRADO,NO ENCONTRADO,NO ENCONTRADO,FUE-0117,DESCUBIERTO,2026-09-08,2026-09-08,NO ENCONTRADO,NO ENCONTRADO,"Responsable del proyecto «Residencia de Creación Proyecto “Alterung”» (Fondo de Artes Escénicas 2023, Residencias de creación). Comuna no indicada en la nómina (solo región)."
PER-0155,Manuela Paz Razeto Iglesias,Responsable de proyecto (Fondos Cultura),NO ENCONTRADO,NO ENCONTRADO,NO ENCONTRADO,NO ENCONTRADO,NO ENCONTRADO,NO ENCONTRADO,NO ENCONTRADO,NO ENCONTRADO,NO ENCONTRADO,NO ENCONTRADO,NO ENCONTRADO,FUE-0117,DESCUBIERTO,2026-09-08,2026-09-08,NO ENCONTRADO,NO ENCONTRADO,"Responsable del proyecto «Residencia de Creación e Investigación de Lenguaje Sensorial en Centro Cultural Espacio Diana» (Fondo de Artes Escénicas 2023, Residencias de creación). Comuna no indicada en la nómina (solo región)."
PER-0156,Josefina Díaz Honores,Responsable de proyecto (Fondos Cultura),NO ENCONTRADO,NO ENCONTRADO,NO ENCONTRADO,NO ENCONTRADO,NO ENCONTRADO,NO ENCONTRADO,NO ENCONTRADO,NO ENCONTRADO,NO ENCONTRADO,NO ENCONTRADO,NO ENCONTRADO,FUE-0117 | FUE-0124,DESCUBIERTO,2026-09-08,2026-09-08,NO ENCONTRADO,NO ENCONTRADO,"Responsable del proyecto «La Invivible» (Fondo de Artes Escénicas 2023, Composición coreográfica). Comuna no indicada en la nómina (solo región). Responsable del proyecto «La invivible» (Fondo de Artes Escénicas 2022, Composición Escénica/Composición Coreográfica). Comuna no indicada en la nómina (solo región)."
PER-0157,Gonzalo Ignacio Olave Navarro,Responsable de proyecto (Fondos Cultura),NO ENCONTRADO,NO ENCONTRADO,NO ENCONTRADO,NO ENCONTRADO,NO ENCONTRADO,NO ENCONTRADO,NO ENCONTRADO,NO ENCONTRADO,NO ENCONTRADO,NO ENCONTRADO,NO ENCONTRADO,FUE-0117,DESCUBIERTO,2026-09-08,2026-09-08,NO ENCONTRADO,NO ENCONTRADO,"Responsable del proyecto «Asamblea» (Fondo de Artes Escénicas 2023, Composición para narración oral). Comuna no indicada en la nómina (solo región). Responsable del proyecto «Chalo te cuenta el cuento a la hora del té» (Fondo de Artes Escénicas 2023, Medios de difusión). Comuna no indicada en la nómina (solo región)."
PER-0158,Virginia Marcela Silva Ponce,Responsable de proyecto (Fondos Cultura),NO ENCONTRADO,NO ENCONTRADO,NO ENCONTRADO,NO ENCONTRADO,NO ENCONTRADO,NO ENCONTRADO,NO ENCONTRADO,NO ENCONTRADO,NO ENCONTRADO,NO ENCONTRADO,NO ENCONTRADO,FUE-0117 | FUE-0124,DESCUBIERTO,2026-09-08,2026-09-08,NO ENCONTRADO,NO ENCONTRADO,"Responsable del proyecto «Tejido de raíz» (Fondo de Artes Escénicas 2023, Composición para narración oral). Comuna no indicada en la nómina (solo región). Responsable del proyecto «Tejido de raíz» (Fondo de Artes Escénicas 2022, Composición Escénica/Cuentos y/o Mecanismos para la Narración Oral). Comuna no indicada en la nómina (solo región)."
PER-0159,Oscar Humberto Berrios Inostroza,Responsable de proyecto (Fondos Cultura),NO ENCONTRADO,NO ENCONTRADO,NO ENCONTRADO,NO ENCONTRADO,NO ENCONTRADO,NO ENCONTRADO,NO ENCONTRADO,NO ENCONTRADO,NO ENCONTRADO,NO ENCONTRADO,NO ENCONTRADO,FUE-0117,DESCUBIERTO,2026-09-08,2026-09-08,NO ENCONTRADO,NO ENCONTRADO,"Responsable del proyecto «Creación dramaturgica de la obra ""testigo válido""» (Fondo de Artes Escénicas 2023, Dramaturgia). Comuna no indicada en la nómina (solo región). Responsable del proyecto «El barniz del desierto» (Fondo de Artes Escénicas 2023, Títeres). Comuna no indicada en la nómina (solo región)."
PER-0160,Sebastián Eduardo Ayala Alveal,Responsable de proyecto (Fondos Cultura),NO ENCONTRADO,NO ENCONTRADO,NO ENCONTRADO,NO ENCONTRADO,NO ENCONTRADO,NO ENCONTRADO,NO ENCONTRADO,NO ENCONTRADO,NO ENCONTRADO,NO ENCONTRADO,NO ENCONTRADO,FUE-0117 | FUE-0120 | FUE-0124,DESCUBIERTO,2026-09-08,2026-09-08,NO ENCONTRADO,NO ENCONTRADO,"Responsable del proyecto «El beso de amor eterno» (Fondo de Artes Escénicas 2023, Dramaturgia). Comuna no indicada en la nómina (solo región). Responsable del proyecto «Agenda de internacionalización y apropiación de conocimiento en gestión, creación y producción en artes escénicas. Intercambio entre la Compañía Teatro a la Deriva de Valparaíso y Red Fábricas de Creación de Barcelona» (Fondo de Artes Escénicas 2023, Circulación Internacional). Comuna no indicada en la nómina (solo región). Responsable del proyecto «Circulación Nacional montaje escénico transdisciplinar El fuego que llevamos dentro. Por la memoria de Nicole Saavedra Bahamondes.» (Fondo de Artes Escénicas 2022, Circulación Nacional). Comuna no indicada en la nómina (solo región)."
PER-0161,Fernando Alberto Mena Rojas,Responsable de proyecto (Fondos Cultura),NO ENCONTRADO,NO ENCONTRADO,NO ENCONTRADO,NO ENCONTRADO,NO ENCONTRADO,NO ENCONTRADO,NO ENCONTRADO,NO ENCONTRADO,NO ENCONTRADO,NO ENCONTRADO,NO ENCONTRADO,FUE-0117 | FUE-0124,DESCUBIERTO,2026-09-08,2026-09-08,NO ENCONTRADO,NO ENCONTRADO,"Responsable del proyecto «Chileno» (Fondo de Artes Escénicas 2023, Dramaturgia). Comuna no indicada en la nómina (solo región). Responsable del proyecto «Chileno» (Fondo de Artes Escénicas 2022, Composición Escénica/Dramaturgia). Comuna no indicada en la nómina (solo región)."
PER-0162,Katherine Elizabeth Lopez Soto,Responsable de proyecto (Fondos Cultura),NO ENCONTRADO,NO ENCONTRADO,NO ENCONTRADO,NO ENCONTRADO,NO ENCONTRADO,NO ENCONTRADO,NO ENCONTRADO,NO ENCONTRADO,NO ENCONTRADO,NO ENCONTRADO,NO ENCONTRADO,FUE-0117 | FUE-0125,DESCUBIERTO,2026-09-08,2026-09-08,NO ENCONTRADO,NO ENCONTRADO,"Responsable del proyecto «INMOLAR» (Fondo de Artes Escénicas 2023, Dramaturgia). Comuna no indicada en la nómina (solo región). Responsable del proyecto «MIXTAS» (Fondo de Artes Escénicas 2022, Festivales y Encuentros Regionales). Comuna no indicada en la nómina (solo región)."
PER-0163,Miguel Angel Soto Echeverria,Responsable de proyecto (Fondos Cultura),NO ENCONTRADO,NO ENCONTRADO,NO ENCONTRADO,NO ENCONTRADO,NO ENCONTRADO,NO ENCONTRADO,NO ENCONTRADO,NO ENCONTRADO,NO ENCONTRADO,NO ENCONTRADO,NO ENCONTRADO,FUE-0117,DESCUBIERTO,2026-09-08,2026-09-08,NO ENCONTRADO,NO ENCONTRADO,"Responsable del proyecto «INSANIA» (Fondo de Artes Escénicas 2023, Danza). Comuna no indicada en la nómina (solo región)."
PER-0164,Claudia Andrea Bravo Bonulef,Responsable de proyecto (Fondos Cultura),NO ENCONTRADO,NO ENCONTRADO,NO ENCONTRADO,NO ENCONTRADO,NO ENCONTRADO,NO ENCONTRADO,NO ENCONTRADO,NO ENCONTRADO,NO ENCONTRADO,NO ENCONTRADO,NO ENCONTRADO,FUE-0117 | FUE-0125,DESCUBIERTO,2026-09-08,2026-09-08,NO ENCONTRADO,NO ENCONTRADO,"Responsable del proyecto «""Historias para Imaginar"" : Cápsulas de Cuentacuentos para recintos de salud» (Fondo de Artes Escénicas 2023, NARRACIÓN ORAL). Comuna no indicada en la nómina (solo región). Responsable del proyecto «Festival de Teatro en Villa Alemana: Escena en Riel» (Fondo de Artes Escénicas 2022, Festivales y Encuentros Regionales). Comuna no indicada en la nómina (solo región)."
PER-0165,Mónica Alejandra Álvarez Figueroa,Responsable de proyecto (Fondos Cultura),NO ENCONTRADO,NO ENCONTRADO,NO ENCONTRADO,NO ENCONTRADO,NO ENCONTRADO,NO ENCONTRADO,NO ENCONTRADO,NO ENCONTRADO,NO ENCONTRADO,NO ENCONTRADO,NO ENCONTRADO,FUE-0117,DESCUBIERTO,2026-09-08,2026-09-08,NO ENCONTRADO,NO ENCONTRADO,"Responsable del proyecto «""El Empresario"" (W.A. Mozart) - Peripecias de un agente teatral en el Chile de hoy» (Fondo de Artes Escénicas 2023, Ópera). Comuna no indicada en la nómina (solo región)."
PER-0166,Angela Paulina Sepulveda Rojas,Responsable de proyecto (Fondos Cultura),NO ENCONTRADO,NO ENCONTRADO,NO ENCONTRADO,NO ENCONTRADO,NO ENCONTRADO,NO ENCONTRADO,NO ENCONTRADO,NO ENCONTRADO,NO ENCONTRADO,NO ENCONTRADO,NO ENCONTRADO,FUE-0117,DESCUBIERTO,2026-09-08,2026-09-08,NO ENCONTRADO,NO ENCONTRADO,"Responsable del proyecto «La historia de una mujer que regaba su planta con una cuchara» (Fondo de Artes Escénicas 2023, Teatro). Comuna no indicada en la nómina (solo región)."
PER-0167,Alejandra Estrella Thayer Joui,Responsable de proyecto (Fondos Cultura),NO ENCONTRADO,NO ENCONTRADO,NO ENCONTRADO,NO ENCONTRADO,NO ENCONTRADO,NO ENCONTRADO,NO ENCONTRADO,NO ENCONTRADO,NO ENCONTRADO,NO ENCONTRADO,NO ENCONTRADO,FUE-0117 | FUE-0124,DESCUBIERTO,2026-09-08,2026-09-08,NO ENCONTRADO,NO ENCONTRADO,"Responsable del proyecto «Alicia Morel y los reinos de la Tierra» (Fondo de Artes Escénicas 2023, Títeres). Comuna no indicada en la nómina (solo región). Responsable del proyecto «Los Reinos de la Tierra (Centenario Alicia Morel)» (Fondo de Artes Escénicas 2022, Creación y Producción/Títeres). Comuna no indicada en la nómina (solo región)."
PER-0168,Paola Alejandra Escudero Navia,Responsable de proyecto (Fondos Cultura),NO ENCONTRADO,NO ENCONTRADO,NO ENCONTRADO,NO ENCONTRADO,NO ENCONTRADO,NO ENCONTRADO,NO ENCONTRADO,NO ENCONTRADO,NO ENCONTRADO,NO ENCONTRADO,NO ENCONTRADO,FUE-0117,DESCUBIERTO,2026-09-08,2026-09-08,NO ENCONTRADO,NO ENCONTRADO,"Responsable del proyecto «A la Memoria de Carla korman» (Fondo de Artes Escénicas 2023, Títeres). Comuna no indicada en la nómina (solo región)."
PER-0169,Luciana Gabriela Mosca Spinetto,Responsable de proyecto (Fondos Cultura),NO ENCONTRADO,NO ENCONTRADO,NO ENCONTRADO,NO ENCONTRADO,NO ENCONTRADO,NO ENCONTRADO,NO ENCONTRADO,NO ENCONTRADO,NO ENCONTRADO,NO ENCONTRADO,NO ENCONTRADO,FUE-0117,DESCUBIERTO,2026-09-08,2026-09-08,NO ENCONTRADO,NO ENCONTRADO,"Responsable del proyecto «Partes y Piezas» (Fondo de Artes Escénicas 2023, Circo). Comuna no indicada en la nómina (solo región)."
PER-0170,Ana Catherine Sagredo Núñez,Responsable de proyecto (Fondos Cultura),NO ENCONTRADO,NO ENCONTRADO,NO ENCONTRADO,NO ENCONTRADO,NO ENCONTRADO,NO ENCONTRADO,NO ENCONTRADO,NO ENCONTRADO,NO ENCONTRADO,NO ENCONTRADO,NO ENCONTRADO,FUE-0117,DESCUBIERTO,2026-09-08,2026-09-08,NO ENCONTRADO,NO ENCONTRADO,"Responsable del proyecto «La Ruta de La Quebrada. Relatos, Canciones y Recetas de una Comunidad» (Fondo de Artes Escénicas 2023, Títeres). Comuna no indicada en la nómina (solo región)."
PER-0171,Paulina Bronfman Colovatti,Responsable de proyecto (Fondos Cultura),NO ENCONTRADO,NO ENCONTRADO,NO ENCONTRADO,NO ENCONTRADO,NO ENCONTRADO,NO ENCONTRADO,NO ENCONTRADO,NO ENCONTRADO,NO ENCONTRADO,NO ENCONTRADO,NO ENCONTRADO,FUE-0117,DESCUBIERTO,2026-09-08,2026-09-08,NO ENCONTRADO,NO ENCONTRADO,"Responsable del proyecto «Prácticas escénicas y performativas como estrategia ecológica en Chile (2010-2021).» (Fondo de Artes Escénicas 2023, Investigación teórica). Comuna no indicada en la nómina (solo región)."
PER-0172,Daniela Paz Nuñez Gonzalez,Responsable de proyecto (Fondos Cultura),NO ENCONTRADO,NO ENCONTRADO,NO ENCONTRADO,NO ENCONTRADO,NO ENCONTRADO,NO ENCONTRADO,NO ENCONTRADO,NO ENCONTRADO,NO ENCONTRADO,NO ENCONTRADO,NO ENCONTRADO,FUE-0117,DESCUBIERTO,2026-09-08,2026-09-08,NO ENCONTRADO,NO ENCONTRADO,"Responsable del proyecto «Remontaje Obra Polución Diálogos con Pedro Lemebel Colectivo La Fuga» (Fondo de Artes Escénicas 2023, Remontajes escénicos). Comuna no indicada en la nómina (solo región)."
PER-0173,Carlos Andrés Craig Sepulveds,Responsable de proyecto (Fondos Cultura),NO ENCONTRADO,NO ENCONTRADO,NO ENCONTRADO,NO ENCONTRADO,NO ENCONTRADO,NO ENCONTRADO,NO ENCONTRADO,NO ENCONTRADO,NO ENCONTRADO,NO ENCONTRADO,NO ENCONTRADO,FUE-0117 | FUE-0124,DUPLICADO,2026-09-08,2026-09-08,PER-0072,NO ENCONTRADO,"Responsable del proyecto «Programa de formación en artes escénicas, para personas mayores de la comunidad de Villa Alemana» (Fondo de Artes Escénicas 2023, Públicos y comunidades). Comuna no indicada en la nómina (solo región). Responsable del proyecto «Programa de formación en artes escénicas, para personas mayores de la comunidad de Villa Alemana» (Fondo de Artes Escénicas 2022, Públicos y Comunidades). Comuna no indicada en la nómina (solo región)."
PER-0174,Mariela Leonor Diaz Rivera,Responsable de proyecto (Fondos Cultura),NO ENCONTRADO,NO ENCONTRADO,NO ENCONTRADO,NO ENCONTRADO,NO ENCONTRADO,NO ENCONTRADO,NO ENCONTRADO,NO ENCONTRADO,NO ENCONTRADO,NO ENCONTRADO,NO ENCONTRADO,FUE-0117,DESCUBIERTO,2026-09-08,2026-09-08,NO ENCONTRADO,NO ENCONTRADO,"Responsable del proyecto «3ra Versión: Proceso formativo Comparsa de Figurines Zorritos manada de Puertas Negras.» (Fondo de Artes Escénicas 2023, Públicos y comunidades). Comuna no indicada en la nómina (solo región)."
PER-0175,Natalia Francisca Silva Valenzuela,Responsable de proyecto (Fondos Cultura),NO ENCONTRADO,NO ENCONTRADO,NO ENCONTRADO,NO ENCONTRADO,NO ENCONTRADO,NO ENCONTRADO,NO ENCONTRADO,NO ENCONTRADO,NO ENCONTRADO,NO ENCONTRADO,NO ENCONTRADO,FUE-0118 | FUE-0126,DESCUBIERTO,2026-09-08,2026-09-08,NO ENCONTRADO,NO ENCONTRADO,"Responsable del proyecto «SATORI: ENCUENTRO LABORATORIOS ESCÉNICOS VALPARAÍSO» (Fondo de Artes Escénicas 2023, Festivales y encuentros regionales). Comuna no indicada en la nómina (solo región). Responsable del proyecto «Residencia de creación KayaLab en LabPerm di Castaldo, Italia» (Fondo de Artes Escénicas 2022, Participación en Instancias Internacionales - Formato Grupal (3 o más participantes) - Presencial). Comuna no indicada en la nómina (solo región)."
PER-0176,Nathalia Denisse Mardones Subiabre,Responsable de proyecto (Fondos Cultura),NO ENCONTRADO,NO ENCONTRADO,NO ENCONTRADO,NO ENCONTRADO,NO ENCONTRADO,NO ENCONTRADO,NO ENCONTRADO,NO ENCONTRADO,NO ENCONTRADO,NO ENCONTRADO,NO ENCONTRADO,FUE-0119,DESCUBIERTO,2026-09-08,2026-09-08,NO ENCONTRADO,NO ENCONTRADO,"Responsable del proyecto «Agenda de vinculación internacional para la Agrupación de Teatro e Investigación Otro Cuerpo: Consolidando nuestro proyecto binacional de Accesibilidad para las artes escénicas.» (Fondo de Artes Escénicas 2023, Circulación Internacional). Comuna no indicada en la nómina (solo región)."
PER-0177,Eliana Eugenia Huerta Pasten,Responsable de proyecto (Fondos Cultura),NO ENCONTRADO,NO ENCONTRADO,NO ENCONTRADO,NO ENCONTRADO,NO ENCONTRADO,NO ENCONTRADO,NO ENCONTRADO,NO ENCONTRADO,NO ENCONTRADO,NO ENCONTRADO,NO ENCONTRADO,FUE-0120,DESCUBIERTO,2026-09-08,2026-09-08,NO ENCONTRADO,NO ENCONTRADO,"Responsable del proyecto «Corredor Danza Valparaíso, Gira USA y México. Afianzando Redes de Internacionalización para la Danza» (Fondo de Artes Escénicas 2023, Circulación Internacional). Comuna no indicada en la nómina (solo región)."
PER-0178,María José Farfal Díaz,Responsable de proyecto (Fondos Cultura),NO ENCONTRADO,NO ENCONTRADO,NO ENCONTRADO,NO ENCONTRADO,NO ENCONTRADO,NO ENCONTRADO,NO ENCONTRADO,NO ENCONTRADO,NO ENCONTRADO,NO ENCONTRADO,NO ENCONTRADO,FUE-0124,DESCUBIERTO,2026-09-08,2026-09-08,NO ENCONTRADO,NO ENCONTRADO,"Responsable del proyecto «Formación Nivel Instructora en el Método de Alba Emoting» (Fondo de Artes Escénicas 2022, Becas de Especialización y Perfeccionamiento). Comuna no indicada en la nómina (solo región)."
PER-0179,Ignacio Barrales Pizarro,Responsable de proyecto (Fondos Cultura),NO ENCONTRADO,NO ENCONTRADO,NO ENCONTRADO,NO ENCONTRADO,NO ENCONTRADO,NO ENCONTRADO,NO ENCONTRADO,NO ENCONTRADO,NO ENCONTRADO,NO ENCONTRADO,NO ENCONTRADO,FUE-0124,DESCUBIERTO,2026-09-08,2026-09-08,NO ENCONTRADO,NO ENCONTRADO,"Responsable del proyecto «Estudios en el programa de Magíster en Teoría e Historia del Arte en la Universidad de Chile» (Fondo de Artes Escénicas 2022, Becas de Magíster, Máster y Maestrías). Comuna no indicada en la nómina (solo región)."
PER-0180,Ébana Garín Coronel,Responsable de proyecto (Fondos Cultura),NO ENCONTRADO,NO ENCONTRADO,NO ENCONTRADO,NO ENCONTRADO,NO ENCONTRADO,NO ENCONTRADO,NO ENCONTRADO,NO ENCONTRADO,NO ENCONTRADO,NO ENCONTRADO,NO ENCONTRADO,FUE-0124,DESCUBIERTO,2026-09-08,2026-09-08,NO ENCONTRADO,NO ENCONTRADO,"Responsable del proyecto «Finalización de master en Teatro Universidad de las artes Amsterdam» (Fondo de Artes Escénicas 2022, Becas de Magíster, Máster y Maestrías). Comuna no indicada en la nómina (solo región)."
PER-0181,Jonathan Andrés Bórquez,Responsable de proyecto (Fondos Cultura),NO ENCONTRADO,NO ENCONTRADO,NO ENCONTRADO,NO ENCONTRADO,NO ENCONTRADO,NO ENCONTRADO,NO ENCONTRADO,NO ENCONTRADO,NO ENCONTRADO,NO ENCONTRADO,NO ENCONTRADO,FUE-0124,DESCUBIERTO,2026-09-08,2026-09-08,NO ENCONTRADO,NO ENCONTRADO,"Responsable del proyecto «Continuidad de estudios, 2º año (2022), Maestrìa Profesional en Danza Énfasis Formación Dancística, Escuela de Danza, Universidad Nacional de Costa Rica» (Fondo de Artes Escénicas 2022, Becas de Magíster, Máster y Maestrías). Comuna no indicada en la nómina (solo región). Responsable del proyecto «Salamandra, Diálogos in Memoriam...» (Fondo de Artes Escénicas 2022, Creación y Producción/Danza). Comuna no indicada en la nómina (solo región)."
PER-0182,Nicolás José Eyzaguirre Bravo,Responsable de proyecto (Fondos Cultura),NO ENCONTRADO,NO ENCONTRADO,NO ENCONTRADO,NO ENCONTRADO,NO ENCONTRADO,NO ENCONTRADO,NO ENCONTRADO,NO ENCONTRADO,NO ENCONTRADO,NO ENCONTRADO,NO ENCONTRADO,FUE-0124,DESCUBIERTO,2026-09-08,2026-09-08,NO ENCONTRADO,NO ENCONTRADO,"Responsable del proyecto «Master en Proyectos Culturales en el Espacio Público. Paris 1» (Fondo de Artes Escénicas 2022, Becas de Magíster, Máster y Maestrías). Comuna no indicada en la nómina (solo región)."
PER-0183,Allyson Marjorie Muñoz Palma,Responsable de proyecto (Fondos Cultura),NO ENCONTRADO,NO ENCONTRADO,NO ENCONTRADO,NO ENCONTRADO,NO ENCONTRADO,NO ENCONTRADO,NO ENCONTRADO,NO ENCONTRADO,NO ENCONTRADO,NO ENCONTRADO,NO ENCONTRADO,FUE-0124,DESCUBIERTO,2026-09-08,2026-09-08,NO ENCONTRADO,NO ENCONTRADO,"Responsable del proyecto «Máster en Psicodrama Psicoanalítico para la aplicación del psicodrama como herramienta metodológica y terapéutica dentro del aula enfocada en NNA (niños, niñas y adolescentes) de Educación Básica de la comuna de Quintero, región de Valparaíso.» (Fondo de Artes Escénicas 2022, Becas de Magíster, Máster y Maestrías). Comuna no indicada en la nómina (solo región)."
PER-0184,Daffne Andrea Valdés Vargas,Responsable de proyecto (Fondos Cultura),NO ENCONTRADO,NO ENCONTRADO,NO ENCONTRADO,NO ENCONTRADO,NO ENCONTRADO,NO ENCONTRADO,NO ENCONTRADO,NO ENCONTRADO,NO ENCONTRADO,NO ENCONTRADO,NO ENCONTRADO,FUE-0124,DESCUBIERTO,2026-09-08,2026-09-08,NO ENCONTRADO,NO ENCONTRADO,"Responsable del proyecto «Resistencia o la reivindicación de un derecho colectivo» (Fondo de Artes Escénicas 2022, Circulación Nacional). Comuna no indicada en la nómina (solo región)."
PER-0185,Fabiola Stefany Díaz Romero,Responsable de proyecto (Fondos Cultura),NO ENCONTRADO,NO ENCONTRADO,NO ENCONTRADO,NO ENCONTRADO,NO ENCONTRADO,NO ENCONTRADO,NO ENCONTRADO,NO ENCONTRADO,NO ENCONTRADO,NO ENCONTRADO,NO ENCONTRADO,FUE-0124,DESCUBIERTO,2026-09-08,2026-09-08,NO ENCONTRADO,NO ENCONTRADO,"Responsable del proyecto «AMA DE EXTREMO A EXTREMO CIRCULACIÓN ONLINE» (Fondo de Artes Escénicas 2022, Circulación Nacional). Comuna no indicada en la nómina (solo región)."
PER-0186,Maríajosé Razon Valencia,Responsable de proyecto (Fondos Cultura),NO ENCONTRADO,NO ENCONTRADO,NO ENCONTRADO,NO ENCONTRADO,NO ENCONTRADO,NO ENCONTRADO,NO ENCONTRADO,NO ENCONTRADO,NO ENCONTRADO,NO ENCONTRADO,NO ENCONTRADO,FUE-0124,DESCUBIERTO,2026-09-08,2026-09-08,NO ENCONTRADO,NO ENCONTRADO,"Responsable del proyecto «Escritura de obra dramática ""La familia Reor""» (Fondo de Artes Escénicas 2022, Composición Escénica/Dramaturgia). Comuna no indicada en la nómina (solo región)."
PER-0187,Bruce George Malcolm Gibbons Fell,Responsable de proyecto (Fondos Cultura),NO ENCONTRADO,NO ENCONTRADO,NO ENCONTRADO,NO ENCONTRADO,NO ENCONTRADO,NO ENCONTRADO,NO ENCONTRADO,NO ENCONTRADO,NO ENCONTRADO,NO ENCONTRADO,NO ENCONTRADO,FUE-0124,DESCUBIERTO,2026-09-08,2026-09-08,NO ENCONTRADO,NO ENCONTRADO,"Responsable del proyecto «Proyecto de Escritura de obra DOS PAREJAS GRITÁNDOSE EN UN LIVING COMEDOR» (Fondo de Artes Escénicas 2022, Composición Escénica/Dramaturgia). Comuna no indicada en la nómina (solo región)."
PER-0188,Miguel Antonio Farías Vásquez,Responsable de proyecto (Fondos Cultura),NO ENCONTRADO,NO ENCONTRADO,NO ENCONTRADO,NO ENCONTRADO,NO ENCONTRADO,NO ENCONTRADO,NO ENCONTRADO,NO ENCONTRADO,NO ENCONTRADO,NO ENCONTRADO,NO ENCONTRADO,FUE-0124,DESCUBIERTO,2026-09-08,2026-09-08,NO ENCONTRADO,NO ENCONTRADO,"Responsable del proyecto «Rosita - vodevil en dos actos» (Fondo de Artes Escénicas 2022, Composición Escénica/Composición de Ópera). Comuna no indicada en la nómina (solo región). Responsable del proyecto «Ópera contemporánea: Lo político como elemento constitutivo en óperas chilenas y argentinas post- dictadura.» (Fondo de Artes Escénicas 2022, Investigación Teórica). Comuna no indicada en la nómina (solo región)."
PER-0189,Sandra Rojas Farías,Responsable de proyecto (Fondos Cultura),NO ENCONTRADO,NO ENCONTRADO,NO ENCONTRADO,NO ENCONTRADO,NO ENCONTRADO,NO ENCONTRADO,NO ENCONTRADO,NO ENCONTRADO,NO ENCONTRADO,NO ENCONTRADO,NO ENCONTRADO,FUE-0124,DESCUBIERTO,2026-09-08,2026-09-08,NO ENCONTRADO,NO ENCONTRADO,"Responsable del proyecto «Gorrión» (Fondo de Artes Escénicas 2022, Composición Escénica / Interdisciplinar). Comuna no indicada en la nómina (solo región)."
PER-0190,Enoe Caroline Coulon Dendal,Responsable de proyecto (Fondos Cultura),NO ENCONTRADO,NO ENCONTRADO,NO ENCONTRADO,NO ENCONTRADO,NO ENCONTRADO,NO ENCONTRADO,NO ENCONTRADO,NO ENCONTRADO,NO ENCONTRADO,NO ENCONTRADO,NO ENCONTRADO,FUE-0124,DESCUBIERTO,2026-09-08,2026-09-08,NO ENCONTRADO,NO ENCONTRADO,"Responsable del proyecto «ANDERSEN + LORCA o cómo ir hilvanando un cuento con retazos de poemas» (Fondo de Artes Escénicas 2022, Residencias de Creación). Comuna no indicada en la nómina (solo región)."
PER-0191,Juan Esteban Meza Cartes,Responsable de proyecto (Fondos Cultura),NO ENCONTRADO,NO ENCONTRADO,NO ENCONTRADO,NO ENCONTRADO,NO ENCONTRADO,NO ENCONTRADO,NO ENCONTRADO,NO ENCONTRADO,NO ENCONTRADO,NO ENCONTRADO,NO ENCONTRADO,FUE-0124,DESCUBIERTO,2026-09-08,2026-09-08,NO ENCONTRADO,NO ENCONTRADO,"Responsable del proyecto «Residencia Quásar: Materialidad vocal y corporalidad sonora» (Fondo de Artes Escénicas 2022, Residencias de Creación). Comuna no indicada en la nómina (solo región)."
PER-0192,Bárbara Andrea Pestan Florás,Responsable de proyecto (Fondos Cultura),NO ENCONTRADO,NO ENCONTRADO,NO ENCONTRADO,NO ENCONTRADO,NO ENCONTRADO,NO ENCONTRADO,NO ENCONTRADO,NO ENCONTRADO,NO ENCONTRADO,NO ENCONTRADO,NO ENCONTRADO,FUE-0124,DESCUBIERTO,2026-09-08,2026-09-08,NO ENCONTRADO,NO ENCONTRADO,"Responsable del proyecto «Terrapolis» (Fondo de Artes Escénicas 2022, Creación y Producción/Teatro). Comuna no indicada en la nómina (solo región)."
PER-0193,Waleska Arleth Vilches Valdivia,Responsable de proyecto (Fondos Cultura),NO ENCONTRADO,NO ENCONTRADO,NO ENCONTRADO,NO ENCONTRADO,NO ENCONTRADO,NO ENCONTRADO,NO ENCONTRADO,NO ENCONTRADO,NO ENCONTRADO,NO ENCONTRADO,NO ENCONTRADO,FUE-0124,DESCUBIERTO,2026-09-08,2026-09-08,NO ENCONTRADO,NO ENCONTRADO,"Responsable del proyecto «Nativos Polinizadores, Espectáculo callejero con Títeres de gran Formato» (Fondo de Artes Escénicas 2022, Creación y Producción/Títeres). Comuna no indicada en la nómina (solo región)."
PER-0194,Camilo Andres Romero Rojas,Responsable de proyecto (Fondos Cultura),NO ENCONTRADO,NO ENCONTRADO,NO ENCONTRADO,NO ENCONTRADO,NO ENCONTRADO,NO ENCONTRADO,NO ENCONTRADO,NO ENCONTRADO,NO ENCONTRADO,NO ENCONTRADO,NO ENCONTRADO,FUE-0124,DESCUBIERTO,2026-09-08,2026-09-08,NO ENCONTRADO,NO ENCONTRADO,"Responsable del proyecto «Clowntra todos espectáculo clown con adultos mayores, basado en Macbeth de William Shakespeare» (Fondo de Artes Escénicas 2022, Creación y Producción /Interdisciplinar). Comuna no indicada en la nómina (solo región)."
PER-0195,Danilo Patricio Llanos Quezada,Responsable de proyecto (Fondos Cultura),NO ENCONTRADO,NO ENCONTRADO,NO ENCONTRADO,NO ENCONTRADO,NO ENCONTRADO,NO ENCONTRADO,NO ENCONTRADO,NO ENCONTRADO,NO ENCONTRADO,NO ENCONTRADO,NO ENCONTRADO,FUE-0124,DESCUBIERTO,2026-09-08,2026-09-08,NO ENCONTRADO,NO ENCONTRADO,"Responsable del proyecto «""FIN; último episodio Trilogía de la Catástrofe""» (Fondo de Artes Escénicas 2022, Trayectoria/Teatro). Comuna no indicada en la nómina (solo región)."
PER-0196,Enrique Alejandro Saldes Aliaga,Responsable de proyecto (Fondos Cultura),NO ENCONTRADO,NO ENCONTRADO,NO ENCONTRADO,NO ENCONTRADO,NO ENCONTRADO,NO ENCONTRADO,NO ENCONTRADO,NO ENCONTRADO,NO ENCONTRADO,NO ENCONTRADO,NO ENCONTRADO,FUE-0124,DESCUBIERTO,2026-09-08,2026-09-08,NO ENCONTRADO,NO ENCONTRADO,"Responsable del proyecto «LA CASA TRANSPARENTE (O LOS SUEÑOS DEL HABITANTE)» (Fondo de Artes Escénicas 2022, Trayectoria/Danza). Comuna no indicada en la nómina (solo región)."
PER-0197,Vanesa Andrea Torres Pita,Responsable de proyecto (Fondos Cultura),NO ENCONTRADO,NO ENCONTRADO,NO ENCONTRADO,NO ENCONTRADO,NO ENCONTRADO,NO ENCONTRADO,NO ENCONTRADO,NO ENCONTRADO,NO ENCONTRADO,NO ENCONTRADO,NO ENCONTRADO,FUE-0124,DESCUBIERTO,2026-09-08,2026-09-08,NO ENCONTRADO,NO ENCONTRADO,"Responsable del proyecto «Actos Impuros: Proyecto interdisciplinar a partir de la obra de Pier Paolo Pasolini, en el año de su centenario.» (Fondo de Artes Escénicas 2022, Trayectoria/ Interdisciplinar). Comuna no indicada en la nómina (solo región)."
PER-0198,Camila Cristina Landon Vío,Responsable de proyecto (Fondos Cultura),NO ENCONTRADO,NO ENCONTRADO,NO ENCONTRADO,NO ENCONTRADO,NO ENCONTRADO,NO ENCONTRADO,NO ENCONTRADO,NO ENCONTRADO,NO ENCONTRADO,NO ENCONTRADO,NO ENCONTRADO,FUE-0124,DESCUBIERTO,2026-09-08,2026-09-08,NO ENCONTRADO,NO ENCONTRADO,"Responsable del proyecto «desHIELO» (Fondo de Artes Escénicas 2022, Trayectoria/ Interdisciplinar). Comuna no indicada en la nómina (solo región)."
PER-0199,Myriam Elizabeth Chavez Gonzalez,Responsable de proyecto (Fondos Cultura),NO ENCONTRADO,NO ENCONTRADO,NO ENCONTRADO,NO ENCONTRADO,NO ENCONTRADO,NO ENCONTRADO,NO ENCONTRADO,NO ENCONTRADO,NO ENCONTRADO,NO ENCONTRADO,NO ENCONTRADO,FUE-0124,DESCUBIERTO,2026-09-08,2026-09-08,NO ENCONTRADO,NO ENCONTRADO,"Responsable del proyecto «Únete al Baile! (...de las que sobran) Transdisciplinas para la Libertad.» (Fondo de Artes Escénicas 2022, Trayectoria/ Interdisciplinar). Comuna no indicada en la nómina (solo región)."
PER-0200,Abril Alejandra Sandoval Espinoza,Responsable de proyecto (Fondos Cultura),NO ENCONTRADO,NO ENCONTRADO,NO ENCONTRADO,NO ENCONTRADO,NO ENCONTRADO,NO ENCONTRADO,NO ENCONTRADO,NO ENCONTRADO,NO ENCONTRADO,NO ENCONTRADO,NO ENCONTRADO,FUE-0124,DESCUBIERTO,2026-09-08,2026-09-08,NO ENCONTRADO,NO ENCONTRADO,"Responsable del proyecto «La infancia es la casa que habitaremos para siempre.» (Fondo de Artes Escénicas 2022, Producción de Montajes Escénicos). Comuna no indicada en la nómina (solo región)."
PER-0201,Christian David Oyarzún Navarrete,Responsable de proyecto (Fondos Cultura),NO ENCONTRADO,NO ENCONTRADO,NO ENCONTRADO,NO ENCONTRADO,NO ENCONTRADO,NO ENCONTRADO,NO ENCONTRADO,NO ENCONTRADO,NO ENCONTRADO,NO ENCONTRADO,NO ENCONTRADO,FUE-0124,DESCUBIERTO,2026-09-08,2026-09-08,NO ENCONTRADO,NO ENCONTRADO,"Responsable del proyecto «Remontaje Mujer de Preñez Húngara 2022» (Fondo de Artes Escénicas 2022, Remontajes Escénicos). Comuna no indicada en la nómina (solo región)."
PER-0202,María Angélica Luzzi Olsen,Responsable de proyecto (Fondos Cultura),NO ENCONTRADO,NO ENCONTRADO,NO ENCONTRADO,NO ENCONTRADO,NO ENCONTRADO,NO ENCONTRADO,NO ENCONTRADO,NO ENCONTRADO,NO ENCONTRADO,NO ENCONTRADO,NO ENCONTRADO,FUE-0124,DESCUBIERTO,2026-09-08,2026-09-08,NO ENCONTRADO,NO ENCONTRADO,"Responsable del proyecto «Remontaje Obra de Teatro EL ABISMO DE LOS PÁJAROS» (Fondo de Artes Escénicas 2022, Remontajes Escénicos). Comuna no indicada en la nómina (solo región)."
PER-0203,Jorge Antonio Espinoza Galindo,Responsable de proyecto (Fondos Cultura),NO ENCONTRADO,NO ENCONTRADO,NO ENCONTRADO,NO ENCONTRADO,NO ENCONTRADO,NO ENCONTRADO,NO ENCONTRADO,NO ENCONTRADO,NO ENCONTRADO,NO ENCONTRADO,NO ENCONTRADO,FUE-0124,DESCUBIERTO,2026-09-08,2026-09-08,NO ENCONTRADO,NO ENCONTRADO,"Responsable del proyecto «Primer Programa Anual de Formación Regional en Diseño Escénico para la Macro Zona Centro» (Fondo de Artes Escénicas 2022, Profesionalización del Sector). Comuna no indicada en la nómina (solo región)."
PER-0204,Elena Lucas Acero,Responsable de proyecto (Fondos Cultura),NO ENCONTRADO,NO ENCONTRADO,NO ENCONTRADO,NO ENCONTRADO,NO ENCONTRADO,NO ENCONTRADO,NO ENCONTRADO,NO ENCONTRADO,NO ENCONTRADO,NO ENCONTRADO,NO ENCONTRADO,FUE-0124,DESCUBIERTO,2026-09-08,2026-09-08,NO ENCONTRADO,NO ENCONTRADO,"Responsable del proyecto «FAM Formación en Artes del Movimiento I Edición La anormalidad de los anormales» (Fondo de Artes Escénicas 2022, Profesionalización del Sector). Comuna no indicada en la nómina (solo región)."
PER-0205,Romina Andrea Simon Gómez,Responsable de proyecto (Fondos Cultura),NO ENCONTRADO,NO ENCONTRADO,NO ENCONTRADO,NO ENCONTRADO,NO ENCONTRADO,NO ENCONTRADO,NO ENCONTRADO,NO ENCONTRADO,NO ENCONTRADO,NO ENCONTRADO,NO ENCONTRADO,FUE-0124,DESCUBIERTO,2026-09-08,2026-09-08,NO ENCONTRADO,NO ENCONTRADO,"Responsable del proyecto «VOCES DOCENTES: Programa formación vocal técnica y expresiva para educadoras y educadores de párvulos» (Fondo de Artes Escénicas 2022, Públicos y Comunidades). Comuna no indicada en la nómina (solo región)."
PER-0206,Daniela Ida Álvarez López,Responsable de proyecto (Fondos Cultura),NO ENCONTRADO,NO ENCONTRADO,NO ENCONTRADO,NO ENCONTRADO,NO ENCONTRADO,NO ENCONTRADO,NO ENCONTRADO,NO ENCONTRADO,NO ENCONTRADO,NO ENCONTRADO,NO ENCONTRADO,FUE-0124,DESCUBIERTO,2026-09-08,2026-09-08,NO ENCONTRADO,NO ENCONTRADO,"Responsable del proyecto «ENTRAR EN LA DANZA - Programa de Corredor Danza Valparaíso para la formación y sensibilización de públicos en danza contemporánea.» (Fondo de Artes Escénicas 2022, Públicos y Comunidades). Comuna no indicada en la nómina (solo región)."
PER-0207,constanza paz castillo montroni,Responsable de proyecto (Fondos Cultura),NO ENCONTRADO,NO ENCONTRADO,NO ENCONTRADO,NO ENCONTRADO,NO ENCONTRADO,NO ENCONTRADO,NO ENCONTRADO,NO ENCONTRADO,NO ENCONTRADO,NO ENCONTRADO,NO ENCONTRADO,FUE-0124,DESCUBIERTO,2026-09-08,2026-09-08,NO ENCONTRADO,NO ENCONTRADO,"Responsable del proyecto «Taller virtual de arte teatral para personas mayores. Juego teatral digital 60+.» (Fondo de Artes Escénicas 2022, Públicos y Comunidades). Comuna no indicada en la nómina (solo región)."
PER-0208,Ricardo adrian Delgado Celis,Responsable de proyecto (Fondos Cultura),NO ENCONTRADO,NO ENCONTRADO,NO ENCONTRADO,NO ENCONTRADO,NO ENCONTRADO,NO ENCONTRADO,NO ENCONTRADO,NO ENCONTRADO,NO ENCONTRADO,NO ENCONTRADO,NO ENCONTRADO,FUE-0124,DESCUBIERTO,2026-09-08,2026-09-08,NO ENCONTRADO,NO ENCONTRADO,"Responsable del proyecto «Taller de Tango Terapia» (Fondo de Artes Escénicas 2022, Públicos y Comunidades). Comuna no indicada en la nómina (solo región)."
PER-0209,Vanessa Francisca Salas Pando,Responsable de proyecto (Fondos Cultura),NO ENCONTRADO,NO ENCONTRADO,NO ENCONTRADO,NO ENCONTRADO,NO ENCONTRADO,NO ENCONTRADO,NO ENCONTRADO,NO ENCONTRADO,NO ENCONTRADO,NO ENCONTRADO,NO ENCONTRADO,FUE-0124,DESCUBIERTO,2026-09-08,2026-09-08,NO ENCONTRADO,NO ENCONTRADO,"Responsable del proyecto «Memoria y Territorio: Teatro autobiográfico para adultos mayores en Villa Alemana» (Fondo de Artes Escénicas 2022, Públicos y Comunidades). Comuna no indicada en la nómina (solo región)."
PER-0210,Amanda Adelaida Borgoño Infante,Responsable de proyecto (Fondos Cultura),NO ENCONTRADO,NO ENCONTRADO,NO ENCONTRADO,NO ENCONTRADO,NO ENCONTRADO,NO ENCONTRADO,NO ENCONTRADO,NO ENCONTRADO,NO ENCONTRADO,NO ENCONTRADO,NO ENCONTRADO,FUE-0125,DESCUBIERTO,2026-09-08,2026-09-08,NO ENCONTRADO,NO ENCONTRADO,"Responsable del proyecto «Primer Festival de Dramaturgia de Mujeres Porteñas ¡DEJA TU DRAMA VOLAR! Mujeres Creando Teatro, Valparaíso 2022» (Fondo de Artes Escénicas 2022, Festivales y Encuentros Regionales). Comuna no indicada en la nómina (solo región)."
PER-0211,Mariela Soledad Laterra,Responsable de proyecto (Fondos Cultura),NO ENCONTRADO,NO ENCONTRADO,NO ENCONTRADO,NO ENCONTRADO,NO ENCONTRADO,NO ENCONTRADO,NO ENCONTRADO,NO ENCONTRADO,NO ENCONTRADO,NO ENCONTRADO,NO ENCONTRADO,FUE-0125,DESCUBIERTO,2026-09-08,2026-09-08,NO ENCONTRADO,NO ENCONTRADO,"Responsable del proyecto «ENCUENTRO LABORATORIOS ESCÉNICOS VALPARAÍSO» (Fondo de Artes Escénicas 2022, Festivales y Encuentros Regionales). Comuna no indicada en la nómina (solo región)."
PER-0212,El Pueblo de Piuretlandia,Responsable de proyecto (Fondos Cultura),NO ENCONTRADO,NO ENCONTRADO,NO ENCONTRADO,NO ENCONTRADO,NO ENCONTRADO,NO ENCONTRADO,NO ENCONTRADO,NO ENCONTRADO,NO ENCONTRADO,NO ENCONTRADO,NO ENCONTRADO,FUE-0125,DESCUBIERTO,2026-09-08,2026-09-08,NO ENCONTRADO,NO ENCONTRADO,"Responsable del proyecto «Primer Encuentro de Artes Escénicas e Inclusión Inversa de Valparaíso - Chile 2022» (Fondo de Artes Escénicas 2022, Festivales y Encuentros Regionales). Comuna no indicada en la nómina (solo región)."
PER-0213,Claudio Omar Rodríguez Espinoza,Responsable de proyecto (Fondos Cultura),NO ENCONTRADO,NO ENCONTRADO,NO ENCONTRADO,NO ENCONTRADO,NO ENCONTRADO,NO ENCONTRADO,NO ENCONTRADO,NO ENCONTRADO,NO ENCONTRADO,NO ENCONTRADO,NO ENCONTRADO,FUE-0126,DESCUBIERTO,2026-09-08,2026-09-08,NO ENCONTRADO,NO ENCONTRADO,"Responsable del proyecto «GÓMEZ de Diamela Eltit en Gira por Colombia» (Fondo de Artes Escénicas 2022, Circulación de Montajes Escénicos - Formato Grupal (3 o más participantes) - Presencial). Comuna no indicada en la nómina (solo región)."
PER-0214,Camila Antonia Guggiana Stuparich,Responsable de proyecto (Fondos Cultura),NO ENCONTRADO,NO ENCONTRADO,NO ENCONTRADO,NO ENCONTRADO,NO ENCONTRADO,NO ENCONTRADO,NO ENCONTRADO,NO ENCONTRADO,NO ENCONTRADO,NO ENCONTRADO,NO ENCONTRADO,FUE-0126,DESCUBIERTO,2026-09-08,2026-09-08,NO ENCONTRADO,NO ENCONTRADO,"Responsable del proyecto «Hijo Pródigo en Buenos Aires» (Fondo de Artes Escénicas 2022, Circulación de Montajes Escénicos - Formato Grupal (3 o más participantes) - Presencial). Comuna no indicada en la nómina (solo región)."
PER-0215,Zimri Bani Orellana Rojas,Responsable de proyecto (Fondos Cultura),NO ENCONTRADO,NO ENCONTRADO,NO ENCONTRADO,NO ENCONTRADO,NO ENCONTRADO,NO ENCONTRADO,NO ENCONTRADO,NO ENCONTRADO,NO ENCONTRADO,NO ENCONTRADO,NO ENCONTRADO,FUE-0126,DESCUBIERTO,2026-09-08,2026-09-08,NO ENCONTRADO,NO ENCONTRADO,"Responsable del proyecto «Creación performática y soluciones de accesibilidad para las artes vivas: Residencia Internacional de Otro Cuerpo en Guadalajara México» (Fondo de Artes Escénicas 2022, Participación en Instancias Internacionales - Formato Grupal (3 o más participantes) - Presencial). Comuna no indicada en la nómina (solo región)."
PER-0216,Andrés del Bosque,Director/a,COMP-0075,Circo Ancestral,NO ENCONTRADO,NO ENCONTRADO,NO ENCONTRADO,NO ENCONTRADO,NO ENCONTRADO,NO ENCONTRADO,NO ENCONTRADO,NO ENCONTRADO,NO ENCONTRADO,FUE-0098,PARCIAL,2026-09-08,2026-09-08,NO ENCONTRADO,NO ENCONTRADO,"Figura como Oscar Andrés González Bosque en la nómina 2025 ('La Nave de los locos, locOnas y Alacalufes'); la prensa lo nombra Andrés Del Bosque como director de Circo Ancestral."
PER-0217,Ingrid Flores Mondaca,Director/a,NO ENCONTRADO,NO ENCONTRADO,NO ENCONTRADO,NO ENCONTRADO,NO ENCONTRADO,OBR-0045,Más allá de las ruinas,NO ENCONTRADO,NO ENCONTRADO,NO ENCONTRADO,NO ENCONTRADO,FUE-0098 | FUE-0094,DESCUBIERTO,2026-09-08,2026-09-08,NO ENCONTRADO,NO ENCONTRADO,NO ENCONTRADO
PER-0218,Diamela Eltit (texto),Dramaturgo/a,NO ENCONTRADO,NO ENCONTRADO,NO ENCONTRADO,NO ENCONTRADO,NO ENCONTRADO,NO ENCONTRADO,NO ENCONTRADO,NO ENCONTRADO,NO ENCONTRADO,NO ENCONTRADO,NO ENCONTRADO,FUE-0126,DESCUBIERTO,2026-09-08,2026-09-08,NO ENCONTRADO,NO ENCONTRADO,NO ENCONTRADO
PER-0219,Myriam Espinoza Vergara,Actor/actriz | Director/a,NO ENCONTRADO,NO ENCONTRADO,valparaiso,Valparaíso,valparaiso,NO ENCONTRADO,NO ENCONTRADO,NO ENCONTRADO,"Actriz y directora porteña con 50 años dedicados al teatro social en Valparaíso, según el proyecto de archivos escénicos de la Universidad de Valparaíso (Fondo de Artes Escénicas 2023).",NO ENCONTRADO,NO ENCONTRADO,FUE-0117,DESCUBIERTO,2026-09-08,2026-09-08,NO ENCONTRADO,NO ENCONTRADO,NO ENCONTRADO
PER-0220,Verónica Sentis Herrmann,Investigador/a | Responsable de proyecto (Fondos Cultura),NO ENCONTRADO,NO ENCONTRADO,NO ENCONTRADO,NO ENCONTRADO,NO ENCONTRADO,NO ENCONTRADO,NO ENCONTRADO,NO ENCONTRADO,Investigadora teatral; responsable de la plataforma historiadelteatroenvalparaiso.cl (actualización 2025) y de la investigación 'Descorriendo tupidos velos: cartografía teatral de directoras porteñas en el siglo XXI' (2022).,NO ENCONTRADO,https://historiadelteatroenvalparaiso.cl/,FUE-0098 | FUE-0124 | FUE-0135,DESCUBIERTO,2026-09-08,2026-09-08,NO ENCONTRADO,NO ENCONTRADO,"Responsable del proyecto «Actualización y rediseño plataforma digital sobre teatro de Valparaíso www.historiadelteatro envalparaiso.cl» (Fondo de Artes Escénicas 2025, Única). Comuna no indicada en la nómina (solo región). Responsable del proyecto «Descorriendo tupidos velos: cartografía teatral de directoras porteñas en el siglo XXI» (Fondo de Artes Escénicas 2022, Investigación Teórica). Comuna no indicada en la nómina (solo región)."
PER-0221,Gabriel Contreras Hernández,Responsable de proyecto (Fondos Cultura),COMP-0040,Astillero Teatro,NO ENCONTRADO,NO ENCONTRADO,NO ENCONTRADO,NO ENCONTRADO,NO ENCONTRADO,NO ENCONTRADO,NO ENCONTRADO,NO ENCONTRADO,NO ENCONTRADO,FUE-0117 | FUE-0109,PARCIAL,2026-09-08,2026-09-08,NO ENCONTRADO,NO ENCONTRADO,"Responsable de 'La memoria de los sésiles' (2023) y su circulación internacional con Astillero Teatro (2024). Responsable del proyecto «Circulación Internacional La memoria de los sésiles, Astillero Teatro 2024.» (Fondo de Artes Escénicas 2024, Circulación Internacional). Comuna no indicada en la nómina (solo región). Responsable del proyecto «La memoria de los sésiles» (Fondo de Artes Escénicas 2023, Teatro). Comuna no indicada en la nómina (solo región)."
PER-0222,Zenith Navarrete Ruiz,Narrador/a oral,NO ENCONTRADO,NO ENCONTRADO,NO ENCONTRADO,NO ENCONTRADO,NO ENCONTRADO,NO ENCONTRADO,NO ENCONTRADO,NO ENCONTRADO,NO ENCONTRADO,NO ENCONTRADO,NO ENCONTRADO,FUE-0124 | FUE-0109 | FUE-0098 | FUE-0094,DESCUBIERTO,2026-09-08,2026-09-08,NO ENCONTRADO,NO ENCONTRADO,"Figura como Zenith Claudia Navarrete Ruiz: 'Memorias en tren' (2022, 2024, 2026), 'Secretos de mujeres' (2025), 'Cuéntame de Valparaíso Bohemio' (2026), técnicas teatrales para la narración oral escénica (2024)."
PER-0223,Sebastián Ayala Alveal,Dramaturgo/a | Responsable de proyecto (Fondos Cultura),COMP-0080,Compañía Teatro a la Deriva,valparaiso,Valparaíso,valparaiso,NO ENCONTRADO,NO ENCONTRADO,NO ENCONTRADO,NO ENCONTRADO,NO ENCONTRADO,NO ENCONTRADO,FUE-0117 | FUE-0120 | FUE-0124,PARCIAL,2026-09-08,2026-09-08,NO ENCONTRADO,NO ENCONTRADO,"Figura como Sebastián Eduardo Ayala Alveal: dramaturgia 'El beso de amor eterno' (2023), intercambio Teatro a la Deriva–Barcelona (2023), circulación 'El fuego que llevamos dentro' (2022)."
PER-0224,Diego Chamorro Ramírez,Responsable de proyecto (Fondos Cultura),COMP-0006,Compañía de Teatro La Lancha,NO ENCONTRADO,NO ENCONTRADO,NO ENCONTRADO,NO ENCONTRADO,NO ENCONTRADO,NO ENCONTRADO,NO ENCONTRADO,NO ENCONTRADO,NO ENCONTRADO,FUE-0117 | FUE-0098,PARCIAL,2026-09-08,2026-09-08,NO ENCONTRADO,NO ENCONTRADO,Figura como Diego Sebastián Chamorro Ramírez: 'Gira de Llo Lle We' (2023) y 'Huidobro Viene Navegando + Registro' (2025).
PER-0225,Carlos Muñoz Rivera,Responsable de proyecto (Fondos Cultura),NO ENCONTRADO,NO ENCONTRADO,NO ENCONTRADO,NO ENCONTRADO,NO ENCONTRADO,NO ENCONTRADO,NO ENCONTRADO,NO ENCONTRADO,NO ENCONTRADO,NO ENCONTRADO,NO ENCONTRADO,FUE-0098,DESCUBIERTO,2026-09-08,2026-09-08,NO ENCONTRADO,NO ENCONTRADO,"Figura como Carlos Andrés Muñoz Rivera: residencia 'Trashumantes, en la búsqueda de nuevos caminos creativos' (2025, folio 749091, $9.815.578)."
PER-0226,Bárbara Pestan,Director/a,COMP-0100,Abisal,NO ENCONTRADO,NO ENCONTRADO,NO ENCONTRADO,NO ENCONTRADO,NO ENCONTRADO,NO ENCONTRADO,NO ENCONTRADO,NO ENCONTRADO,NO ENCONTRADO,FUE-0144 | FUE-0145,PARCIAL,2026-09-08,2026-09-08,NO ENCONTRADO,NO ENCONTRADO,NO ENCONTRADO
PER-0227,Horacio Videla,Director/a,COMP-0108,Teatro Profesional Onirus,NO ENCONTRADO,NO ENCONTRADO,NO ENCONTRADO,NO ENCONTRADO,NO ENCONTRADO,NO ENCONTRADO,NO ENCONTRADO,NO ENCONTRADO,NO ENCONTRADO,FUE-0158,PARCIAL,2026-09-08,2026-09-08,NO ENCONTRADO,NO ENCONTRADO,NO ENCONTRADO
PER-0228,Ivo Herrera,Director/a | Dramaturgo/a,NO ENCONTRADO,NO ENCONTRADO,NO ENCONTRADO,NO ENCONTRADO,NO ENCONTRADO,OBR-0101,El motín contra Portales,NO ENCONTRADO,NO ENCONTRADO,NO ENCONTRADO,NO ENCONTRADO,FUE-0159,DESCUBIERTO,2026-09-08,2026-09-08,NO ENCONTRADO,NO ENCONTRADO,NO ENCONTRADO
PER-0229,Gonzalo Pinto,Director/a,NO ENCONTRADO,NO ENCONTRADO,NO ENCONTRADO,NO ENCONTRADO,NO ENCONTRADO,OBR-0103,El Invitado,NO ENCONTRADO,NO ENCONTRADO,NO ENCONTRADO,NO ENCONTRADO,FUE-0161,DESCUBIERTO,2026-09-08,2026-09-08,NO ENCONTRADO,NO ENCONTRADO,NO ENCONTRADO
PER-0230,Alonso Machuca,Diseñador/a escénico,NO ENCONTRADO,NO ENCONTRADO,NO ENCONTRADO,NO ENCONTRADO,NO ENCONTRADO,NO ENCONTRADO,NO ENCONTRADO,NO ENCONTRADO,NO ENCONTRADO,NO ENCONTRADO,NO ENCONTRADO,FUE-0159,DESCUBIERTO,2026-09-08,2026-09-08,NO ENCONTRADO,NO ENCONTRADO,Diseño integral de 'El motín contra Portales' (2025).
PER-0231,Pablo Valencia,Docente de voz escénica,NO ENCONTRADO,NO ENCONTRADO,quillota,Quillota,quillota,NO ENCONTRADO,NO ENCONTRADO,NO ENCONTRADO,NO ENCONTRADO,NO ENCONTRADO,NO ENCONTRADO,FUE-0160,DESCUBIERTO,2026-09-08,2026-09-08,NO ENCONTRADO,NO ENCONTRADO,Dirigió el seminario 'Voz para la escena teatral' del Taller Municipal de Teatro de Quillota (septiembre de 2025).
PER-0232,Diego Belmar,Director/a,COMP-0050,Colectivo interdisciplinario Musgo,NO ENCONTRADO,NO ENCONTRADO,NO ENCONTRADO,NO ENCONTRADO,NO ENCONTRADO,NO ENCONTRADO,NO ENCONTRADO,NO ENCONTRADO,NO ENCONTRADO,FUE-0167 | FUE-0063,PARCIAL,2026-09-08,2026-09-08,NO ENCONTRADO,NO ENCONTRADO,Dirigió 'Voces por la memoria' (Festival Litoral Teatral 2024).
PER-0233,Nina Legrand,Director/a | Titiritero/a | Narrador/a oral | Arteterapeuta comunitaria,COMP-0086,Nina Títeres y Cuentacuentos,san-felipe,San Felipe,san-felipe-de-aconcagua,NO ENCONTRADO,NO ENCONTRADO,NO ENCONTRADO,"'Ninatitiricuenta': titiritera, cuentacuentos y arteterapeuta comunitaria con más de dos décadas de trabajo en el Valle del Aconcagua; títeres tipo muppet, teatro de objetos, máscaras y lambe lambe; talleres y mediación lectora en escuelas y comunidades.",NO ENCONTRADO,NO ENCONTRADO,FUE-0169,PARCIAL,2026-09-08,2026-09-08,NO ENCONTRADO,NO ENCONTRADO,NO ENCONTRADO
PER-0234,Felipe Zambrano Miguieles,Director/a | Dramaturgo/a,NO ENCONTRADO,NO ENCONTRADO,NO ENCONTRADO,NO ENCONTRADO,NO ENCONTRADO,OBR-0114,Historia de amor para un alma vieja,NO ENCONTRADO,NO ENCONTRADO,NO ENCONTRADO,NO ENCONTRADO,FUE-0167 | FUE-0179,DESCUBIERTO,2026-09-08,2026-09-08,NO ENCONTRADO,NO ENCONTRADO,NO ENCONTRADO
PER-0235,Gustavo Meza,Director/a,NO ENCONTRADO,NO ENCONTRADO,NO ENCONTRADO,NO ENCONTRADO,NO ENCONTRADO,OBR-0116,La Reina Isabel cantaba rancheras,NO ENCONTRADO,NO ENCONTRADO,NO ENCONTRADO,NO ENCONTRADO,FUE-0063,DESCUBIERTO,2026-09-08,2026-09-08,NO ENCONTRADO,NO ENCONTRADO,NO ENCONTRADO
PER-0236,Julieta Saavedra,Director/a | Dramaturgo/a | Actor/actriz | Narrador/a oral,COMP-0076,Julieta y Compañía,villa-alemana,Villa Alemana,marga-marga,NO ENCONTRADO,NO ENCONTRADO,NO ENCONTRADO,"Dramaturga y narradora residente en Villa Alemana; conduce el taller 'Cuentos que nacen del alma' con personas mayores de la Provincia de Marga Marga; 'El tiempo no espera' (2025) es su primera obra de gran formato, financiada por el Fondo de Artes Escénicas 2025.",NO ENCONTRADO,NO ENCONTRADO,FUE-0171 | FUE-0172,PARCIAL,2026-09-08,2026-09-08,NO ENCONTRADO,NO ENCONTRADO,NO ENCONTRADO
PER-0237,Juan Toro,Director/a,COMP-0123,Taller de Teatro Municipal de Quillota (Talymel),quillota,Quillota,quillota,NO ENCONTRADO,NO ENCONTRADO,NO ENCONTRADO,NO ENCONTRADO,NO ENCONTRADO,NO ENCONTRADO,FUE-0174,DESCUBIERTO,2026-09-08,2026-09-08,NO ENCONTRADO,NO ENCONTRADO,NO ENCONTRADO
PER-0238,Pita Torres,Director/a,NO ENCONTRADO,NO ENCONTRADO,NO ENCONTRADO,NO ENCONTRADO,NO ENCONTRADO,OBR-0128,Desentierren a los vivos,NO ENCONTRADO,NO ENCONTRADO,NO ENCONTRADO,NO ENCONTRADO,FUE-0175,DESCUBIERTO,2026-09-08,2026-09-08,NO ENCONTRADO,NO ENCONTRADO,NO ENCONTRADO
PER-0239,Gabriela Fernández Chan,Actor/actriz | Director/a,COMP-0076,Julieta y Compañía,NO ENCONTRADO,NO ENCONTRADO,NO ENCONTRADO,NO ENCONTRADO,NO ENCONTRADO,NO ENCONTRADO,NO ENCONTRADO,NO ENCONTRADO,NO ENCONTRADO,FUE-0171,PARCIAL,2026-09-08,2026-09-08,NO ENCONTRADO,NO ENCONTRADO,Actriz y directora de teatro peruana; elenco de 'El tiempo no espera' (2025). Figura como Gabriela Natalia Fernández Chang en nóminas de Fondos Cultura (narración oral).
PER-0240,Natalia Zúñiga,Actor/actriz,COMP-0018,Teatro Ánima,quillota,Quillota,quillota,NO ENCONTRADO,NO ENCONTRADO,NO ENCONTRADO,NO ENCONTRADO,NO ENCONTRADO,NO ENCONTRADO,FUE-0174,DESCUBIERTO,2026-09-08,2026-09-08,NO ENCONTRADO,NO ENCONTRADO,Integrante de Teatro Ánima según Ivo Herrera (2019).
PER-0241,Rodolfo Bravo,Actor/actriz | Docente de teatro,NO ENCONTRADO,NO ENCONTRADO,quillota,Quillota,quillota,NO ENCONTRADO,NO ENCONTRADO,NO ENCONTRADO,Actor y profesor formador quillotano (años 1920–2001) según Ivo Herrera; el teatro del Centro Cultural Leopoldo Silva Reynoard lleva su nombre.,NO ENCONTRADO,NO ENCONTRADO,FUE-0174,DESCUBIERTO,2026-09-08,2026-09-08,NO ENCONTRADO,NO ENCONTRADO,NO ENCONTRADO
PER-0242,Rodolfo Godoy,Docente de teatro,NO ENCONTRADO,NO ENCONTRADO,quillota,Quillota,quillota,NO ENCONTRADO,NO ENCONTRADO,NO ENCONTRADO,NO ENCONTRADO,NO ENCONTRADO,NO ENCONTRADO,FUE-0174,DESCUBIERTO,2026-09-08,2026-09-08,NO ENCONTRADO,NO ENCONTRADO,"Profesor del taller de teatro del Colegio Nuestra Señora del Huerto desde los años 60 (Ivo Herrera, 2019)."
PER-0243,Carolina Cifras,Coreógrafo/a | Bailarín/a,NO ENCONTRADO,NO ENCONTRADO,limache,Limache,marga-marga,NO ENCONTRADO,NO ENCONTRADO,NO ENCONTRADO,NO ENCONTRADO,NO ENCONTRADO,NO ENCONTRADO,FUE-0175,DESCUBIERTO,2026-09-08,2026-09-08,NO ENCONTRADO,NO ENCONTRADO,Artista de danza de Limache; 'FUSIS' en el Mes del Teatro 2022.
PER-0244,Aníbal Gaete,Actor/actriz,NO ENCONTRADO,NO ENCONTRADO,olmue,Olmué,marga-marga,NO ENCONTRADO,NO ENCONTRADO,NO ENCONTRADO,NO ENCONTRADO,NO ENCONTRADO,NO ENCONTRADO,FUE-0175,DESCUBIERTO,2026-09-08,2026-09-08,NO ENCONTRADO,NO ENCONTRADO,Musical 'Cabaret' en el Mes del Teatro 2022 (Olmué según la nota ministerial).
PER-0245,Claudio Rodríguez,Director/a,COMP-0124,Laboratorio Anatomía Teatral,valparaiso,Valparaíso,valparaiso,NO ENCONTRADO,NO ENCONTRADO,NO ENCONTRADO,NO ENCONTRADO,NO ENCONTRADO,NO ENCONTRADO,FUE-0177 | FUE-0176,PARCIAL,2026-09-08,2026-09-08,NO ENCONTRADO,NO ENCONTRADO,Director de Laboratorio Anatomía Teatral y del Festival Síntesis Teatral.
PER-0246,Omar Saavedra,Dramaturgo/a,NO ENCONTRADO,NO ENCONTRADO,NO ENCONTRADO,NO ENCONTRADO,NO ENCONTRADO,NO ENCONTRADO,NO ENCONTRADO,NO ENCONTRADO,NO ENCONTRADO,NO ENCONTRADO,NO ENCONTRADO,FUE-0176,DESCUBIERTO,2026-09-08,2026-09-08,NO ENCONTRADO,NO ENCONTRADO,"'Ella & Ella' (2018), repuesta en el Festival Síntesis Teatral 2019."
