{"type": "FeatureCollection", "features": [{"type": "Feature", "geometry": {"type": "Point", "coordinates": [-71.252, -32.33451]}, "properties": {"id": "COMP-0001", "coleccion": "companias", "nombre": "Arte Escénico La Ligua", "comuna": "la-ligua", "comuna_nombre": "La Ligua", "provincia": "petorca", "estado": "PARCIAL", "geo_precision": "commune_centroid", "geo_base": "comuna", "tipo": "teatro comunitario", "disciplinas": ["teatro", "teatro-comunitario"]}}, {"type": "Feature", "geometry": {"type": "Point", "coordinates": [-71.59677, -33.11235]}, "properties": {"id": "COMP-0002", "coleccion": "companias", "nombre": "Asamblea Titiritera ATTICH V Región", "comuna": "valparaiso", "comuna_nombre": "Valparaíso", "provincia": "valparaiso", "estado": "PARCIAL", "geo_precision": "commune_centroid", "geo_base": "comuna", "tipo": "compañía de títeres", "disciplinas": ["titeres"]}}, {"type": "Feature", "geometry": {"type": "Point", "coordinates": [-71.59677, -33.11235]}, "properties": {"id": "COMP-0003", "coleccion": "companias", "nombre": "Colectiva Artística Medioambiental La Capuchina", "comuna": "valparaiso", "comuna_nombre": "Valparaíso", "provincia": "valparaiso", "estado": "PARCIAL", "geo_precision": "commune_centroid", "geo_base": "comuna", "tipo": "compañía de títeres", "disciplinas": ["titeres", "musica-escenica", "teatro-comunitario"]}}, {"type": "Feature", "geometry": {"type": "Point", "coordinates": [-71.40187, -33.12277]}, "properties": {"id": "COMP-0004", "coleccion": "companias", "nombre": "Compañía de Muñecos Marionautas", "comuna": "quilpue", "comuna_nombre": "Quilpué", "provincia": "marga-marga", "estado": "PARCIAL", "geo_precision": "commune_centroid", "geo_base": "comuna", "tipo": "compañía de títeres", "disciplinas": ["titeres"]}}, {"type": "Feature", "geometry": {"type": "Point", "coordinates": [-71.33065, -33.07372]}, "properties": {"id": "COMP-0005", "coleccion": "companias", "nombre": "Compañía de Teatro Alegría", "comuna": "villa-alemana", "comuna_nombre": "Villa Alemana", "provincia": "marga-marga", "estado": "DESCUBIERTO", "geo_precision": "commune_centroid", "geo_base": "comuna", "tipo": "teatro comunitario", "disciplinas": ["teatro", "teatro-comunitario"]}}, {"type": "Feature", "geometry": {"type": "Point", "coordinates": [-71.50157, -33.66255]}, "properties": {"id": "COMP-0006", "coleccion": "companias", "nombre": "Compañía de Teatro La Lancha", "comuna": "san-antonio", "comuna_nombre": "San Antonio", "provincia": "san-antonio", "estado": "VERIFICADO", "geo_precision": "commune_centroid", "geo_base": "comuna", "tipo": "teatro infantil/familiar", "disciplinas": ["teatro", "teatro-familiar", "juglaria"]}}, {"type": "Feature", "geometry": {"type": "Point", "coordinates": [-71.59677, -33.11235]}, "properties": {"id": "COMP-0007", "coleccion": "companias", "nombre": "Festín de la Risa", "comuna": "valparaiso", "comuna_nombre": "Valparaíso", "provincia": "valparaiso", "estado": "DESCUBIERTO", "geo_precision": "commune_centroid", "geo_base": "comuna", "tipo": "compañía de circo", "disciplinas": ["clown", "circo", "teatro-callejero"]}}, {"type": "Feature", "geometry": {"type": "Point", "coordinates": [-71.59677, -33.11235]}, "properties": {"id": "COMP-0008", "coleccion": "companias", "nombre": "Fundación OANI de Teatro", "comuna": "valparaiso", "comuna_nombre": "Valparaíso", "provincia": "valparaiso", "estado": "VERIFICADO", "geo_precision": "commune_centroid", "geo_base": "comuna", "tipo": "compañía de títeres", "disciplinas": ["titeres", "lambe-lambe", "teatro-familiar", "teatro"]}}, {"type": "Feature", "geometry": {"type": "Point", "coordinates": [-71.59677, -33.11235]}, "properties": {"id": "COMP-0009", "coleccion": "companias", "nombre": "Guaico Títeres", "comuna": "valparaiso", "comuna_nombre": "Valparaíso", "provincia": "valparaiso", "estado": "PARCIAL", "geo_precision": "commune_centroid", "geo_base": "comuna", "tipo": "compañía de títeres", "disciplinas": ["titeres"]}}, {"type": "Feature", "geometry": {"type": "Point", "coordinates": [-71.59677, -33.11235]}, "properties": {"id": "COMP-0010", "coleccion": "companias", "nombre": "La Enredadera", "comuna": "valparaiso", "comuna_nombre": "Valparaíso", "provincia": "valparaiso", "estado": "PARCIAL", "geo_precision": "commune_centroid", "geo_base": "comuna", "tipo": "compañía de danza", "disciplinas": ["danza"]}}, {"type": "Feature", "geometry": {"type": "Point", "coordinates": [-71.46726, -32.95154]}, "properties": {"id": "COMP-0011", "coleccion": "companias", "nombre": "Ludus Teatro", "comuna": "concon", "comuna_nombre": "Concón", "provincia": "valparaiso", "estado": "PARCIAL", "geo_precision": "commune_centroid", "geo_base": "comuna", "tipo": "teatro infantil/familiar", "disciplinas": ["teatro-familiar"]}}, {"type": "Feature", "geometry": {"type": "Point", "coordinates": [-71.27196, -32.90443]}, "properties": {"id": "COMP-0012", "coleccion": "companias", "nombre": "Productora ABC: Arte, Bienestar y Cultura", "comuna": "quillota", "comuna_nombre": "Quillota", "provincia": "quillota", "estado": "DESCUBIERTO", "geo_precision": "commune_centroid", "geo_base": "comuna", "tipo": "teatro infantil/familiar", "disciplinas": ["narracion-oral", "teatro", "teatro-familiar"]}}, {"type": "Feature", "geometry": {"type": "Point", "coordinates": [-71.59677, -33.11235]}, "properties": {"id": "COMP-0013", "coleccion": "companias", "nombre": "Centro de Investigación Teatro La Peste", "comuna": "valparaiso", "comuna_nombre": "Valparaíso", "provincia": "valparaiso", "estado": "PARCIAL", "geo_precision": "commune_centroid", "geo_base": "comuna", "tipo": "compañía de teatro", "disciplinas": ["teatro", "teatro-experimental"]}}, {"type": "Feature", "geometry": {"type": "Point", "coordinates": [-70.23155, -32.96633]}, "properties": {"id": "COMP-0014", "coleccion": "companias", "nombre": "Compañía de Marionetas The Magic Show", "comuna": "los-andes", "comuna_nombre": "Los Andes", "provincia": "los-andes", "estado": "VERIFICADO", "geo_precision": "commune_centroid", "geo_base": "comuna", "tipo": "compañía de títeres", "disciplinas": ["titeres", "teatro-familiar"]}}, {"type": "Feature", "geometry": {"type": "Point", "coordinates": [-71.6741, -33.81537]}, "properties": {"id": "COMP-0015", "coleccion": "companias", "nombre": "Títeres Humedal Río Maipo", "comuna": "santo-domingo", "comuna_nombre": "Santo Domingo", "provincia": "san-antonio", "estado": "PARCIAL", "geo_precision": "commune_centroid", "geo_base": "comuna", "tipo": "compañía de títeres", "disciplinas": ["titeres"]}}, {"type": "Feature", "geometry": {"type": "Point", "coordinates": [-71.59677, -33.11235]}, "properties": {"id": "COMP-0016", "coleccion": "companias", "nombre": "Titiricaos", "comuna": "valparaiso", "comuna_nombre": "Valparaíso", "provincia": "valparaiso", "estado": "PARCIAL", "geo_precision": "commune_centroid", "geo_base": "comuna", "tipo": "compañía de títeres", "disciplinas": ["titeres"]}}, {"type": "Feature", "geometry": {"type": "Point", "coordinates": [-71.27196, -32.90443]}, "properties": {"id": "COMP-0018", "coleccion": "companias", "nombre": "Teatro Ánima", "comuna": "quillota", "comuna_nombre": "Quillota", "provincia": "quillota", "estado": "PARCIAL", "geo_precision": "commune_centroid", "geo_base": "comuna", "tipo": null, "disciplinas": []}}, {"type": "Feature", "geometry": {"type": "Point", "coordinates": [-71.51962, -33.02621]}, "properties": {"id": "COMP-0021", "coleccion": "companias", "nombre": "Siento Teatro", "comuna": "vina-del-mar", "comuna_nombre": "Viña del Mar", "provincia": "valparaiso", "estado": "DESCUBIERTO", "geo_precision": "commune_centroid", "geo_base": "comuna", "tipo": "compañía de teatro", "disciplinas": ["teatro"]}}, {"type": "Feature", "geometry": {"type": "Point", "coordinates": [-71.58075, -33.4902]}, "properties": {"id": "COMP-0025", "coleccion": "companias", "nombre": "Colombina Teatro", "comuna": "el-tabo", "comuna_nombre": "El Tabo", "provincia": "san-antonio", "estado": "DESCUBIERTO", "geo_precision": "commune_centroid", "geo_base": "comuna", "tipo": "compañía de teatro", "disciplinas": ["teatro"]}}, {"type": "Feature", "geometry": {"type": "Point", "coordinates": [-71.59677, -33.11235]}, "properties": {"id": "COMP-0026", "coleccion": "companias", "nombre": "Compañía de Marionetas Gigantes Gigantes sin Fronteras", "comuna": "valparaiso", "comuna_nombre": "Valparaíso", "provincia": "valparaiso", "estado": "DESCUBIERTO", "geo_precision": "commune_centroid", "geo_base": "comuna", "tipo": "compañía de títeres", "disciplinas": ["titeres"]}}, {"type": "Feature", "geometry": {"type": "Point", "coordinates": [-71.51962, -33.02621]}, "properties": {"id": "COMP-0027", "coleccion": "companias", "nombre": "Centro Cultural y Colectivo Teatral La Mandrágora", "comuna": "vina-del-mar", "comuna_nombre": "Viña del Mar", "provincia": "valparaiso", "estado": "DESCUBIERTO", "geo_precision": "commune_centroid", "geo_base": "comuna", "tipo": "colectivo de artes escénicas", "disciplinas": ["teatro"]}}, {"type": "Feature", "geometry": {"type": "Point", "coordinates": [-71.59677, -33.11235]}, "properties": {"id": "COMP-0028", "coleccion": "companias", "nombre": "Malabicirco", "comuna": "valparaiso", "comuna_nombre": "Valparaíso", "provincia": "valparaiso", "estado": "DESCUBIERTO", "geo_precision": "commune_centroid", "geo_base": "comuna", "tipo": "compañía de circo", "disciplinas": ["circo"]}}, {"type": "Feature", "geometry": {"type": "Point", "coordinates": [-71.59677, -33.11235]}, "properties": {"id": "COMP-0029", "coleccion": "companias", "nombre": "ONG Ludicirco", "comuna": "valparaiso", "comuna_nombre": "Valparaíso", "provincia": "valparaiso", "estado": "DESCUBIERTO", "geo_precision": "commune_centroid", "geo_base": "comuna", "tipo": "compañía de circo", "disciplinas": ["circo"]}}, {"type": "Feature", "geometry": {"type": "Point", "coordinates": [-71.46726, -32.95154]}, "properties": {"id": "COMP-0030", "coleccion": "companias", "nombre": "Club Deportivo y Cultural Colectivo Aéreos 7 Colores", "comuna": "concon", "comuna_nombre": "Concón", "provincia": "valparaiso", "estado": "DESCUBIERTO", "geo_precision": "commune_centroid", "geo_base": "comuna", "tipo": "compañía de circo", "disciplinas": ["circo"]}}, {"type": "Feature", "geometry": {"type": "Point", "coordinates": [-71.51962, -33.02621]}, "properties": {"id": "COMP-0031", "coleccion": "companias", "nombre": "Aéreos Viña", "comuna": "vina-del-mar", "comuna_nombre": "Viña del Mar", "provincia": "valparaiso", "estado": "DESCUBIERTO", "geo_precision": "commune_centroid", "geo_base": "comuna", "tipo": "compañía de circo", "disciplinas": ["circo"]}}, {"type": "Feature", "geometry": {"type": "Point", "coordinates": [-71.59677, -33.11235]}, "properties": {"id": "COMP-0032", "coleccion": "companias", "nombre": "Centro Cultural Deportivo y Social Enaires", "comuna": "valparaiso", "comuna_nombre": "Valparaíso", "provincia": "valparaiso", "estado": "DESCUBIERTO", "geo_precision": "commune_centroid", "geo_base": "comuna", "tipo": "compañía de circo", "disciplinas": ["circo"]}}, {"type": "Feature", "geometry": {"type": "Point", "coordinates": [-71.59677, -33.11235]}, "properties": {"id": "COMP-0033", "coleccion": "companias", "nombre": "Fundación Escenas en Contextos", "comuna": "valparaiso", "comuna_nombre": "Valparaíso", "provincia": "valparaiso", "estado": "DESCUBIERTO", "geo_precision": "commune_centroid", "geo_base": "comuna", "tipo": "organización cultural", "disciplinas": []}}, {"type": "Feature", "geometry": {"type": "Point", "coordinates": [-71.33065, -33.07372]}, "properties": {"id": "COMP-0034", "coleccion": "companias", "nombre": "Centro Cultural, Deportivo, Social y Educacional CIA. La Fabrica", "comuna": "villa-alemana", "comuna_nombre": "Villa Alemana", "provincia": "marga-marga", "estado": "DESCUBIERTO", "geo_precision": "commune_centroid", "geo_base": "comuna", "tipo": "organización cultural", "disciplinas": []}}, {"type": "Feature", "geometry": {"type": "Point", "coordinates": [-71.6741, -33.81537]}, "properties": {"id": "COMP-0035", "coleccion": "companias", "nombre": "Agrupación Cultural de Santo Domingo", "comuna": "santo-domingo", "comuna_nombre": "Santo Domingo", "provincia": "san-antonio", "estado": "DESCUBIERTO", "geo_precision": "commune_centroid", "geo_base": "comuna", "tipo": "organización cultural", "disciplinas": []}}, {"type": "Feature", "geometry": {"type": "Point", "coordinates": [-71.24419, -33.04399]}, "properties": {"id": "COMP-0036", "coleccion": "companias", "nombre": "Fundación Cultural Lumbre", "comuna": "limache", "comuna_nombre": "Limache", "provincia": "marga-marga", "estado": "DESCUBIERTO", "geo_precision": "commune_centroid", "geo_base": "comuna", "tipo": "organización cultural", "disciplinas": []}}, {"type": "Feature", "geometry": {"type": "Point", "coordinates": [-71.59677, -33.11235]}, "properties": {"id": "COMP-0039", "coleccion": "companias", "nombre": "Cooperativa de Artes Escénicas de Valparaíso", "comuna": "valparaiso", "comuna_nombre": "Valparaíso", "provincia": "valparaiso", "estado": "PARCIAL", "geo_precision": "commune_centroid", "geo_base": "comuna", "tipo": "compañía de teatro", "disciplinas": ["teatro"]}}, {"type": "Feature", "geometry": {"type": "Point", "coordinates": [-71.59677, -33.11235]}, "properties": {"id": "COMP-0040", "coleccion": "companias", "nombre": "Astillero Teatro", "comuna": "valparaiso", "comuna_nombre": "Valparaíso", "provincia": "valparaiso", "estado": "PARCIAL", "geo_precision": "commune_centroid", "geo_base": "comuna", "tipo": "compañía de teatro", "disciplinas": ["teatro"]}}, {"type": "Feature", "geometry": {"type": "Point", "coordinates": [-71.59677, -33.11235]}, "properties": {"id": "COMP-0041", "coleccion": "companias", "nombre": "Teatro ILUcIÓN", "comuna": "valparaiso", "comuna_nombre": "Valparaíso", "provincia": "valparaiso", "estado": "PARCIAL", "geo_precision": "commune_centroid", "geo_base": "comuna", "tipo": "compañía de teatro", "disciplinas": ["teatro"]}}, {"type": "Feature", "geometry": {"type": "Point", "coordinates": [-71.59677, -33.11235]}, "properties": {"id": "COMP-0042", "coleccion": "companias", "nombre": "Teatro Desastre", "comuna": "valparaiso", "comuna_nombre": "Valparaíso", "provincia": "valparaiso", "estado": "PARCIAL", "geo_precision": "commune_centroid", "geo_base": "comuna", "tipo": "compañía de teatro", "disciplinas": ["teatro"]}}, {"type": "Feature", "geometry": {"type": "Point", "coordinates": [-71.59677, -33.11235]}, "properties": {"id": "COMP-0043", "coleccion": "companias", "nombre": "La Bayka", "comuna": "valparaiso", "comuna_nombre": "Valparaíso", "provincia": "valparaiso", "estado": "PARCIAL", "geo_precision": "commune_centroid", "geo_base": "comuna", "tipo": "compañía de teatro", "disciplinas": ["teatro-familiar"]}}, {"type": "Feature", "geometry": {"type": "Point", "coordinates": [-71.59677, -33.11235]}, "properties": {"id": "COMP-0044", "coleccion": "companias", "nombre": "Disparate Circo", "comuna": "valparaiso", "comuna_nombre": "Valparaíso", "provincia": "valparaiso", "estado": "PARCIAL", "geo_precision": "commune_centroid", "geo_base": "comuna", "tipo": "compañía de circo", "disciplinas": ["circo"]}}, {"type": "Feature", "geometry": {"type": "Point", "coordinates": [-71.59677, -33.11235]}, "properties": {"id": "COMP-0045", "coleccion": "companias", "nombre": "Teatro del Instinto", "comuna": "valparaiso", "comuna_nombre": "Valparaíso", "provincia": "valparaiso", "estado": "PARCIAL", "geo_precision": "commune_centroid", "geo_base": "comuna", "tipo": "compañía de teatro", "disciplinas": ["teatro"]}}, {"type": "Feature", "geometry": {"type": "Point", "coordinates": [-71.59677, -33.11235]}, "properties": {"id": "COMP-0052", "coleccion": "companias", "nombre": "Centro Cultural Teatro Container", "comuna": "valparaiso", "comuna_nombre": "Valparaíso", "provincia": "valparaiso", "estado": "DESCUBIERTO", "geo_precision": "commune_centroid", "geo_base": "comuna", "tipo": "organización de artes escénicas (según nómina de fondos)", "disciplinas": ["teatro-callejero"]}}, {"type": "Feature", "geometry": {"type": "Point", "coordinates": [-71.59677, -33.11235]}, "properties": {"id": "COMP-0053", "coleccion": "companias", "nombre": "Centro Cultural Escenalborde", "comuna": "valparaiso", "comuna_nombre": "Valparaíso", "provincia": "valparaiso", "estado": "PARCIAL", "geo_precision": "commune_centroid", "geo_base": "comuna", "tipo": "organización de artes escénicas (según nómina de fondos)", "disciplinas": ["danza"]}}, {"type": "Feature", "geometry": {"type": "Point", "coordinates": [-71.59677, -33.11235]}, "properties": {"id": "COMP-0054", "coleccion": "companias", "nombre": "Organización Comunitaria Artística Cultural y Deportiva La Coraje", "comuna": "valparaiso", "comuna_nombre": "Valparaíso", "provincia": "valparaiso", "estado": "PARCIAL", "geo_precision": "commune_centroid", "geo_base": "comuna", "tipo": "organización de artes escénicas (según nómina de fondos)", "disciplinas": ["teatro"]}}, {"type": "Feature", "geometry": {"type": "Point", "coordinates": [-71.59677, -33.11235]}, "properties": {"id": "COMP-0055", "coleccion": "companias", "nombre": "Fundacion Pájarx Entre Púas", "comuna": "valparaiso", "comuna_nombre": "Valparaíso", "provincia": "valparaiso", "estado": "DESCUBIERTO", "geo_precision": "commune_centroid", "geo_base": "comuna", "tipo": "organización de artes escénicas (según nómina de fondos)", "disciplinas": []}}, {"type": "Feature", "geometry": {"type": "Point", "coordinates": [-71.08783, -32.87546]}, "properties": {"id": "COMP-0065", "coleccion": "companias", "nombre": "Sabia Escuela de Saberes", "comuna": "hijuelas", "comuna_nombre": "Hijuelas", "provincia": "quillota", "estado": "DESCUBIERTO", "geo_precision": "commune_centroid", "geo_base": "comuna", "tipo": "organización de artes escénicas (según nómina de fondos)", "disciplinas": []}}, {"type": "Feature", "geometry": {"type": "Point", "coordinates": [-71.59677, -33.11235]}, "properties": {"id": "COMP-0068", "coleccion": "companias", "nombre": "Fundación Teatromuseo del Títere y el Payaso", "comuna": "valparaiso", "comuna_nombre": "Valparaíso", "provincia": "valparaiso", "estado": "PARCIAL", "geo_precision": "commune_centroid", "geo_base": "comuna", "tipo": "organización de artes escénicas (según nómina de fondos)", "disciplinas": ["titeres", "clown"]}}, {"type": "Feature", "geometry": {"type": "Point", "coordinates": [-71.59677, -33.11235]}, "properties": {"id": "COMP-0070", "coleccion": "companias", "nombre": "El Pueblo de Piuretlandia", "comuna": "valparaiso", "comuna_nombre": "Valparaíso", "provincia": "valparaiso", "estado": "DESCUBIERTO", "geo_precision": "commune_centroid", "geo_base": "comuna", "tipo": "organización de artes escénicas", "disciplinas": []}}, {"type": "Feature", "geometry": {"type": "Point", "coordinates": [-71.59677, -33.11235]}, "properties": {"id": "COMP-0072", "coleccion": "companias", "nombre": "Cooperativa Corredor Danza Valparaíso", "comuna": "valparaiso", "comuna_nombre": "Valparaíso", "provincia": "valparaiso", "estado": "DESCUBIERTO", "geo_precision": "commune_centroid", "geo_base": "comuna", "tipo": "compañía de danza", "disciplinas": ["danza"]}}, {"type": "Feature", "geometry": {"type": "Point", "coordinates": [-71.33065, -33.07372]}, "properties": {"id": "COMP-0076", "coleccion": "companias", "nombre": "Julieta y Compañía", "comuna": "villa-alemana", "comuna_nombre": "Villa Alemana", "provincia": "marga-marga", "estado": "PARCIAL", "geo_precision": "commune_centroid", "geo_base": "comuna", "tipo": "compañía de teatro", "disciplinas": ["teatro", "narracion-oral", "teatro-comunitario"]}}, {"type": "Feature", "geometry": {"type": "Point", "coordinates": [-71.51962, -33.02621]}, "properties": {"id": "COMP-0077", "coleccion": "companias", "nombre": "Flamenco Triana", "comuna": "vina-del-mar", "comuna_nombre": "Viña del Mar", "provincia": "valparaiso", "estado": "PARCIAL", "geo_precision": "commune_centroid", "geo_base": "comuna", "tipo": "compañía de danza", "disciplinas": ["danza"]}}, {"type": "Feature", "geometry": {"type": "Point", "coordinates": [-71.59677, -33.11235]}, "properties": {"id": "COMP-0080", "coleccion": "companias", "nombre": "Compañía Teatro a la Deriva", "comuna": "valparaiso", "comuna_nombre": "Valparaíso", "provincia": "valparaiso", "estado": "PARCIAL", "geo_precision": "commune_centroid", "geo_base": "comuna", "tipo": "compañía de teatro", "disciplinas": ["teatro"]}}, {"type": "Feature", "geometry": {"type": "Point", "coordinates": [-71.59677, -33.11235]}, "properties": {"id": "COMP-0084", "coleccion": "companias", "nombre": "Comparsa de Figurines Zorritos", "comuna": "valparaiso", "comuna_nombre": "Valparaíso", "provincia": "valparaiso", "estado": "DESCUBIERTO", "geo_precision": "commune_centroid", "geo_base": "comuna", "tipo": "teatro callejero / comparsa", "disciplinas": []}}, {"type": "Feature", "geometry": {"type": "Point", "coordinates": [-71.1103, -33.03549]}, "properties": {"id": "COMP-0085", "coleccion": "companias", "nombre": "Gabisha Títeres", "comuna": "olmue", "comuna_nombre": "Olmué", "provincia": "marga-marga", "estado": "DESCUBIERTO", "geo_precision": "commune_centroid", "geo_base": "comuna", "tipo": "compañía de títeres", "disciplinas": ["titeres"]}}, {"type": "Feature", "geometry": {"type": "Point", "coordinates": [-70.79848, -32.70383]}, "properties": {"id": "COMP-0086", "coleccion": "companias", "nombre": "Nina Títeres y Cuentacuentos", "comuna": "san-felipe", "comuna_nombre": "San Felipe", "provincia": "san-felipe-de-aconcagua", "estado": "PARCIAL", "geo_precision": "commune_centroid", "geo_base": "comuna", "tipo": "compañía de títeres", "disciplinas": ["titeres", "narracion-oral", "lambe-lambe"]}}, {"type": "Feature", "geometry": {"type": "Point", "coordinates": [-71.59677, -33.11235]}, "properties": {"id": "COMP-0087", "coleccion": "companias", "nombre": "Compañía Moviendo Hilos", "comuna": "valparaiso", "comuna_nombre": "Valparaíso", "provincia": "valparaiso", "estado": "PARCIAL", "geo_precision": "commune_centroid", "geo_base": "comuna", "tipo": "compañía de títeres", "disciplinas": ["titeres"]}}, {"type": "Feature", "geometry": {"type": "Point", "coordinates": [-71.51962, -33.02621]}, "properties": {"id": "COMP-0088", "coleccion": "companias", "nombre": "Compañía Vilkún de Marionetas", "comuna": "vina-del-mar", "comuna_nombre": "Viña del Mar", "provincia": "valparaiso", "estado": "DESCUBIERTO", "geo_precision": "commune_centroid", "geo_base": "comuna", "tipo": "compañía de títeres", "disciplinas": ["titeres"]}}, {"type": "Feature", "geometry": {"type": "Point", "coordinates": [-71.51962, -33.02621]}, "properties": {"id": "COMP-0089", "coleccion": "companias", "nombre": "Títeres Helecho Marionetas", "comuna": "vina-del-mar", "comuna_nombre": "Viña del Mar", "provincia": "valparaiso", "estado": "DESCUBIERTO", "geo_precision": "commune_centroid", "geo_base": "comuna", "tipo": "compañía de títeres", "disciplinas": ["titeres"]}}, {"type": "Feature", "geometry": {"type": "Point", "coordinates": [-71.59677, -33.11235]}, "properties": {"id": "COMP-0090", "coleccion": "companias", "nombre": "Compañía Correquetepillo", "comuna": "valparaiso", "comuna_nombre": "Valparaíso", "provincia": "valparaiso", "estado": "DESCUBIERTO", "geo_precision": "commune_centroid", "geo_base": "comuna", "tipo": "compañía de títeres", "disciplinas": ["titeres"]}}, {"type": "Feature", "geometry": {"type": "Point", "coordinates": [-71.59677, -33.11235]}, "properties": {"id": "COMP-0091", "coleccion": "companias", "nombre": "Colectivx Escénicx Urgente Delirio", "comuna": "valparaiso", "comuna_nombre": "Valparaíso", "provincia": "valparaiso", "estado": "PARCIAL", "geo_precision": "commune_centroid", "geo_base": "comuna", "tipo": "colectivo de artes escénicas", "disciplinas": ["teatro"]}}, {"type": "Feature", "geometry": {"type": "Point", "coordinates": [-71.59677, -33.11235]}, "properties": {"id": "COMP-0092", "coleccion": "companias", "nombre": "MikroEspacio Creativo", "comuna": "valparaiso", "comuna_nombre": "Valparaíso", "provincia": "valparaiso", "estado": "PARCIAL", "geo_precision": "commune_centroid", "geo_base": "comuna", "tipo": "colectivo de artes escénicas", "disciplinas": []}}, {"type": "Feature", "geometry": {"type": "Point", "coordinates": [-71.59677, -33.11235]}, "properties": {"id": "COMP-0093", "coleccion": "companias", "nombre": "Espacio Ané", "comuna": "valparaiso", "comuna_nombre": "Valparaíso", "provincia": "valparaiso", "estado": "PARCIAL", "geo_precision": "commune_centroid", "geo_base": "comuna", "tipo": "colectivo de artes escénicas", "disciplinas": []}}, {"type": "Feature", "geometry": {"type": "Point", "coordinates": [-71.59677, -33.11235]}, "properties": {"id": "COMP-0094", "coleccion": "companias", "nombre": "Colaboraciones en Distancia", "comuna": "valparaiso", "comuna_nombre": "Valparaíso", "provincia": "valparaiso", "estado": "PARCIAL", "geo_precision": "commune_centroid", "geo_base": "comuna", "tipo": "colectivo de artes escénicas", "disciplinas": []}}, {"type": "Feature", "geometry": {"type": "Point", "coordinates": [-71.59677, -33.11235]}, "properties": {"id": "COMP-0095", "coleccion": "companias", "nombre": "Compañía En Paños Menores", "comuna": "valparaiso", "comuna_nombre": "Valparaíso", "provincia": "valparaiso", "estado": "PARCIAL", "geo_precision": "commune_centroid", "geo_base": "comuna", "tipo": "compañía de teatro", "disciplinas": ["teatro"]}}, {"type": "Feature", "geometry": {"type": "Point", "coordinates": [-71.59677, -33.11235]}, "properties": {"id": "COMP-0096", "coleccion": "companias", "nombre": "Sala Pascal 79", "comuna": "valparaiso", "comuna_nombre": "Valparaíso", "provincia": "valparaiso", "estado": "DESCUBIERTO", "geo_precision": "commune_centroid", "geo_base": "comuna", "tipo": "organización cultural (sala y productora de ciclos)", "disciplinas": []}}, {"type": "Feature", "geometry": {"type": "Point", "coordinates": [-71.38022, -32.47451]}, "properties": {"id": "COMP-0097", "coleccion": "companias", "nombre": "Compañía de Teatro Experimental La Sutil", "comuna": "papudo", "comuna_nombre": "Papudo", "provincia": "petorca", "estado": "DESCUBIERTO", "geo_precision": "commune_centroid", "geo_base": "comuna", "tipo": "compañía de teatro", "disciplinas": ["teatro-experimental"]}}, {"type": "Feature", "geometry": {"type": "Point", "coordinates": [-71.38022, -32.47451]}, "properties": {"id": "COMP-0098", "coleccion": "companias", "nombre": "Fundación Casa Abedul", "comuna": "papudo", "comuna_nombre": "Papudo", "provincia": "petorca", "estado": "DESCUBIERTO", "geo_precision": "commune_centroid", "geo_base": "comuna", "tipo": "organización cultural", "disciplinas": []}}, {"type": "Feature", "geometry": {"type": "Point", "coordinates": [-71.38311, -32.74074]}, "properties": {"id": "COMP-0099", "coleccion": "companias", "nombre": "Compañía de Teatro Puquigre", "comuna": "puchuncavi", "comuna_nombre": "Puchuncaví", "provincia": "valparaiso", "estado": "PARCIAL", "geo_precision": "commune_centroid", "geo_base": "comuna", "tipo": "teatro comunitario", "disciplinas": ["teatro-comunitario"]}}, {"type": "Feature", "geometry": {"type": "Point", "coordinates": [-71.47294, -32.84208]}, "properties": {"id": "COMP-0102", "coleccion": "companias", "nombre": "Centro Cultural Alejandro Castro", "comuna": "quintero", "comuna_nombre": "Quintero", "provincia": "valparaiso", "estado": "PARCIAL", "geo_precision": "commune_centroid", "geo_base": "comuna", "tipo": "organización cultural", "disciplinas": []}}, {"type": "Feature", "geometry": {"type": "Point", "coordinates": [-71.33373, -32.58918]}, "properties": {"id": "COMP-0103", "coleccion": "companias", "nombre": "Fundación Municipal de Cultura de Zapallar", "comuna": "zapallar", "comuna_nombre": "Zapallar", "provincia": "petorca", "estado": "PARCIAL", "geo_precision": "commune_centroid", "geo_base": "comuna", "tipo": "organización cultural", "disciplinas": []}}, {"type": "Feature", "geometry": {"type": "Point", "coordinates": [-71.46726, -32.95154]}, "properties": {"id": "COMP-0104", "coleccion": "companias", "nombre": "Teatro AlmaZen", "comuna": "concon", "comuna_nombre": "Concón", "provincia": "valparaiso", "estado": "PARCIAL", "geo_precision": "commune_centroid", "geo_base": "comuna", "tipo": "compañía de teatro", "disciplinas": ["teatro-familiar"]}}, {"type": "Feature", "geometry": {"type": "Point", "coordinates": [-71.27196, -32.90443]}, "properties": {"id": "COMP-0109", "coleccion": "companias", "nombre": "Taller Municipal de Teatro de Quillota", "comuna": "quillota", "comuna_nombre": "Quillota", "provincia": "quillota", "estado": "PARCIAL", "geo_precision": "commune_centroid", "geo_base": "comuna", "tipo": "taller municipal de teatro", "disciplinas": ["teatro-comunitario"]}}, {"type": "Feature", "geometry": {"type": "Point", "coordinates": [-70.23155, -32.96633]}, "properties": {"id": "COMP-0115", "coleccion": "companias", "nombre": "The Magic Show", "comuna": "los-andes", "comuna_nombre": "Los Andes", "provincia": "los-andes", "estado": "PARCIAL", "geo_precision": "commune_centroid", "geo_base": "comuna", "tipo": null, "disciplinas": []}}, {"type": "Feature", "geometry": {"type": "Point", "coordinates": [-71.59677, -33.11235]}, "properties": {"id": "COMP-0116", "coleccion": "companias", "nombre": "Experimento Pierrot", "comuna": "valparaiso", "comuna_nombre": "Valparaíso", "provincia": "valparaiso", "estado": "PARCIAL", "geo_precision": "commune_centroid", "geo_base": "comuna", "tipo": "compañía de teatro", "disciplinas": []}}, {"type": "Feature", "geometry": {"type": "Point", "coordinates": [-71.46726, -32.95154]}, "properties": {"id": "COMP-0120", "coleccion": "companias", "nombre": "Ucronia Teatral", "comuna": "concon", "comuna_nombre": "Concón", "provincia": "valparaiso", "estado": "DESCUBIERTO", "geo_precision": "commune_centroid", "geo_base": "comuna", "tipo": "compañía de teatro", "disciplinas": ["teatro"]}}, {"type": "Feature", "geometry": {"type": "Point", "coordinates": [-71.27196, -32.90443]}, "properties": {"id": "COMP-0121", "coleccion": "companias", "nombre": "Teatro Estrella Solitaria", "comuna": "quillota", "comuna_nombre": "Quillota", "provincia": "quillota", "estado": "DESCUBIERTO", "geo_precision": "commune_centroid", "geo_base": "comuna", "tipo": "compañía de teatro", "disciplinas": []}}, {"type": "Feature", "geometry": {"type": "Point", "coordinates": [-71.27196, -32.90443]}, "properties": {"id": "COMP-0122", "coleccion": "companias", "nombre": "Teatro La Feria", "comuna": "quillota", "comuna_nombre": "Quillota", "provincia": "quillota", "estado": "DESCUBIERTO", "geo_precision": "commune_centroid", "geo_base": "comuna", "tipo": "compañía de teatro", "disciplinas": []}}, {"type": "Feature", "geometry": {"type": "Point", "coordinates": [-71.27196, -32.90443]}, "properties": {"id": "COMP-0123", "coleccion": "companias", "nombre": "Taller de Teatro Municipal de Quillota (Talymel)", "comuna": "quillota", "comuna_nombre": "Quillota", "provincia": "quillota", "estado": "DESCUBIERTO", "geo_precision": "commune_centroid", "geo_base": "comuna", "tipo": "taller municipal de teatro", "disciplinas": []}}, {"type": "Feature", "geometry": {"type": "Point", "coordinates": [-71.59677, -33.11235]}, "properties": {"id": "COMP-0124", "coleccion": "companias", "nombre": "Laboratorio Anatomía Teatral", "comuna": "valparaiso", "comuna_nombre": "Valparaíso", "provincia": "valparaiso", "estado": "PARCIAL", "geo_precision": "commune_centroid", "geo_base": "comuna", "tipo": "compañía de teatro / organización de artes escénicas", "disciplinas": ["teatro"]}}, {"type": "Feature", "geometry": {"type": "Point", "coordinates": [-70.23155, -32.96633]}, "properties": {"id": "ESP-0001", "coleccion": "espacios", "nombre": "Centro Cultural de Los Andes", "comuna": "los-andes", "comuna_nombre": "Los Andes", "provincia": "los-andes", "estado": "VERIFICADO", "geo_precision": "commune_centroid", "geo_base": "comuna", "tipo_espacio": "Centro cultural", "administracion": "Ilustre Municipalidad de Los Andes"}}, {"type": "Feature", "geometry": {"type": "Point", "coordinates": [-71.50157, -33.66255]}, "properties": {"id": "ESP-0002", "coleccion": "espacios", "nombre": "Centro Cultural San Antonio", "comuna": "san-antonio", "comuna_nombre": "San Antonio", "provincia": "san-antonio", "estado": "VERIFICADO", "geo_precision": "commune_centroid", "geo_base": "comuna", "tipo_espacio": "Centro cultural", "administracion": "Ilustre Municipalidad de San Antonio"}}, {"type": "Feature", "geometry": {"type": "Point", "coordinates": [-71.59677, -33.11235]}, "properties": {"id": "ESP-0003", "coleccion": "espacios", "nombre": "Parque Cultural de Valparaíso", "comuna": "valparaiso", "comuna_nombre": "Valparaíso", "provincia": "valparaiso", "estado": "VERIFICADO", "geo_precision": "commune_centroid", "geo_base": "comuna", "tipo_espacio": "Centro cultural", "administracion": null}}, {"type": "Feature", "geometry": {"type": "Point", "coordinates": [-71.40187, -33.12277]}, "properties": {"id": "ESP-0004", "coleccion": "espacios", "nombre": "Teatro Municipal Juan Bustos Ramírez", "comuna": "quilpue", "comuna_nombre": "Quilpué", "provincia": "marga-marga", "estado": "PARCIAL", "geo_precision": "commune_centroid", "geo_base": "comuna", "tipo_espacio": "Teatro", "administracion": "Ilustre Municipalidad de Quilpué"}}, {"type": "Feature", "geometry": {"type": "Point", "coordinates": [-71.33065, -33.07372]}, "properties": {"id": "ESP-0005", "coleccion": "espacios", "nombre": "Teatro Municipal Pompeya", "comuna": "villa-alemana", "comuna_nombre": "Villa Alemana", "provincia": "marga-marga", "estado": "VERIFICADO", "geo_precision": "commune_centroid", "geo_base": "comuna", "tipo_espacio": "Teatro", "administracion": "Ilustre Municipalidad de Villa Alemana"}}, {"type": "Feature", "geometry": {"type": "Point", "coordinates": [-71.27196, -32.90443]}, "properties": {"id": "ESP-0006", "coleccion": "espacios", "nombre": "Teatro Rodolfo Bravo del Centro Cultural Municipal Leopoldo Silva Reynoard", "comuna": "quillota", "comuna_nombre": "Quillota", "provincia": "quillota", "estado": "PARCIAL", "geo_precision": "commune_centroid", "geo_base": "comuna", "tipo_espacio": "Teatro", "administracion": "Ilustre Municipalidad de Quillota"}}, {"type": "Feature", "geometry": {"type": "Point", "coordinates": [-71.59677, -33.11235]}, "properties": {"id": "ESP-0007", "coleccion": "espacios", "nombre": "Fundación Teatromuseo del Títere y el Payaso", "comuna": "valparaiso", "comuna_nombre": "Valparaíso", "provincia": "valparaiso", "estado": "VERIFICADO", "geo_precision": "commune_centroid", "geo_base": "comuna", "tipo_espacio": "Teatro", "administracion": "Fundación Teatromuseo del Títere y el Payaso (privada, sin fines de lucro)"}}, {"type": "Feature", "geometry": {"type": "Point", "coordinates": [-71.59703, -33.32942]}, "properties": {"id": "ESP-0008", "coleccion": "espacios", "nombre": "Casa de la Cultura de Algarrobo", "comuna": "algarrobo", "comuna_nombre": "Algarrobo", "provincia": "san-antonio", "estado": "PARCIAL", "geo_precision": "commune_centroid", "geo_base": "comuna", "tipo_espacio": "Centro cultural", "administracion": null}}, {"type": "Feature", "geometry": {"type": "Point", "coordinates": [-70.54046, -32.94718]}, "properties": {"id": "ESP-0009", "coleccion": "espacios", "nombre": "Museo y Centro Cultural Presidente Pedro Aguirre Cerda", "comuna": "calle-larga", "comuna_nombre": "Calle Larga", "provincia": "los-andes", "estado": "PARCIAL", "geo_precision": "commune_centroid", "geo_base": "comuna", "tipo_espacio": "Centro cultural", "administracion": null}}, {"type": "Feature", "geometry": {"type": "Point", "coordinates": [-71.43808, -33.53927]}, "properties": {"id": "ESP-0010", "coleccion": "espacios", "nombre": "Ex Estación de Ferrocarriles de Cartagena", "comuna": "cartagena", "comuna_nombre": "Cartagena", "provincia": "san-antonio", "estado": "PARCIAL", "geo_precision": "commune_centroid", "geo_base": "comuna", "tipo_espacio": "Espacio patrimonial", "administracion": "municipal"}}, {"type": "Feature", "geometry": {"type": "Point", "coordinates": [-71.46726, -32.95154]}, "properties": {"id": "ESP-0011", "coleccion": "espacios", "nombre": "Avanzada Cultural de Concón", "comuna": "concon", "comuna_nombre": "Concón", "provincia": "valparaiso", "estado": "PARCIAL", "geo_precision": "commune_centroid", "geo_base": "comuna", "tipo_espacio": "Centro cultural", "administracion": null}}, {"type": "Feature", "geometry": {"type": "Point", "coordinates": [-71.66759, -33.41996]}, "properties": {"id": "ESP-0012", "coleccion": "espacios", "nombre": "Centro Cultural Camilo Mori", "comuna": "el-quisco", "comuna_nombre": "El Quisco", "provincia": "san-antonio", "estado": "PARCIAL", "geo_precision": "commune_centroid", "geo_base": "comuna", "tipo_espacio": "Centro cultural", "administracion": null}}, {"type": "Feature", "geometry": {"type": "Point", "coordinates": [-71.58075, -33.4902]}, "properties": {"id": "ESP-0013", "coleccion": "espacios", "nombre": "Casa de la Cultura de El Tabo", "comuna": "el-tabo", "comuna_nombre": "El Tabo", "provincia": "san-antonio", "estado": "PARCIAL", "geo_precision": "commune_centroid", "geo_base": "comuna", "tipo_espacio": "Centro cultural", "administracion": null}}, {"type": "Feature", "geometry": {"type": "Point", "coordinates": [-70.94804, -32.89081]}, "properties": {"id": "ESP-0014", "coleccion": "espacios", "nombre": "Teatro Municipal de Llay Llay", "comuna": "llaillay", "comuna_nombre": "Llaillay", "provincia": "san-felipe-de-aconcagua", "estado": "PARCIAL", "geo_precision": "commune_centroid", "geo_base": "comuna", "tipo_espacio": "Teatro", "administracion": "municipal"}}, {"type": "Feature", "geometry": {"type": "Point", "coordinates": [-70.82005, -32.79416]}, "properties": {"id": "ESP-0015", "coleccion": "espacios", "nombre": "Sala Cultural Raúl Tagle Bennet", "comuna": "panquehue", "comuna_nombre": "Panquehue", "provincia": "san-felipe-de-aconcagua", "estado": "PARCIAL", "geo_precision": "commune_centroid", "geo_base": "comuna", "tipo_espacio": "Sala teatral", "administracion": null}}, {"type": "Feature", "geometry": {"type": "Point", "coordinates": [-71.27196, -32.90443]}, "properties": {"id": "ESP-0016", "coleccion": "espacios", "nombre": "Centro Cultural Leopoldo Silva Reynoard", "comuna": "quillota", "comuna_nombre": "Quillota", "provincia": "quillota", "estado": "PARCIAL", "geo_precision": "commune_centroid", "geo_base": "comuna", "tipo_espacio": "Centro cultural", "administracion": "municipal"}}, {"type": "Feature", "geometry": {"type": "Point", "coordinates": [-70.61255, -32.68265]}, "properties": {"id": "ESP-0017", "coleccion": "espacios", "nombre": "Teatro Municipal de Santa María", "comuna": "santa-maria", "comuna_nombre": "Santa María", "provincia": "san-felipe-de-aconcagua", "estado": "PARCIAL", "geo_precision": "commune_centroid", "geo_base": "comuna", "tipo_espacio": "Teatro", "administracion": "municipal"}}, {"type": "Feature", "geometry": {"type": "Point", "coordinates": [-71.59677, -33.11235]}, "properties": {"id": "ESP-0018", "coleccion": "espacios", "nombre": "Sala de Artes Escénicas Universidad de Playa Ancha", "comuna": "valparaiso", "comuna_nombre": "Valparaíso", "provincia": "valparaiso", "estado": "PARCIAL", "geo_precision": "commune_centroid", "geo_base": "comuna", "tipo_espacio": "Espacio universitario", "administracion": "universitario"}}, {"type": "Feature", "geometry": {"type": "Point", "coordinates": [-71.59677, -33.11235]}, "properties": {"id": "ESP-0019", "coleccion": "espacios", "nombre": "Sala Negra Universidad de Valparaíso", "comuna": "valparaiso", "comuna_nombre": "Valparaíso", "provincia": "valparaiso", "estado": "PARCIAL", "geo_precision": "commune_centroid", "geo_base": "comuna", "tipo_espacio": "Espacio universitario", "administracion": "universitario"}}, {"type": "Feature", "geometry": {"type": "Point", "coordinates": [-71.59677, -33.11235]}, "properties": {"id": "ESP-0020", "coleccion": "espacios", "nombre": "Sala Pascal 79", "comuna": "valparaiso", "comuna_nombre": "Valparaíso", "provincia": "valparaiso", "estado": "PARCIAL", "geo_precision": "commune_centroid", "geo_base": "comuna", "tipo_espacio": "Espacio independiente", "administracion": "independiente"}}, {"type": "Feature", "geometry": {"type": "Point", "coordinates": [-71.59677, -33.11235]}, "properties": {"id": "ESP-0021", "coleccion": "espacios", "nombre": "Sala Insomnia Teatro Condell", "comuna": "valparaiso", "comuna_nombre": "Valparaíso", "provincia": "valparaiso", "estado": "PARCIAL", "geo_precision": "commune_centroid", "geo_base": "comuna", "tipo_espacio": "Sala teatral", "administracion": "independiente"}}, {"type": "Feature", "geometry": {"type": "Point", "coordinates": [-71.33065, -33.07372]}, "properties": {"id": "ESP-0022", "coleccion": "espacios", "nombre": "Centro Cultural Gabriela Mistral", "comuna": "villa-alemana", "comuna_nombre": "Villa Alemana", "provincia": "marga-marga", "estado": "PARCIAL", "geo_precision": "commune_centroid", "geo_base": "comuna", "tipo_espacio": "Centro cultural", "administracion": null}}, {"type": "Feature", "geometry": {"type": "Point", "coordinates": [-71.51962, -33.02621]}, "properties": {"id": "ESP-0023", "coleccion": "espacios", "nombre": "Centro Cultural Surco", "comuna": "vina-del-mar", "comuna_nombre": "Viña del Mar", "provincia": "valparaiso", "estado": "PARCIAL", "geo_precision": "commune_centroid", "geo_base": "comuna", "tipo_espacio": "Centro cultural", "administracion": null}}, {"type": "Feature", "geometry": {"type": "Point", "coordinates": [-109.35948, -27.11149]}, "properties": {"id": "ESP-0024", "coleccion": "espacios", "nombre": "Centro Lector Katipare", "comuna": "isla-de-pascua", "comuna_nombre": "Isla de Pascua", "provincia": "isla-de-pascua", "estado": "PARCIAL", "geo_precision": "commune_centroid", "geo_base": "comuna", "tipo_espacio": "Centro cultural", "administracion": null}}, {"type": "Feature", "geometry": {"type": "Point", "coordinates": [-71.59677, -33.11235]}, "properties": {"id": "ESP-0025", "coleccion": "espacios", "nombre": "Carpa Azul Circo", "comuna": "valparaiso", "comuna_nombre": "Valparaíso", "provincia": "valparaiso", "estado": "PARCIAL", "geo_precision": "commune_centroid", "geo_base": "comuna", "tipo_espacio": "Espacio independiente", "administracion": "independiente"}}, {"type": "Feature", "geometry": {"type": "Point", "coordinates": [-71.59677, -33.11235]}, "properties": {"id": "ESP-0026", "coleccion": "espacios", "nombre": "Centro Cultural Placilla", "comuna": "valparaiso", "comuna_nombre": "Valparaíso", "provincia": "valparaiso", "estado": "PARCIAL", "geo_precision": "commune_centroid", "geo_base": "comuna", "tipo_espacio": "Centro cultural", "administracion": null}}, {"type": "Feature", "geometry": {"type": "Point", "coordinates": [-71.59677, -33.11235]}, "properties": {"id": "ESP-0027", "coleccion": "espacios", "nombre": "Cámara Lúcida", "comuna": "valparaiso", "comuna_nombre": "Valparaíso", "provincia": "valparaiso", "estado": "PARCIAL", "geo_precision": "commune_centroid", "geo_base": "comuna", "tipo_espacio": "Espacio independiente", "administracion": null}}, {"type": "Feature", "geometry": {"type": "Point", "coordinates": [-71.59677, -33.11235]}, "properties": {"id": "ESP-0028", "coleccion": "espacios", "nombre": "Centro Cultural Agrupación de Danza Miguel Pizarro", "comuna": "valparaiso", "comuna_nombre": "Valparaíso", "provincia": "valparaiso", "estado": "PARCIAL", "geo_precision": "commune_centroid", "geo_base": "comuna", "tipo_espacio": "Espacio independiente", "administracion": null}}, {"type": "Feature", "geometry": {"type": "Point", "coordinates": [-71.51962, -33.02621]}, "properties": {"id": "ESP-0029", "coleccion": "espacios", "nombre": "CasaPlan", "comuna": "vina-del-mar", "comuna_nombre": "Viña del Mar", "provincia": "valparaiso", "estado": "PARCIAL", "geo_precision": "commune_centroid", "geo_base": "comuna", "tipo_espacio": "Espacio independiente", "administracion": null}}, {"type": "Feature", "geometry": {"type": "Point", "coordinates": [-71.59677, -33.11235]}, "properties": {"id": "ESP-0030", "coleccion": "espacios", "nombre": "Espacio Cultural Warhola", "comuna": "valparaiso", "comuna_nombre": "Valparaíso", "provincia": "valparaiso", "estado": "PARCIAL", "geo_precision": "commune_centroid", "geo_base": "comuna", "tipo_espacio": "Espacio independiente", "administracion": null}}, {"type": "Feature", "geometry": {"type": "Point", "coordinates": [-71.59677, -33.11235]}, "properties": {"id": "ESP-0031", "coleccion": "espacios", "nombre": "Dispositivo Cultural", "comuna": "valparaiso", "comuna_nombre": "Valparaíso", "provincia": "valparaiso", "estado": "PARCIAL", "geo_precision": "commune_centroid", "geo_base": "comuna", "tipo_espacio": "Espacio independiente", "administracion": null}}, {"type": "Feature", "geometry": {"type": "Point", "coordinates": [-71.51962, -33.02621]}, "properties": {"id": "ESP-0032", "coleccion": "espacios", "nombre": "Cine Arte de Viña del Mar", "comuna": "vina-del-mar", "comuna_nombre": "Viña del Mar", "provincia": "valparaiso", "estado": "PARCIAL", "geo_precision": "commune_centroid", "geo_base": "comuna", "tipo_espacio": "Sala teatral", "administracion": null}}, {"type": "Feature", "geometry": {"type": "Point", "coordinates": [-71.59677, -33.11235]}, "properties": {"id": "ESP-0033", "coleccion": "espacios", "nombre": "Centro Comunitario Las Cañas", "comuna": "valparaiso", "comuna_nombre": "Valparaíso", "provincia": "valparaiso", "estado": "PARCIAL", "geo_precision": "commune_centroid", "geo_base": "comuna", "tipo_espacio": "Centro comunitario", "administracion": "comunitario"}}, {"type": "Feature", "geometry": {"type": "Point", "coordinates": [-71.59677, -33.11235]}, "properties": {"id": "ESP-0034", "coleccion": "espacios", "nombre": "Centro Cultural Playa Ancha", "comuna": "valparaiso", "comuna_nombre": "Valparaíso", "provincia": "valparaiso", "estado": "PARCIAL", "geo_precision": "commune_centroid", "geo_base": "comuna", "tipo_espacio": "Centro cultural", "administracion": null}}, {"type": "Feature", "geometry": {"type": "Point", "coordinates": [-71.59677, -33.11235]}, "properties": {"id": "ESP-0035", "coleccion": "espacios", "nombre": "Anfiteatro Barón Lui Mongo Centro Cultural Deportivo y Comunitario", "comuna": "valparaiso", "comuna_nombre": "Valparaíso", "provincia": "valparaiso", "estado": "PARCIAL", "geo_precision": "commune_centroid", "geo_base": "comuna", "tipo_espacio": "Centro comunitario", "administracion": null}}, {"type": "Feature", "geometry": {"type": "Point", "coordinates": [-71.59677, -33.11235]}, "properties": {"id": "ESP-0036", "coleccion": "espacios", "nombre": "Espacio Katarcis Recuperado y Liberado", "comuna": "valparaiso", "comuna_nombre": "Valparaíso", "provincia": "valparaiso", "estado": "PARCIAL", "geo_precision": "commune_centroid", "geo_base": "comuna", "tipo_espacio": "Espacio autogestionado", "administracion": null}}, {"type": "Feature", "geometry": {"type": "Point", "coordinates": [-71.59677, -33.11235]}, "properties": {"id": "ESP-0037", "coleccion": "espacios", "nombre": "Sitio Eriazo Taller de Artes y Oficios", "comuna": "valparaiso", "comuna_nombre": "Valparaíso", "provincia": "valparaiso", "estado": "PARCIAL", "geo_precision": "commune_centroid", "geo_base": "comuna", "tipo_espacio": "Espacio autogestionado", "administracion": null}}, {"type": "Feature", "geometry": {"type": "Point", "coordinates": [-71.59677, -33.11235]}, "properties": {"id": "ESP-0038", "coleccion": "espacios", "nombre": "Centro Cultural Valpolanco", "comuna": "valparaiso", "comuna_nombre": "Valparaíso", "provincia": "valparaiso", "estado": "PARCIAL", "geo_precision": "commune_centroid", "geo_base": "comuna", "tipo_espacio": "Centro cultural", "administracion": null}}, {"type": "Feature", "geometry": {"type": "Point", "coordinates": [-71.59677, -33.11235]}, "properties": {"id": "ESP-0039", "coleccion": "espacios", "nombre": "Centro Cultural Patio Sócrates", "comuna": "valparaiso", "comuna_nombre": "Valparaíso", "provincia": "valparaiso", "estado": "PARCIAL", "geo_precision": "commune_centroid", "geo_base": "comuna", "tipo_espacio": "Centro cultural", "administracion": null}}, {"type": "Feature", "geometry": {"type": "Point", "coordinates": [-71.46726, -32.95154]}, "properties": {"id": "ESP-0040", "coleccion": "espacios", "nombre": "Centro Cultural Huellas", "comuna": "concon", "comuna_nombre": "Concón", "provincia": "valparaiso", "estado": "PARCIAL", "geo_precision": "commune_centroid", "geo_base": "comuna", "tipo_espacio": "Centro cultural", "administracion": null}}, {"type": "Feature", "geometry": {"type": "Point", "coordinates": [-71.46726, -32.95154]}, "properties": {"id": "ESP-0041", "coleccion": "espacios", "nombre": "Centro Cultural Coipo", "comuna": "concon", "comuna_nombre": "Concón", "provincia": "valparaiso", "estado": "PARCIAL", "geo_precision": "commune_centroid", "geo_base": "comuna", "tipo_espacio": "Centro cultural", "administracion": null}}, {"type": "Feature", "geometry": {"type": "Point", "coordinates": [-71.58075, -33.4902]}, "properties": {"id": "ESP-0042", "coleccion": "espacios", "nombre": "Trxwun Espacio Cultural Comunitario", "comuna": "el-tabo", "comuna_nombre": "El Tabo", "provincia": "san-antonio", "estado": "PARCIAL", "geo_precision": "commune_centroid", "geo_base": "comuna", "tipo_espacio": "Centro comunitario", "administracion": null}}, {"type": "Feature", "geometry": {"type": "Point", "coordinates": [-71.252, -32.33451]}, "properties": {"id": "ESP-0043", "coleccion": "espacios", "nombre": "La Casa Centro Cultural", "comuna": "la-ligua", "comuna_nombre": "La Ligua", "provincia": "petorca", "estado": "PARCIAL", "geo_precision": "commune_centroid", "geo_base": "comuna", "tipo_espacio": "Centro cultural", "administracion": null}}, {"type": "Feature", "geometry": {"type": "Point", "coordinates": [-71.24419, -33.04399]}, "properties": {"id": "ESP-0044", "coleccion": "espacios", "nombre": "Centro Cultural Educacional Kimun", "comuna": "limache", "comuna_nombre": "Limache", "provincia": "marga-marga", "estado": "PARCIAL", "geo_precision": "commune_centroid", "geo_base": "comuna", "tipo_espacio": "Centro cultural", "administracion": null}}, {"type": "Feature", "geometry": {"type": "Point", "coordinates": [-71.1103, -33.03549]}, "properties": {"id": "ESP-0045", "coleccion": "espacios", "nombre": "Casa Cultural El Chagual", "comuna": "olmue", "comuna_nombre": "Olmué", "provincia": "marga-marga", "estado": "PARCIAL", "geo_precision": "commune_centroid", "geo_base": "comuna", "tipo_espacio": "Centro cultural", "administracion": null}}, {"type": "Feature", "geometry": {"type": "Point", "coordinates": [-71.40187, -33.12277]}, "properties": {"id": "ESP-0046", "coleccion": "espacios", "nombre": "Centro Cultural Roberto Matta para las Artes y la Educación", "comuna": "quilpue", "comuna_nombre": "Quilpué", "provincia": "marga-marga", "estado": "PARCIAL", "geo_precision": "commune_centroid", "geo_base": "comuna", "tipo_espacio": "Centro cultural", "administracion": null}}, {"type": "Feature", "geometry": {"type": "Point", "coordinates": [-71.40187, -33.12277]}, "properties": {"id": "ESP-0047", "coleccion": "espacios", "nombre": "Centro Cultural Alto Sol de Colliguay", "comuna": "quilpue", "comuna_nombre": "Quilpué", "provincia": "marga-marga", "estado": "PARCIAL", "geo_precision": "commune_centroid", "geo_base": "comuna", "tipo_espacio": "Centro cultural", "administracion": null}}, {"type": "Feature", "geometry": {"type": "Point", "coordinates": [-71.66759, -33.41996]}, "properties": {"id": "ESP-0048", "coleccion": "espacios", "nombre": "Casa JOC Quisco", "comuna": "el-quisco", "comuna_nombre": "El Quisco", "provincia": "san-antonio", "estado": "PARCIAL", "geo_precision": "commune_centroid", "geo_base": "comuna", "tipo_espacio": "Centro comunitario", "administracion": null}}, {"type": "Feature", "geometry": {"type": "Point", "coordinates": [-70.79848, -32.70383]}, "properties": {"id": "ESP-0049", "coleccion": "espacios", "nombre": "Centro Cultural Atma", "comuna": "san-felipe", "comuna_nombre": "San Felipe", "provincia": "san-felipe-de-aconcagua", "estado": "PARCIAL", "geo_precision": "commune_centroid", "geo_base": "comuna", "tipo_espacio": "Centro cultural", "administracion": null}}, {"type": "Feature", "geometry": {"type": "Point", "coordinates": [-71.51962, -33.02621]}, "properties": {"id": "ESP-0050", "coleccion": "espacios", "nombre": "Centro Cultural y Deportivo MAJESTIK", "comuna": "vina-del-mar", "comuna_nombre": "Viña del Mar", "provincia": "valparaiso", "estado": "PARCIAL", "geo_precision": "commune_centroid", "geo_base": "comuna", "tipo_espacio": "Centro cultural", "administracion": null}}, {"type": "Feature", "geometry": {"type": "Point", "coordinates": [-71.59677, -33.11235]}, "properties": {"id": "ESP-0051", "coleccion": "espacios", "nombre": "Mikroespacio", "comuna": "valparaiso", "comuna_nombre": "Valparaíso", "provincia": "valparaiso", "estado": "PARCIAL", "geo_precision": "commune_centroid", "geo_base": "comuna", "tipo_espacio": "Espacio autogestionado", "administracion": null}}, {"type": "Feature", "geometry": {"type": "Point", "coordinates": [-71.59677, -33.11235]}, "properties": {"id": "ESP-0052", "coleccion": "espacios", "nombre": "Espacio Catarsis", "comuna": "valparaiso", "comuna_nombre": "Valparaíso", "provincia": "valparaiso", "estado": "PARCIAL", "geo_precision": "commune_centroid", "geo_base": "comuna", "tipo_espacio": "Espacio independiente", "administracion": null}}, {"type": "Feature", "geometry": {"type": "Point", "coordinates": [-71.59677, -33.11235]}, "properties": {"id": "ESP-0053", "coleccion": "espacios", "nombre": "Centro Cultural IPA", "comuna": "valparaiso", "comuna_nombre": "Valparaíso", "provincia": "valparaiso", "estado": "PARCIAL", "geo_precision": "commune_centroid", "geo_base": "comuna", "tipo_espacio": "Sala teatral", "administracion": null}}, {"type": "Feature", "geometry": {"type": "Point", "coordinates": [-71.59677, -33.11235]}, "properties": {"id": "ESP-0054", "coleccion": "espacios", "nombre": "Centex — Centro de Extensión del Ministerio de las Culturas", "comuna": "valparaiso", "comuna_nombre": "Valparaíso", "provincia": "valparaiso", "estado": "PARCIAL", "geo_precision": "commune_centroid", "geo_base": "comuna", "tipo_espacio": "Centro cultural", "administracion": "público (Ministerio de las Culturas, las Artes y el Patrimonio)"}}, {"type": "Feature", "geometry": {"type": "Point", "coordinates": [-71.59677, -33.11235]}, "properties": {"id": "ESP-0055", "coleccion": "espacios", "nombre": "CECO de Rodelillo", "comuna": "valparaiso", "comuna_nombre": "Valparaíso", "provincia": "valparaiso", "estado": "PARCIAL", "geo_precision": "commune_centroid", "geo_base": "comuna", "tipo_espacio": "Centro comunitario", "administracion": "comunitario"}}, {"type": "Feature", "geometry": {"type": "Point", "coordinates": [-71.59677, -33.11235]}, "properties": {"id": "ESP-0056", "coleccion": "espacios", "nombre": "Cancha Población Márquez", "comuna": "valparaiso", "comuna_nombre": "Valparaíso", "provincia": "valparaiso", "estado": "PARCIAL", "geo_precision": "commune_centroid", "geo_base": "comuna", "tipo_espacio": "Espacio no convencional", "administracion": null}}, {"type": "Feature", "geometry": {"type": "Point", "coordinates": [-71.59677, -33.11235]}, "properties": {"id": "ESP-0057", "coleccion": "espacios", "nombre": "Espacio La Madriguera", "comuna": "valparaiso", "comuna_nombre": "Valparaíso", "provincia": "valparaiso", "estado": "PARCIAL", "geo_precision": "commune_centroid", "geo_base": "comuna", "tipo_espacio": "Espacio independiente", "administracion": null}}, {"type": "Feature", "geometry": {"type": "Point", "coordinates": [-71.59677, -33.11235]}, "properties": {"id": "ESP-0058", "coleccion": "espacios", "nombre": "Centro de Extensión Duoc UC Valparaíso", "comuna": "valparaiso", "comuna_nombre": "Valparaíso", "provincia": "valparaiso", "estado": "PARCIAL", "geo_precision": "commune_centroid", "geo_base": "comuna", "tipo_espacio": "Espacio universitario", "administracion": "universitario"}}, {"type": "Feature", "geometry": {"type": "Point", "coordinates": [-71.51962, -33.02621]}, "properties": {"id": "ESP-0059", "coleccion": "espacios", "nombre": "Teatro Municipal de Viña del Mar", "comuna": "vina-del-mar", "comuna_nombre": "Viña del Mar", "provincia": "valparaiso", "estado": "PARCIAL", "geo_precision": "commune_centroid", "geo_base": "comuna", "tipo_espacio": "Teatro", "administracion": "municipal"}}, {"type": "Feature", "geometry": {"type": "Point", "coordinates": [-71.59677, -33.11235]}, "properties": {"id": "ESP-0060", "coleccion": "espacios", "nombre": "Teatro Municipal de Valparaíso", "comuna": "valparaiso", "comuna_nombre": "Valparaíso", "provincia": "valparaiso", "estado": "PARCIAL", "geo_precision": "commune_centroid", "geo_base": "comuna", "tipo_espacio": "Teatro", "administracion": "municipal"}}, {"type": "Feature", "geometry": {"type": "Point", "coordinates": [-71.42142, -33.31574]}, "properties": {"id": "ESP-0061", "coleccion": "espacios", "nombre": "Teatro Municipal de Casablanca", "comuna": "casablanca", "comuna_nombre": "Casablanca", "provincia": "valparaiso", "estado": "PARCIAL", "geo_precision": "commune_centroid", "geo_base": "comuna", "tipo_espacio": "Teatro", "administracion": "municipal"}}, {"type": "Feature", "geometry": {"type": "Point", "coordinates": [-70.79848, -32.70383]}, "properties": {"id": "ESP-0062", "coleccion": "espacios", "nombre": "Teatro Municipal de San Felipe", "comuna": "san-felipe", "comuna_nombre": "San Felipe", "provincia": "san-felipe-de-aconcagua", "estado": "PARCIAL", "geo_precision": "commune_centroid", "geo_base": "comuna", "tipo_espacio": "Teatro", "administracion": "municipal"}}, {"type": "Feature", "geometry": {"type": "Point", "coordinates": [-71.59677, -33.11235]}, "properties": {"id": "ESP-0064", "coleccion": "espacios", "nombre": "Valparaíso Profundo", "comuna": "valparaiso", "comuna_nombre": "Valparaíso", "provincia": "valparaiso", "estado": "PARCIAL", "geo_precision": "commune_centroid", "geo_base": "comuna", "tipo_espacio": "Espacio independiente", "administracion": null}}, {"type": "Feature", "geometry": {"type": "Point", "coordinates": [-71.59677, -33.11235]}, "properties": {"id": "ESP-0065", "coleccion": "espacios", "nombre": "Mercado Puerto", "comuna": "valparaiso", "comuna_nombre": "Valparaíso", "provincia": "valparaiso", "estado": "PARCIAL", "geo_precision": "commune_centroid", "geo_base": "comuna", "tipo_espacio": "Espacio no convencional", "administracion": null}}, {"type": "Feature", "geometry": {"type": "Point", "coordinates": [-71.59677, -33.11235]}, "properties": {"id": "ESP-0066", "coleccion": "espacios", "nombre": "Liceo Pedro Montt", "comuna": "valparaiso", "comuna_nombre": "Valparaíso", "provincia": "valparaiso", "estado": "PARCIAL", "geo_precision": "commune_centroid", "geo_base": "comuna", "tipo_espacio": "Espacio no convencional", "administracion": null}}, {"type": "Feature", "geometry": {"type": "Point", "coordinates": [-71.59677, -33.11235]}, "properties": {"id": "ESP-0067", "coleccion": "espacios", "nombre": "Espacio Comunitario Santa Ana", "comuna": "valparaiso", "comuna_nombre": "Valparaíso", "provincia": "valparaiso", "estado": "PARCIAL", "geo_precision": "commune_centroid", "geo_base": "comuna", "tipo_espacio": "Centro comunitario", "administracion": "comunitario"}}, {"type": "Feature", "geometry": {"type": "Point", "coordinates": [-71.59677, -33.11235]}, "properties": {"id": "ESP-0068", "coleccion": "espacios", "nombre": "CEAC", "comuna": "valparaiso", "comuna_nombre": "Valparaíso", "provincia": "valparaiso", "estado": "PARCIAL", "geo_precision": "commune_centroid", "geo_base": "comuna", "tipo_espacio": null, "administracion": null}}, {"type": "Feature", "geometry": {"type": "Point", "coordinates": [-71.59677, -33.11235]}, "properties": {"id": "ESP-0069", "coleccion": "espacios", "nombre": "Sala de Artes Escénicas Rodelillo", "comuna": "valparaiso", "comuna_nombre": "Valparaíso", "provincia": "valparaiso", "estado": "PARCIAL", "geo_precision": "commune_centroid", "geo_base": "comuna", "tipo_espacio": "Sala teatral", "administracion": null}}, {"type": "Feature", "geometry": {"type": "Point", "coordinates": [-71.59677, -33.11235]}, "properties": {"id": "ESP-0070", "coleccion": "espacios", "nombre": "Casa Centro de Investigación Teatro La Peste", "comuna": "valparaiso", "comuna_nombre": "Valparaíso", "provincia": "valparaiso", "estado": "PARCIAL", "geo_precision": "commune_centroid", "geo_base": "comuna", "tipo_espacio": "Espacio independiente", "administracion": "independiente"}}, {"type": "Feature", "geometry": {"type": "Point", "coordinates": [-71.19764, -32.78942]}, "properties": {"id": "ESP-0071", "coleccion": "espacios", "nombre": "Centro Cultural de La Calera", "comuna": "la-calera", "comuna_nombre": "La Calera", "provincia": "quillota", "estado": "PARCIAL", "geo_precision": "commune_centroid", "geo_base": "comuna", "tipo_espacio": "Centro cultural", "administracion": null}}, {"type": "Feature", "geometry": {"type": "Point", "coordinates": [-70.94115, -32.45106]}, "properties": {"id": "ESP-0072", "coleccion": "espacios", "nombre": "Teatro Municipal de Cabildo", "comuna": "cabildo", "comuna_nombre": "Cabildo", "provincia": "petorca", "estado": "PARCIAL", "geo_precision": "commune_centroid", "geo_base": "comuna", "tipo_espacio": "Teatro", "administracion": "municipal (Unidad de Deportes, Turismo, Cultura y Recreación)"}}, {"type": "Feature", "geometry": {"type": "Point", "coordinates": [-71.33373, -32.58918]}, "properties": {"id": "ESP-0073", "coleccion": "espacios", "nombre": "Teatro de Zapallar", "comuna": "zapallar", "comuna_nombre": "Zapallar", "provincia": "petorca", "estado": "PARCIAL", "geo_precision": "commune_centroid", "geo_base": "comuna", "tipo_espacio": "Espacio patrimonial", "administracion": "Fundación Municipal de Cultura de Zapallar"}}, {"type": "Feature", "geometry": {"type": "Point", "coordinates": [-70.5095, -32.47128]}, "properties": {"id": "ESP-0074", "coleccion": "espacios", "nombre": "Galpón del Parque Municipal de Putaendo", "comuna": "putaendo", "comuna_nombre": "Putaendo", "provincia": "san-felipe-de-aconcagua", "estado": "PARCIAL", "geo_precision": "commune_centroid", "geo_base": "comuna", "tipo_espacio": "Espacio no convencional", "administracion": "municipal"}}, {"type": "Feature", "geometry": {"type": "Point", "coordinates": [-70.5095, -32.47128]}, "properties": {"id": "ESP-0075", "coleccion": "espacios", "nombre": "Escuela María Leiva de Las Coimas", "comuna": "putaendo", "comuna_nombre": "Putaendo", "provincia": "san-felipe-de-aconcagua", "estado": "PARCIAL", "geo_precision": "commune_centroid", "geo_base": "comuna", "tipo_espacio": "Espacio no convencional", "administracion": null}}, {"type": "Feature", "geometry": {"type": "Point", "coordinates": [-71.47294, -32.84208]}, "properties": {"id": "ESP-0076", "coleccion": "espacios", "nombre": "Casino de funcionarios de la Biblioteca Municipal de Quintero", "comuna": "quintero", "comuna_nombre": "Quintero", "provincia": "valparaiso", "estado": "PARCIAL", "geo_precision": "commune_centroid", "geo_base": "comuna", "tipo_espacio": "Espacio no convencional", "administracion": "municipal"}}, {"type": "Feature", "geometry": {"type": "Point", "coordinates": [-71.38311, -32.74074]}, "properties": {"id": "ESP-0077", "coleccion": "espacios", "nombre": "Gimnasio Municipal de Puchuncaví", "comuna": "puchuncavi", "comuna_nombre": "Puchuncaví", "provincia": "valparaiso", "estado": "PARCIAL", "geo_precision": "commune_centroid", "geo_base": "comuna", "tipo_espacio": "Espacio no convencional", "administracion": "municipal"}}, {"type": "Feature", "geometry": {"type": "Point", "coordinates": [-71.38311, -32.74074]}, "properties": {"id": "ESP-0078", "coleccion": "espacios", "nombre": "Sede Caracol de Horcón", "comuna": "puchuncavi", "comuna_nombre": "Puchuncaví", "provincia": "valparaiso", "estado": "PARCIAL", "geo_precision": "commune_centroid", "geo_base": "comuna", "tipo_espacio": "Espacio no convencional", "administracion": null}}, {"type": "Feature", "geometry": {"type": "Point", "coordinates": [-71.27196, -32.90443]}, "properties": {"id": "ESP-0079", "coleccion": "espacios", "nombre": "Colegio Canadá de Quillota", "comuna": "quillota", "comuna_nombre": "Quillota", "provincia": "quillota", "estado": "PARCIAL", "geo_precision": "commune_centroid", "geo_base": "comuna", "tipo_espacio": "Espacio no convencional", "administracion": null}}, {"type": "Feature", "geometry": {"type": "Point", "coordinates": [-70.23155, -32.96633]}, "properties": {"id": "ESP-0080", "coleccion": "espacios", "nombre": "Gimnasio del Colegio María Auxiliadora de Los Andes", "comuna": "los-andes", "comuna_nombre": "Los Andes", "provincia": "los-andes", "estado": "PARCIAL", "geo_precision": "commune_centroid", "geo_base": "comuna", "tipo_espacio": "Espacio no convencional", "administracion": null}}, {"type": "Feature", "geometry": {"type": "Point", "coordinates": [-71.50157, -33.66255]}, "properties": {"id": "ESP-0081", "coleccion": "espacios", "nombre": "Junta de Vecinos San Juan de Llolleo", "comuna": "san-antonio", "comuna_nombre": "San Antonio", "provincia": "san-antonio", "estado": "PARCIAL", "geo_precision": "commune_centroid", "geo_base": "comuna", "tipo_espacio": "Espacio no convencional", "administracion": "comunitario"}}, {"type": "Feature", "geometry": {"type": "Point", "coordinates": [-71.42142, -33.31574]}, "properties": {"id": "ESP-0082", "coleccion": "espacios", "nombre": "Centro Cultural de Casablanca", "comuna": "casablanca", "comuna_nombre": "Casablanca", "provincia": "valparaiso", "estado": "PARCIAL", "geo_precision": "commune_centroid", "geo_base": "comuna", "tipo_espacio": "Centro cultural", "administracion": "municipal"}}, {"type": "Feature", "geometry": {"type": "Point", "coordinates": [-71.46726, -32.95154]}, "properties": {"id": "ESP-0083", "coleccion": "espacios", "nombre": "Patio de los Copihues — Iglesia Nuestra Señora de Las Mercedes", "comuna": "concon", "comuna_nombre": "Concón", "provincia": "valparaiso", "estado": "DESCUBIERTO", "geo_precision": "commune_centroid", "geo_base": "comuna", "tipo_espacio": "Espacio no convencional", "administracion": null}}, {"type": "Feature", "geometry": {"type": "Point", "coordinates": [-71.27196, -32.90443]}, "properties": {"id": "ESP-0084", "coleccion": "espacios", "nombre": "Antiguo Teatro Municipal de Quillota (ex Cine Diego Portales)", "comuna": "quillota", "comuna_nombre": "Quillota", "provincia": "quillota", "estado": "DESCUBIERTO", "geo_precision": "commune_centroid", "geo_base": "comuna", "tipo_espacio": "Teatro", "administracion": null}}, {"type": "Feature", "geometry": {"type": "Point", "coordinates": [-71.27196, -32.90443]}, "properties": {"id": "ESP-0085", "coleccion": "espacios", "nombre": "Salón Escuela Artística Roberto Matta de Quillota", "comuna": "quillota", "comuna_nombre": "Quillota", "provincia": "quillota", "estado": "DESCUBIERTO", "geo_precision": "commune_centroid", "geo_base": "comuna", "tipo_espacio": "Espacio no convencional", "administracion": null}}, {"type": "Feature", "geometry": {"type": "Point", "coordinates": [-71.27196, -32.90443]}, "properties": {"id": "ESP-0086", "coleccion": "espacios", "nombre": "Centro de Promoción de la Cultura de Quillota", "comuna": "quillota", "comuna_nombre": "Quillota", "provincia": "quillota", "estado": "DESCUBIERTO", "geo_precision": "commune_centroid", "geo_base": "comuna", "tipo_espacio": "Centro cultural", "administracion": null}}, {"type": "Feature", "geometry": {"type": "Point", "coordinates": [-71.59677, -33.11235]}, "properties": {"id": "ESP-0088", "coleccion": "espacios", "nombre": "Casa OANI", "comuna": "valparaiso", "comuna_nombre": "Valparaíso", "provincia": "valparaiso", "estado": "PARCIAL", "geo_precision": "commune_centroid", "geo_base": "comuna", "tipo_espacio": "Espacio independiente", "administracion": "independiente (Fundación OANI de Teatro)"}}, {"type": "Feature", "geometry": {"type": "Point", "coordinates": [-71.40187, -33.12277]}, "properties": {"id": "ESP-0089", "coleccion": "espacios", "nombre": "Fundo San Jorge", "comuna": "quilpue", "comuna_nombre": "Quilpué", "provincia": "marga-marga", "estado": "PARCIAL", "geo_precision": "commune_centroid", "geo_base": "comuna", "tipo_espacio": "Espacio no convencional", "administracion": null}}, {"type": "Feature", "geometry": {"type": "Point", "coordinates": [-71.50157, -33.66255]}, "properties": {"id": "FES-0002", "coleccion": "festivales", "nombre": "Festival Litoral Teatral", "comuna": "san-antonio", "comuna_nombre": "San Antonio", "provincia": "san-antonio", "estado": "VERIFICADO", "geo_precision": "commune_centroid", "geo_base": "comuna"}}, {"type": "Feature", "geometry": {"type": "Point", "coordinates": [-71.59677, -33.11235]}, "properties": {"id": "FES-0003", "coleccion": "festivales", "nombre": "VIII Festival Teatro Container", "comuna": "valparaiso", "comuna_nombre": "Valparaíso", "provincia": "valparaiso", "estado": "VERIFICADO", "geo_precision": "commune_centroid", "geo_base": "comuna"}}, {"type": "Feature", "geometry": {"type": "Point", "coordinates": [-71.59677, -33.11235]}, "properties": {"id": "FES-0007", "coleccion": "festivales", "nombre": "Festival Ventolera", "comuna": "valparaiso", "comuna_nombre": "Valparaíso", "provincia": "valparaiso", "estado": "PARCIAL", "geo_precision": "commune_centroid", "geo_base": "comuna"}}, {"type": "Feature", "geometry": {"type": "Point", "coordinates": [-70.54046, -32.94718]}, "properties": {"id": "FES-0011", "coleccion": "festivales", "nombre": "Gira regional de teatro familiar", "comuna": "calle-larga", "comuna_nombre": "Calle Larga", "provincia": "los-andes", "estado": "PARCIAL", "geo_precision": "commune_centroid", "geo_base": "comuna"}}, {"type": "Feature", "geometry": {"type": "Point", "coordinates": [-71.59677, -33.11235]}, "properties": {"id": "FES-0012", "coleccion": "festivales", "nombre": "FESTILAMBE de Valparaíso", "comuna": "valparaiso", "comuna_nombre": "Valparaíso", "provincia": "valparaiso", "estado": "PARCIAL", "geo_precision": "commune_centroid", "geo_base": "comuna"}}, {"type": "Feature", "geometry": {"type": "Point", "coordinates": [-71.59677, -33.11235]}, "properties": {"id": "FES-0015", "coleccion": "festivales", "nombre": "Encuentro de Teatro Porteño Independiente", "comuna": "valparaiso", "comuna_nombre": "Valparaíso", "provincia": "valparaiso", "estado": "PARCIAL", "geo_precision": "commune_centroid", "geo_base": "comuna"}}, {"type": "Feature", "geometry": {"type": "Point", "coordinates": [-71.59677, -33.11235]}, "properties": {"id": "FES-0016", "coleccion": "festivales", "nombre": "ENAI — Encuentro de Artes Escénicas para la Comunidad Sorda", "comuna": "valparaiso", "comuna_nombre": "Valparaíso", "provincia": "valparaiso", "estado": "PARCIAL", "geo_precision": "commune_centroid", "geo_base": "comuna"}}, {"type": "Feature", "geometry": {"type": "Point", "coordinates": [-71.59677, -33.11235]}, "properties": {"id": "FES-0018", "coleccion": "festivales", "nombre": "EN PRÁCTICA — Festival de Danza Contacto Improvisación Valparaíso", "comuna": "valparaiso", "comuna_nombre": "Valparaíso", "provincia": "valparaiso", "estado": "PARCIAL", "geo_precision": "commune_centroid", "geo_base": "comuna"}}, {"type": "Feature", "geometry": {"type": "Point", "coordinates": [-71.51962, -33.02621]}, "properties": {"id": "FES-0019", "coleccion": "festivales", "nombre": "Festival de Artes Escénicas, Autocuidado y Salud Mental (Siento Teatro)", "comuna": "vina-del-mar", "comuna_nombre": "Viña del Mar", "provincia": "valparaiso", "estado": "PARCIAL", "geo_precision": "commune_centroid", "geo_base": "comuna"}}, {"type": "Feature", "geometry": {"type": "Point", "coordinates": [-71.59677, -33.11235]}, "properties": {"id": "FES-0021", "coleccion": "festivales", "nombre": "Ciudad Teatro", "comuna": "valparaiso", "comuna_nombre": "Valparaíso", "provincia": "valparaiso", "estado": "PARCIAL", "geo_precision": "commune_centroid", "geo_base": "comuna"}}, {"type": "Feature", "geometry": {"type": "Point", "coordinates": [-71.59677, -33.11235]}, "properties": {"id": "FES-0025", "coleccion": "festivales", "nombre": "Danzalborde", "comuna": "valparaiso", "comuna_nombre": "Valparaíso", "provincia": "valparaiso", "estado": "PARCIAL", "geo_precision": "commune_centroid", "geo_base": "comuna"}}, {"type": "Feature", "geometry": {"type": "Point", "coordinates": [-71.08783, -32.87546]}, "properties": {"id": "FES-0026", "coleccion": "festivales", "nombre": "Festival de la Niñez Hijuelas", "comuna": "hijuelas", "comuna_nombre": "Hijuelas", "provincia": "quillota", "estado": "PARCIAL", "geo_precision": "commune_centroid", "geo_base": "comuna"}}, {"type": "Feature", "geometry": {"type": "Point", "coordinates": [-71.59677, -33.11235]}, "properties": {"id": "FES-0027", "coleccion": "festivales", "nombre": "Encuentro Laboratorios Escénicos Valparaíso (SATORI)", "comuna": "valparaiso", "comuna_nombre": "Valparaíso", "provincia": "valparaiso", "estado": "PARCIAL", "geo_precision": "commune_centroid", "geo_base": "comuna"}}, {"type": "Feature", "geometry": {"type": "Point", "coordinates": [-71.33065, -33.07372]}, "properties": {"id": "FES-0028", "coleccion": "festivales", "nombre": "Escena en Riel — Festival de Teatro en Villa Alemana", "comuna": "villa-alemana", "comuna_nombre": "Villa Alemana", "provincia": "marga-marga", "estado": "PARCIAL", "geo_precision": "commune_centroid", "geo_base": "comuna"}}, {"type": "Feature", "geometry": {"type": "Point", "coordinates": [-71.59677, -33.11235]}, "properties": {"id": "FES-0030", "coleccion": "festivales", "nombre": "¡Deja tu drama volar! — Festival de Dramaturgia de Mujeres Porteñas", "comuna": "valparaiso", "comuna_nombre": "Valparaíso", "provincia": "valparaiso", "estado": "PARCIAL", "geo_precision": "commune_centroid", "geo_base": "comuna"}}, {"type": "Feature", "geometry": {"type": "Point", "coordinates": [-71.59677, -33.11235]}, "properties": {"id": "FES-0031", "coleccion": "festivales", "nombre": "Encuentro de Artes Escénicas e Inclusión Inversa de Valparaíso", "comuna": "valparaiso", "comuna_nombre": "Valparaíso", "provincia": "valparaiso", "estado": "PARCIAL", "geo_precision": "commune_centroid", "geo_base": "comuna"}}, {"type": "Feature", "geometry": {"type": "Point", "coordinates": [-71.59677, -33.11235]}, "properties": {"id": "FES-0033", "coleccion": "festivales", "nombre": "CIMAC — Congreso Internacional de Malabarismo y Artes Circenses", "comuna": "valparaiso", "comuna_nombre": "Valparaíso", "provincia": "valparaiso", "estado": "PARCIAL", "geo_precision": "commune_centroid", "geo_base": "comuna"}}, {"type": "Feature", "geometry": {"type": "Point", "coordinates": [-71.40187, -33.12277]}, "properties": {"id": "FES-0034", "coleccion": "festivales", "nombre": "Festival Danza Quilpué Danza", "comuna": "quilpue", "comuna_nombre": "Quilpué", "provincia": "marga-marga", "estado": "PARCIAL", "geo_precision": "commune_centroid", "geo_base": "comuna"}}, {"type": "Feature", "geometry": {"type": "Point", "coordinates": [-71.59677, -33.11235]}, "properties": {"id": "FES-0036", "coleccion": "festivales", "nombre": "Festival de artes escénicas en escaleras, Valparaíso", "comuna": "valparaiso", "comuna_nombre": "Valparaíso", "provincia": "valparaiso", "estado": "PARCIAL", "geo_precision": "commune_centroid", "geo_base": "comuna"}}, {"type": "Feature", "geometry": {"type": "Point", "coordinates": [-71.59677, -33.11235]}, "properties": {"id": "FES-0037", "coleccion": "festivales", "nombre": "Paraísos Creativos — Encuentro de Educación Artística comprometida con las jóvenes audiencias", "comuna": "valparaiso", "comuna_nombre": "Valparaíso", "provincia": "valparaiso", "estado": "PARCIAL", "geo_precision": "commune_centroid", "geo_base": "comuna"}}, {"type": "Feature", "geometry": {"type": "Point", "coordinates": [-70.5095, -32.47128]}, "properties": {"id": "FES-0039", "coleccion": "festivales", "nombre": "FESTIGOC — Festival Estudiantil de Teatro Escuela Gastón Ormazábal Cabrera", "comuna": "putaendo", "comuna_nombre": "Putaendo", "provincia": "san-felipe-de-aconcagua", "estado": "PARCIAL", "geo_precision": "commune_centroid", "geo_base": "comuna"}}, {"type": "Feature", "geometry": {"type": "Point", "coordinates": [-71.33373, -32.58918]}, "properties": {"id": "FES-0040", "coleccion": "festivales", "nombre": "Culto — Quincena Cultural de Zapallar", "comuna": "zapallar", "comuna_nombre": "Zapallar", "provincia": "petorca", "estado": "PARCIAL", "geo_precision": "commune_centroid", "geo_base": "comuna"}}, {"type": "Feature", "geometry": {"type": "Point", "coordinates": [-71.27196, -32.90443]}, "properties": {"id": "FES-0041", "coleccion": "festivales", "nombre": "Ciclo de Teatro Familiar de Quillota", "comuna": "quillota", "comuna_nombre": "Quillota", "provincia": "quillota", "estado": "PARCIAL", "geo_precision": "commune_centroid", "geo_base": "comuna"}}, {"type": "Feature", "geometry": {"type": "Point", "coordinates": [-70.23155, -32.96633]}, "properties": {"id": "FES-0043", "coleccion": "festivales", "nombre": "Festival Nacional de Danza de Los Andes", "comuna": "los-andes", "comuna_nombre": "Los Andes", "provincia": "los-andes", "estado": "PARCIAL", "geo_precision": "commune_centroid", "geo_base": "comuna"}}, {"type": "Feature", "geometry": {"type": "Point", "coordinates": [-71.22527, -32.82492]}, "properties": {"id": "FES-0044", "coleccion": "festivales", "nombre": "Ciclo de teatro municipal de La Cruz", "comuna": "la-cruz", "comuna_nombre": "La Cruz", "provincia": "quillota", "estado": "PARCIAL", "geo_precision": "commune_centroid", "geo_base": "comuna"}}, {"type": "Feature", "geometry": {"type": "Point", "coordinates": [-70.79848, -32.70383]}, "properties": {"id": "FES-0045", "coleccion": "festivales", "nombre": "Ciclo Teatro Infantil del Teatro Municipal de San Felipe", "comuna": "san-felipe", "comuna_nombre": "San Felipe", "provincia": "san-felipe-de-aconcagua", "estado": "PARCIAL", "geo_precision": "commune_centroid", "geo_base": "comuna"}}, {"type": "Feature", "geometry": {"type": "Point", "coordinates": [-71.59677, -33.11235]}, "properties": {"id": "FES-0046", "coleccion": "festivales", "nombre": "Festival Síntesis Teatral", "comuna": "valparaiso", "comuna_nombre": "Valparaíso", "provincia": "valparaiso", "estado": "PARCIAL", "geo_precision": "commune_centroid", "geo_base": "comuna"}}, {"type": "Feature", "geometry": {"type": "Point", "coordinates": [-71.50157, -33.66255]}, "properties": {"id": "FUN-0001", "coleccion": "funciones", "nombre": "Ánimas de día claro", "comuna": "san-antonio", "comuna_nombre": "San Antonio", "provincia": "san-antonio", "estado": "VERIFICADO", "geo_precision": "commune_centroid", "geo_base": "comuna", "fecha": "2026-09-05", "compania": "NO ENCONTRADO", "espacio": "Centro Cultural San Antonio"}}, {"type": "Feature", "geometry": {"type": "Point", "coordinates": [-71.50157, -33.66255]}, "properties": {"id": "FUN-0002", "coleccion": "funciones", "nombre": "Circo con Saltimbanqui Circus", "comuna": "san-antonio", "comuna_nombre": "San Antonio", "provincia": "san-antonio", "estado": "VERIFICADO", "geo_precision": "commune_centroid", "geo_base": "comuna", "fecha": "2026-09-26", "compania": "NO ENCONTRADO", "espacio": "Centro Cultural San Antonio"}}, {"type": "Feature", "geometry": {"type": "Point", "coordinates": [-71.50157, -33.66255]}, "properties": {"id": "FUN-0003", "coleccion": "funciones", "nombre": "Circo con Saltimbanqui Circus", "comuna": "san-antonio", "comuna_nombre": "San Antonio", "provincia": "san-antonio", "estado": "VERIFICADO", "geo_precision": "commune_centroid", "geo_base": "comuna", "fecha": "2026-09-26", "compania": "NO ENCONTRADO", "espacio": "Centro Cultural San Antonio"}}, {"type": "Feature", "geometry": {"type": "Point", "coordinates": [-71.59677, -33.11235]}, "properties": {"id": "FUN-0004", "coleccion": "funciones", "nombre": "El gran circo imaginario", "comuna": "valparaiso", "comuna_nombre": "Valparaíso", "provincia": "valparaiso", "estado": "VERIFICADO", "geo_precision": "commune_centroid", "geo_base": "comuna", "fecha": "2026-09-13", "compania": "NO ENCONTRADO", "espacio": "Fundación Teatromuseo del Títere y el Payaso"}}, {"type": "Feature", "geometry": {"type": "Point", "coordinates": [-71.59677, -33.11235]}, "properties": {"id": "FUN-0005", "coleccion": "funciones", "nombre": "En este instante", "comuna": "valparaiso", "comuna_nombre": "Valparaíso", "provincia": "valparaiso", "estado": "VERIFICADO", "geo_precision": "commune_centroid", "geo_base": "comuna", "fecha": "2026-09-06", "compania": "NO ENCONTRADO", "espacio": "Fundación Teatromuseo del Títere y el Payaso"}}, {"type": "Feature", "geometry": {"type": "Point", "coordinates": [-71.59677, -33.11235]}, "properties": {"id": "FUN-0006", "coleccion": "funciones", "nombre": "Sola", "comuna": "valparaiso", "comuna_nombre": "Valparaíso", "provincia": "valparaiso", "estado": "VERIFICADO", "geo_precision": "commune_centroid", "geo_base": "comuna", "fecha": "2026-09-05", "compania": "NO ENCONTRADO", "espacio": "Fundación Teatromuseo del Títere y el Payaso"}}, {"type": "Feature", "geometry": {"type": "Point", "coordinates": [-71.59677, -33.11235]}, "properties": {"id": "FUN-0007", "coleccion": "funciones", "nombre": "Error", "comuna": "valparaiso", "comuna_nombre": "Valparaíso", "provincia": "valparaiso", "estado": "PARCIAL", "geo_precision": "commune_centroid", "geo_base": "comuna", "fecha": "2025-05-05", "compania": "Centro de Investigación Teatro La Peste", "espacio": "Mikroespacio"}}, {"type": "Feature", "geometry": {"type": "Point", "coordinates": [-71.59677, -33.11235]}, "properties": {"id": "FUN-0008", "coleccion": "funciones", "nombre": "Repertorio para habitar la soledad", "comuna": "valparaiso", "comuna_nombre": "Valparaíso", "provincia": "valparaiso", "estado": "PARCIAL", "geo_precision": "commune_centroid", "geo_base": "comuna", "fecha": "2025-05-06", "compania": "Cooperativa de Artes Escénicas de Valparaíso", "espacio": "Espacio Catarsis"}}, {"type": "Feature", "geometry": {"type": "Point", "coordinates": [-71.59677, -33.11235]}, "properties": {"id": "FUN-0009", "coleccion": "funciones", "nombre": "Hipodérmica", "comuna": "valparaiso", "comuna_nombre": "Valparaíso", "provincia": "valparaiso", "estado": "PARCIAL", "geo_precision": "commune_centroid", "geo_base": "comuna", "fecha": "2025-05-06", "compania": "Astillero Teatro", "espacio": "Centro Cultural IPA"}}, {"type": "Feature", "geometry": {"type": "Point", "coordinates": [-71.59677, -33.11235]}, "properties": {"id": "FUN-0010", "coleccion": "funciones", "nombre": "Anku", "comuna": "valparaiso", "comuna_nombre": "Valparaíso", "provincia": "valparaiso", "estado": "PARCIAL", "geo_precision": "commune_centroid", "geo_base": "comuna", "fecha": "2025-05-09", "compania": "Teatro ILUcIÓN", "espacio": "Centex — Centro de Extensión del Ministerio de las Culturas"}}, {"type": "Feature", "geometry": {"type": "Point", "coordinates": [-71.59677, -33.11235]}, "properties": {"id": "FUN-0011", "coleccion": "funciones", "nombre": "Amada Gayshá", "comuna": "valparaiso", "comuna_nombre": "Valparaíso", "provincia": "valparaiso", "estado": "PARCIAL", "geo_precision": "commune_centroid", "geo_base": "comuna", "fecha": "2025-05-09", "compania": "Teatro Desastre", "espacio": "Carpa Azul Circo"}}, {"type": "Feature", "geometry": {"type": "Point", "coordinates": [-71.59677, -33.11235]}, "properties": {"id": "FUN-0012", "coleccion": "funciones", "nombre": "Fofi el cachorro", "comuna": "valparaiso", "comuna_nombre": "Valparaíso", "provincia": "valparaiso", "estado": "PARCIAL", "geo_precision": "commune_centroid", "geo_base": "comuna", "fecha": "2025-05-10", "compania": "La Bayka", "espacio": "Centro Comunitario Las Cañas"}}, {"type": "Feature", "geometry": {"type": "Point", "coordinates": [-71.59677, -33.11235]}, "properties": {"id": "FUN-0013", "coleccion": "funciones", "nombre": "Disparate Circo Rock", "comuna": "valparaiso", "comuna_nombre": "Valparaíso", "provincia": "valparaiso", "estado": "PARCIAL", "geo_precision": "commune_centroid", "geo_base": "comuna", "fecha": "2025-05-10", "compania": "Disparate Circo", "espacio": "CECO de Rodelillo"}}, {"type": "Feature", "geometry": {"type": "Point", "coordinates": [-71.59677, -33.11235]}, "properties": {"id": "FUN-0014", "coleccion": "funciones", "nombre": "Extraño ser", "comuna": "valparaiso", "comuna_nombre": "Valparaíso", "provincia": "valparaiso", "estado": "PARCIAL", "geo_precision": "commune_centroid", "geo_base": "comuna", "fecha": "2025-05-11", "compania": "Teatro del Instinto", "espacio": "Cancha Población Márquez"}}, {"type": "Feature", "geometry": {"type": "Point", "coordinates": [-71.59677, -33.11235]}, "properties": {"id": "FUN-0015", "coleccion": "funciones", "nombre": "La Señorita Julia", "comuna": "valparaiso", "comuna_nombre": "Valparaíso", "provincia": "valparaiso", "estado": "DESCUBIERTO", "geo_precision": "commune_centroid", "geo_base": "comuna", "fecha": "2026-08-27", "compania": "NO ENCONTRADO", "espacio": "Sala de Artes Escénicas Universidad de Playa Ancha"}}, {"type": "Feature", "geometry": {"type": "Point", "coordinates": [-71.59677, -33.11235]}, "properties": {"id": "FUN-0016", "coleccion": "funciones", "nombre": "Cuestión de Ubicación", "comuna": "valparaiso", "comuna_nombre": "Valparaíso", "provincia": "valparaiso", "estado": "DESCUBIERTO", "geo_precision": "commune_centroid", "geo_base": "comuna", "fecha": "2026-09-24", "compania": "Teatro ILUcIÓN", "espacio": "Centro Cultural IPA"}}, {"type": "Feature", "geometry": {"type": "Point", "coordinates": [-71.59677, -33.11235]}, "properties": {"id": "FUN-0017", "coleccion": "funciones", "nombre": "Prácticas para un mal dormir", "comuna": "valparaiso", "comuna_nombre": "Valparaíso", "provincia": "valparaiso", "estado": "PARCIAL", "geo_precision": "commune_centroid", "geo_base": "comuna", "fecha": "2026-05-09", "compania": "Colectivx Escénicx Urgente Delirio", "espacio": "Valparaíso Profundo"}}, {"type": "Feature", "geometry": {"type": "Point", "coordinates": [-71.59677, -33.11235]}, "properties": {"id": "FUN-0018", "coleccion": "funciones", "nombre": "Prácticas para un mal dormir", "comuna": "valparaiso", "comuna_nombre": "Valparaíso", "provincia": "valparaiso", "estado": "PARCIAL", "geo_precision": "commune_centroid", "geo_base": "comuna", "fecha": "2026-05-09", "compania": "Colectivx Escénicx Urgente Delirio", "espacio": "Valparaíso Profundo"}}, {"type": "Feature", "geometry": {"type": "Point", "coordinates": [-71.59677, -33.11235]}, "properties": {"id": "FUN-0019", "coleccion": "funciones", "nombre": "Tertulias para tomar té: cuando la abuela se perdió y los insectos salieron a buscarla", "comuna": "valparaiso", "comuna_nombre": "Valparaíso", "provincia": "valparaiso", "estado": "PARCIAL", "geo_precision": "commune_centroid", "geo_base": "comuna", "fecha": "2026-05-11", "compania": "MikroEspacio Creativo", "espacio": "Mercado Puerto"}}, {"type": "Feature", "geometry": {"type": "Point", "coordinates": [-71.59677, -33.11235]}, "properties": {"id": "FUN-0020", "coleccion": "funciones", "nombre": "Imaginaria", "comuna": "valparaiso", "comuna_nombre": "Valparaíso", "provincia": "valparaiso", "estado": "PARCIAL", "geo_precision": "commune_centroid", "geo_base": "comuna", "fecha": "2026-05-13", "compania": "Organización Comunitaria Artística Cultural y Deportiva La Coraje", "espacio": "Liceo Pedro Montt"}}, {"type": "Feature", "geometry": {"type": "Point", "coordinates": [-71.59677, -33.11235]}, "properties": {"id": "FUN-0021", "coleccion": "funciones", "nombre": "Caleu", "comuna": "valparaiso", "comuna_nombre": "Valparaíso", "provincia": "valparaiso", "estado": "PARCIAL", "geo_precision": "commune_centroid", "geo_base": "comuna", "fecha": "2026-05-15", "compania": "Teatro ILUcIÓN", "espacio": "Espacio Comunitario Santa Ana"}}, {"type": "Feature", "geometry": {"type": "Point", "coordinates": [-71.59677, -33.11235]}, "properties": {"id": "FUN-0022", "coleccion": "funciones", "nombre": "Esto es un teatro", "comuna": "valparaiso", "comuna_nombre": "Valparaíso", "provincia": "valparaiso", "estado": "PARCIAL", "geo_precision": "commune_centroid", "geo_base": "comuna", "fecha": "2026-05-15", "compania": "Espacio Ané", "espacio": "CEAC"}}, {"type": "Feature", "geometry": {"type": "Point", "coordinates": [-71.59677, -33.11235]}, "properties": {"id": "FUN-0023", "coleccion": "funciones", "nombre": "Esto es un teatro", "comuna": "valparaiso", "comuna_nombre": "Valparaíso", "provincia": "valparaiso", "estado": "PARCIAL", "geo_precision": "commune_centroid", "geo_base": "comuna", "fecha": "2026-05-16", "compania": "Espacio Ané", "espacio": "CEAC"}}, {"type": "Feature", "geometry": {"type": "Point", "coordinates": [-71.59677, -33.11235]}, "properties": {"id": "FUN-0024", "coleccion": "funciones", "nombre": "Vuela", "comuna": "valparaiso", "comuna_nombre": "Valparaíso", "provincia": "valparaiso", "estado": "PARCIAL", "geo_precision": "commune_centroid", "geo_base": "comuna", "fecha": "2026-05-17", "compania": "Teatro La Washa", "espacio": "Centro Comunitario Las Cañas"}}, {"type": "Feature", "geometry": {"type": "Point", "coordinates": [-71.59677, -33.11235]}, "properties": {"id": "FUN-0025", "coleccion": "funciones", "nombre": "Inextinguible", "comuna": "valparaiso", "comuna_nombre": "Valparaíso", "provincia": "valparaiso", "estado": "PARCIAL", "geo_precision": "commune_centroid", "geo_base": "comuna", "fecha": "2026-05-20", "compania": "Colaboraciones en Distancia", "espacio": "Centro Cultural IPA"}}, {"type": "Feature", "geometry": {"type": "Point", "coordinates": [-71.59677, -33.11235]}, "properties": {"id": "FUN-0026", "coleccion": "funciones", "nombre": "Casa", "comuna": "valparaiso", "comuna_nombre": "Valparaíso", "provincia": "valparaiso", "estado": "PARCIAL", "geo_precision": "commune_centroid", "geo_base": "comuna", "fecha": "2026-05-21", "compania": "Teatro Desastre", "espacio": "Casa Centro de Investigación Teatro La Peste"}}, {"type": "Feature", "geometry": {"type": "Point", "coordinates": [-71.59677, -33.11235]}, "properties": {"id": "FUN-0027", "coleccion": "funciones", "nombre": "Intoxicadas", "comuna": "valparaiso", "comuna_nombre": "Valparaíso", "provincia": "valparaiso", "estado": "PARCIAL", "geo_precision": "commune_centroid", "geo_base": "comuna", "fecha": "2026-05-23", "compania": "Compañía En Paños Menores", "espacio": "Sala de Artes Escénicas Rodelillo"}}, {"type": "Feature", "geometry": {"type": "Point", "coordinates": [-71.59677, -33.11235]}, "properties": {"id": "FUN-0028", "coleccion": "funciones", "nombre": "Intoxicadas", "comuna": "valparaiso", "comuna_nombre": "Valparaíso", "provincia": "valparaiso", "estado": "PARCIAL", "geo_precision": "commune_centroid", "geo_base": "comuna", "fecha": "2026-05-24", "compania": "Compañía En Paños Menores", "espacio": "Sala de Artes Escénicas Rodelillo"}}, {"type": "Feature", "geometry": {"type": "Point", "coordinates": [-71.51962, -33.02621]}, "properties": {"id": "FUN-0029", "coleccion": "funciones", "nombre": "Koreto, la magia continúa", "comuna": "vina-del-mar", "comuna_nombre": "Viña del Mar", "provincia": "valparaiso", "estado": "PARCIAL", "geo_precision": "commune_centroid", "geo_base": "comuna", "fecha": "2026-09-01", "compania": "NO ENCONTRADO", "espacio": "Teatro Municipal de Viña del Mar"}}, {"type": "Feature", "geometry": {"type": "Point", "coordinates": [-71.51962, -33.02621]}, "properties": {"id": "FUN-0030", "coleccion": "funciones", "nombre": "Voces", "comuna": "vina-del-mar", "comuna_nombre": "Viña del Mar", "provincia": "valparaiso", "estado": "PARCIAL", "geo_precision": "commune_centroid", "geo_base": "comuna", "fecha": "2026-09-12", "compania": "NO ENCONTRADO", "espacio": "Teatro Municipal de Viña del Mar"}}, {"type": "Feature", "geometry": {"type": "Point", "coordinates": [-71.59677, -33.11235]}, "properties": {"id": "FUN-0031", "coleccion": "funciones", "nombre": "Terrapolis", "comuna": "valparaiso", "comuna_nombre": "Valparaíso", "provincia": "valparaiso", "estado": "PARCIAL", "geo_precision": "commune_centroid", "geo_base": "comuna", "fecha": "2025-07-31", "compania": "Abisal", "espacio": "Sala Insomnia Teatro Condell"}}, {"type": "Feature", "geometry": {"type": "Point", "coordinates": [-71.47294, -32.84208]}, "properties": {"id": "FUN-0032", "coleccion": "funciones", "nombre": "Terrapolis", "comuna": "quintero", "comuna_nombre": "Quintero", "provincia": "valparaiso", "estado": "PARCIAL", "geo_precision": "commune_centroid", "geo_base": "comuna", "fecha": "2025-08-02", "compania": "Abisal", "espacio": "Casino de funcionarios de la Biblioteca Municipal de Quintero"}}, {"type": "Feature", "geometry": {"type": "Point", "coordinates": [-71.50157, -33.66255]}, "properties": {"id": "FUN-0033", "coleccion": "funciones", "nombre": "Terrapolis", "comuna": "san-antonio", "comuna_nombre": "San Antonio", "provincia": "san-antonio", "estado": "PARCIAL", "geo_precision": "commune_centroid", "geo_base": "comuna", "fecha": "2025-08-06", "compania": "Abisal", "espacio": "Centro Cultural San Antonio"}}, {"type": "Feature", "geometry": {"type": "Point", "coordinates": [-71.66759, -33.41996]}, "properties": {"id": "FUN-0034", "coleccion": "funciones", "nombre": "Terrapolis", "comuna": "el-quisco", "comuna_nombre": "El Quisco", "provincia": "san-antonio", "estado": "PARCIAL", "geo_precision": "commune_centroid", "geo_base": "comuna", "fecha": "2025-08-12", "compania": "Abisal", "espacio": "Centro Cultural Camilo Mori"}}, {"type": "Feature", "geometry": {"type": "Point", "coordinates": [-70.5095, -32.47128]}, "properties": {"id": "FUN-0035", "coleccion": "funciones", "nombre": "La Plaza", "comuna": "putaendo", "comuna_nombre": "Putaendo", "provincia": "san-felipe-de-aconcagua", "estado": "PARCIAL", "geo_precision": "commune_centroid", "geo_base": "comuna", "fecha": "2021-03-12", "compania": "Compañía Moviendo Hilos", "espacio": "Escuela María Leiva de Las Coimas"}}, {"type": "Feature", "geometry": {"type": "Point", "coordinates": [-71.19764, -32.78942]}, "properties": {"id": "FUN-0036", "coleccion": "funciones", "nombre": "NO ENCONTRADO", "comuna": "la-calera", "comuna_nombre": "La Calera", "provincia": "quillota", "estado": "PARCIAL", "geo_precision": "commune_centroid", "geo_base": "comuna", "fecha": "2026-09-05", "compania": "Compañía de Teatro Experimental La Sutil", "espacio": "Centro Cultural de La Calera"}}, {"type": "Feature", "geometry": {"type": "Point", "coordinates": [-71.27196, -32.90443]}, "properties": {"id": "FUN-0037", "coleccion": "funciones", "nombre": "El Viaje de los Caracoles", "comuna": "quillota", "comuna_nombre": "Quillota", "provincia": "quillota", "estado": "PARCIAL", "geo_precision": "commune_centroid", "geo_base": "comuna", "fecha": "2019-07-18", "compania": "Teatro Ánima", "espacio": "Centro Cultural Leopoldo Silva Reynoard"}}, {"type": "Feature", "geometry": {"type": "Point", "coordinates": [-71.27196, -32.90443]}, "properties": {"id": "FUN-0038", "coleccion": "funciones", "nombre": "El Principito", "comuna": "quillota", "comuna_nombre": "Quillota", "provincia": "quillota", "estado": "PARCIAL", "geo_precision": "commune_centroid", "geo_base": "comuna", "fecha": "2019-07-18", "compania": "Teatro AlmaZen", "espacio": "Centro Cultural Leopoldo Silva Reynoard"}}, {"type": "Feature", "geometry": {"type": "Point", "coordinates": [-71.27196, -32.90443]}, "properties": {"id": "FUN-0039", "coleccion": "funciones", "nombre": "Tico y la Piedra Mágica", "comuna": "quillota", "comuna_nombre": "Quillota", "provincia": "quillota", "estado": "PARCIAL", "geo_precision": "commune_centroid", "geo_base": "comuna", "fecha": "2019-07-18", "compania": "Proyectico Títeres Educativos", "espacio": "Centro Cultural Leopoldo Silva Reynoard"}}, {"type": "Feature", "geometry": {"type": "Point", "coordinates": [-71.27196, -32.90443]}, "properties": {"id": "FUN-0040", "coleccion": "funciones", "nombre": "Día de Mierclown", "comuna": "quillota", "comuna_nombre": "Quillota", "provincia": "quillota", "estado": "PARCIAL", "geo_precision": "commune_centroid", "geo_base": "comuna", "fecha": "2019-07-18", "compania": "Cía. Manga de Fracasados", "espacio": "Centro Cultural Leopoldo Silva Reynoard"}}, {"type": "Feature", "geometry": {"type": "Point", "coordinates": [-71.27196, -32.90443]}, "properties": {"id": "FUN-0041", "coleccion": "funciones", "nombre": "Artículo 161", "comuna": "quillota", "comuna_nombre": "Quillota", "provincia": "quillota", "estado": "PARCIAL", "geo_precision": "commune_centroid", "geo_base": "comuna", "fecha": "2026-09-08", "compania": "NO ENCONTRADO", "espacio": "Teatro Rodolfo Bravo del Centro Cultural Municipal Leopoldo Silva Reynoard"}}, {"type": "Feature", "geometry": {"type": "Point", "coordinates": [-70.70874, -32.86714]}, "properties": {"id": "FUN-0042", "coleccion": "funciones", "nombre": "Alas de fuego", "comuna": "rinconada", "comuna_nombre": "Rinconada", "provincia": "los-andes", "estado": "PARCIAL", "geo_precision": "commune_centroid", "geo_base": "comuna", "fecha": "2016-01-24", "compania": "Teatro Profesional Onirus", "espacio": "NO ENCONTRADO"}}, {"type": "Feature", "geometry": {"type": "Point", "coordinates": [-71.27196, -32.90443]}, "properties": {"id": "FUN-0043", "coleccion": "funciones", "nombre": "El motín contra Portales", "comuna": "quillota", "comuna_nombre": "Quillota", "provincia": "quillota", "estado": "PARCIAL", "geo_precision": "commune_centroid", "geo_base": "comuna", "fecha": "2025-07-12", "compania": "NO ENCONTRADO", "espacio": "NO ENCONTRADO"}}, {"type": "Feature", "geometry": {"type": "Point", "coordinates": [-71.27196, -32.90443]}, "properties": {"id": "FUN-0044", "coleccion": "funciones", "nombre": "El motín contra Portales", "comuna": "quillota", "comuna_nombre": "Quillota", "provincia": "quillota", "estado": "PARCIAL", "geo_precision": "commune_centroid", "geo_base": "comuna", "fecha": "2025-07-14", "compania": "NO ENCONTRADO", "espacio": "Colegio Canadá de Quillota"}}, {"type": "Feature", "geometry": {"type": "Point", "coordinates": [-70.23155, -32.96633]}, "properties": {"id": "FUN-0045", "coleccion": "funciones", "nombre": "El Invitado", "comuna": "los-andes", "comuna_nombre": "Los Andes", "provincia": "los-andes", "estado": "PARCIAL", "geo_precision": "commune_centroid", "geo_base": "comuna", "fecha": "2022-03-30", "compania": "NO ENCONTRADO", "espacio": "Centro Cultural de Los Andes"}}, {"type": "Feature", "geometry": {"type": "Point", "coordinates": [-70.79848, -32.70383]}, "properties": {"id": "FUN-0046", "coleccion": "funciones", "nombre": "Planeta Alegría", "comuna": "san-felipe", "comuna_nombre": "San Felipe", "provincia": "san-felipe-de-aconcagua", "estado": "PARCIAL", "geo_precision": "commune_centroid", "geo_base": "comuna", "fecha": "2026-06-26", "compania": "NO ENCONTRADO", "espacio": "Teatro Municipal de San Felipe"}}, {"type": "Feature", "geometry": {"type": "Point", "coordinates": [-70.79848, -32.70383]}, "properties": {"id": "FUN-0047", "coleccion": "funciones", "nombre": "Aladino", "comuna": "san-felipe", "comuna_nombre": "San Felipe", "provincia": "san-felipe-de-aconcagua", "estado": "PARCIAL", "geo_precision": "commune_centroid", "geo_base": "comuna", "fecha": "2018-08-25", "compania": "NO ENCONTRADO", "espacio": "Teatro Municipal de San Felipe"}}, {"type": "Feature", "geometry": {"type": "Point", "coordinates": [-71.51962, -33.02621]}, "properties": {"id": "FUN-0048", "coleccion": "funciones", "nombre": "El Húsar de la Muerte", "comuna": "vina-del-mar", "comuna_nombre": "Viña del Mar", "provincia": "valparaiso", "estado": "PARCIAL", "geo_precision": "commune_centroid", "geo_base": "comuna", "fecha": "2025-09-30", "compania": "NO ENCONTRADO", "espacio": "Teatro Municipal de Viña del Mar"}}, {"type": "Feature", "geometry": {"type": "Point", "coordinates": [-71.50157, -33.66255]}, "properties": {"id": "FUN-0049", "coleccion": "funciones", "nombre": "La Tendalá", "comuna": "san-antonio", "comuna_nombre": "San Antonio", "provincia": "san-antonio", "estado": "PARCIAL", "geo_precision": "commune_centroid", "geo_base": "comuna", "fecha": "2026-04-19", "compania": "Cooperativa de Artes Escénicas de Valparaíso", "espacio": "Centro Cultural San Antonio"}}, {"type": "Feature", "geometry": {"type": "Point", "coordinates": [-71.50157, -33.66255]}, "properties": {"id": "FUN-0050", "coleccion": "funciones", "nombre": "Monumentos", "comuna": "san-antonio", "comuna_nombre": "San Antonio", "provincia": "san-antonio", "estado": "PARCIAL", "geo_precision": "commune_centroid", "geo_base": "comuna", "fecha": "2026-04-25", "compania": "Colectivo interdisciplinario Musgo", "espacio": "Centro Cultural San Antonio"}}, {"type": "Feature", "geometry": {"type": "Point", "coordinates": [-71.50157, -33.66255]}, "properties": {"id": "FUN-0051", "coleccion": "funciones", "nombre": "NO ENCONTRADO", "comuna": "san-antonio", "comuna_nombre": "San Antonio", "provincia": "san-antonio", "estado": "PARCIAL", "geo_precision": "commune_centroid", "geo_base": "comuna", "fecha": "2026-04-26", "compania": "Saltimbanqui Circus", "espacio": "Junta de Vecinos San Juan de Llolleo"}}, {"type": "Feature", "geometry": {"type": "Point", "coordinates": [-71.50157, -33.66255]}, "properties": {"id": "FUN-0052", "coleccion": "funciones", "nombre": "La Reina Isabel cantaba rancheras", "comuna": "san-antonio", "comuna_nombre": "San Antonio", "provincia": "san-antonio", "estado": "PARCIAL", "geo_precision": "commune_centroid", "geo_base": "comuna", "fecha": "2026-04-12", "compania": "NO ENCONTRADO", "espacio": "Centro Cultural San Antonio"}}, {"type": "Feature", "geometry": {"type": "Point", "coordinates": [-70.79848, -32.70383]}, "properties": {"id": "FUN-0053", "coleccion": "funciones", "nombre": "Fábulas fabulosas", "comuna": "san-felipe", "comuna_nombre": "San Felipe", "provincia": "san-felipe-de-aconcagua", "estado": "PARCIAL", "geo_precision": "commune_centroid", "geo_base": "comuna", "fecha": "2022-10-22", "compania": "NO ENCONTRADO", "espacio": "Teatro Municipal de San Felipe"}}, {"type": "Feature", "geometry": {"type": "Point", "coordinates": [-71.42142, -33.31574]}, "properties": {"id": "FUN-0054", "coleccion": "funciones", "nombre": "NO ENCONTRADO", "comuna": "casablanca", "comuna_nombre": "Casablanca", "provincia": "valparaiso", "estado": "PARCIAL", "geo_precision": "commune_centroid", "geo_base": "comuna", "fecha": "2025-01-17", "compania": "NO ENCONTRADO", "espacio": "Teatro Municipal de Casablanca"}}, {"type": "Feature", "geometry": {"type": "Point", "coordinates": [-71.42142, -33.31574]}, "properties": {"id": "FUN-0055", "coleccion": "funciones", "nombre": "NO ENCONTRADO", "comuna": "casablanca", "comuna_nombre": "Casablanca", "provincia": "valparaiso", "estado": "PARCIAL", "geo_precision": "commune_centroid", "geo_base": "comuna", "fecha": "2025-01-20", "compania": "NO ENCONTRADO", "espacio": "Centro Cultural de Casablanca"}}, {"type": "Feature", "geometry": {"type": "Point", "coordinates": [-71.42142, -33.31574]}, "properties": {"id": "FUN-0056", "coleccion": "funciones", "nombre": "NO ENCONTRADO", "comuna": "casablanca", "comuna_nombre": "Casablanca", "provincia": "valparaiso", "estado": "PARCIAL", "geo_precision": "commune_centroid", "geo_base": "comuna", "fecha": "2025-01-21", "compania": "NO ENCONTRADO", "espacio": "Teatro Municipal de Casablanca"}}, {"type": "Feature", "geometry": {"type": "Point", "coordinates": [-71.33065, -33.07372]}, "properties": {"id": "FUN-0057", "coleccion": "funciones", "nombre": "El tiempo no espera. Monólogos del adulto mayor", "comuna": "villa-alemana", "comuna_nombre": "Villa Alemana", "provincia": "marga-marga", "estado": "PARCIAL", "geo_precision": "commune_centroid", "geo_base": "comuna", "fecha": "2025-04-10", "compania": "Julieta y Compañía", "espacio": "Centro Cultural Gabriela Mistral"}}, {"type": "Feature", "geometry": {"type": "Point", "coordinates": [-71.27196, -32.90443]}, "properties": {"id": "FUN-0058", "coleccion": "funciones", "nombre": "El tiempo no espera. Monólogos del adulto mayor", "comuna": "quillota", "comuna_nombre": "Quillota", "provincia": "quillota", "estado": "PARCIAL", "geo_precision": "commune_centroid", "geo_base": "comuna", "fecha": "2025-05-29", "compania": "Julieta y Compañía", "espacio": "NO ENCONTRADO"}}, {"type": "Feature", "geometry": {"type": "Point", "coordinates": [-71.40187, -33.12277]}, "properties": {"id": "FUN-0059", "coleccion": "funciones", "nombre": "El tiempo no espera. Monólogos del adulto mayor", "comuna": "quilpue", "comuna_nombre": "Quilpué", "provincia": "marga-marga", "estado": "PARCIAL", "geo_precision": "commune_centroid", "geo_base": "comuna", "fecha": "2025-06-06", "compania": "Julieta y Compañía", "espacio": "NO ENCONTRADO"}}, {"type": "Feature", "geometry": {"type": "Point", "coordinates": [-71.59677, -33.11235]}, "properties": {"id": "FUN-0060", "coleccion": "funciones", "nombre": "El tiempo no espera. Monólogos del adulto mayor", "comuna": "valparaiso", "comuna_nombre": "Valparaíso", "provincia": "valparaiso", "estado": "PARCIAL", "geo_precision": "commune_centroid", "geo_base": "comuna", "fecha": "2025-06-28", "compania": "Julieta y Compañía", "espacio": "Valparaíso Profundo"}}, {"type": "Feature", "geometry": {"type": "Point", "coordinates": [-71.59677, -33.11235]}, "properties": {"id": "FUN-0061", "coleccion": "funciones", "nombre": "El tiempo no espera. Monólogos del adulto mayor", "comuna": "valparaiso", "comuna_nombre": "Valparaíso", "provincia": "valparaiso", "estado": "PARCIAL", "geo_precision": "commune_centroid", "geo_base": "comuna", "fecha": "2025-07-18", "compania": "Julieta y Compañía", "espacio": "Parque Cultural de Valparaíso"}}, {"type": "Feature", "geometry": {"type": "Point", "coordinates": [-71.59677, -33.11235]}, "properties": {"id": "FUN-0062", "coleccion": "funciones", "nombre": "El tiempo no espera. Monólogos del adulto mayor", "comuna": "valparaiso", "comuna_nombre": "Valparaíso", "provincia": "valparaiso", "estado": "PARCIAL", "geo_precision": "commune_centroid", "geo_base": "comuna", "fecha": "2025-08-07", "compania": "Julieta y Compañía", "espacio": "Teatro Municipal de Valparaíso"}}, {"type": "Feature", "geometry": {"type": "Point", "coordinates": [-71.46726, -32.95154]}, "properties": {"id": "FUN-0063", "coleccion": "funciones", "nombre": "Concón el Regreso", "comuna": "concon", "comuna_nombre": "Concón", "provincia": "valparaiso", "estado": "DESCUBIERTO", "geo_precision": "commune_centroid", "geo_base": "comuna", "fecha": "2024-01-13", "compania": "Ucronia Teatral", "espacio": "Patio de los Copihues — Iglesia Nuestra Señora de Las Mercedes"}}, {"type": "Feature", "geometry": {"type": "Point", "coordinates": [-71.59677, -33.11235]}, "properties": {"id": "FUN-0064", "coleccion": "funciones", "nombre": "FUSIS", "comuna": "valparaiso", "comuna_nombre": "Valparaíso", "provincia": "valparaiso", "estado": "PARCIAL", "geo_precision": "commune_centroid", "geo_base": "comuna", "fecha": "2022-05-12", "compania": "NO ENCONTRADO", "espacio": "Parque Cultural de Valparaíso"}}, {"type": "Feature", "geometry": {"type": "Point", "coordinates": [-71.59677, -33.11235]}, "properties": {"id": "FUN-0065", "coleccion": "funciones", "nombre": "Contrapunto para dos voces cansadas", "comuna": "valparaiso", "comuna_nombre": "Valparaíso", "provincia": "valparaiso", "estado": "PARCIAL", "geo_precision": "commune_centroid", "geo_base": "comuna", "fecha": "2022-05-13", "compania": "Experimento Pierrot", "espacio": "Parque Cultural de Valparaíso"}}, {"type": "Feature", "geometry": {"type": "Point", "coordinates": [-71.59677, -33.11235]}, "properties": {"id": "FUN-0066", "coleccion": "funciones", "nombre": "Cabaret (Aníbal Gaete)", "comuna": "valparaiso", "comuna_nombre": "Valparaíso", "provincia": "valparaiso", "estado": "PARCIAL", "geo_precision": "commune_centroid", "geo_base": "comuna", "fecha": "2022-05-14", "compania": "NO ENCONTRADO", "espacio": "Parque Cultural de Valparaíso"}}, {"type": "Feature", "geometry": {"type": "Point", "coordinates": [-71.59677, -33.11235]}, "properties": {"id": "FUN-0067", "coleccion": "funciones", "nombre": "Yo soy un oso", "comuna": "valparaiso", "comuna_nombre": "Valparaíso", "provincia": "valparaiso", "estado": "PARCIAL", "geo_precision": "commune_centroid", "geo_base": "comuna", "fecha": "2022-05-15", "compania": "Fundación OANI de Teatro", "espacio": "Parque Cultural de Valparaíso"}}, {"type": "Feature", "geometry": {"type": "Point", "coordinates": [-71.59677, -33.11235]}, "properties": {"id": "FUN-0068", "coleccion": "funciones", "nombre": "Yo soy un oso", "comuna": "valparaiso", "comuna_nombre": "Valparaíso", "provincia": "valparaiso", "estado": "PARCIAL", "geo_precision": "commune_centroid", "geo_base": "comuna", "fecha": "2022-05-15", "compania": "Fundación OANI de Teatro", "espacio": "Parque Cultural de Valparaíso"}}, {"type": "Feature", "geometry": {"type": "Point", "coordinates": [-71.59677, -33.11235]}, "properties": {"id": "FUN-0069", "coleccion": "funciones", "nombre": "Piaf en Rose", "comuna": "valparaiso", "comuna_nombre": "Valparaíso", "provincia": "valparaiso", "estado": "PARCIAL", "geo_precision": "commune_centroid", "geo_base": "comuna", "fecha": "2022-05-11", "compania": "NO ENCONTRADO", "espacio": "Centro Cultural IPA"}}, {"type": "Feature", "geometry": {"type": "Point", "coordinates": [-71.33065, -33.07372]}, "properties": {"id": "FUN-0070", "coleccion": "funciones", "nombre": "Vino por la causa", "comuna": "villa-alemana", "comuna_nombre": "Villa Alemana", "provincia": "marga-marga", "estado": "PARCIAL", "geo_precision": "commune_centroid", "geo_base": "comuna", "fecha": "2022-05-15", "compania": "Ankalli Artes Escénicas", "espacio": "Centro Cultural Gabriela Mistral"}}, {"type": "Feature", "geometry": {"type": "Point", "coordinates": [-71.59677, -33.11235]}, "properties": {"id": "FUN-0071", "coleccion": "funciones", "nombre": "En la puerta del horno se quema el pan", "comuna": "valparaiso", "comuna_nombre": "Valparaíso", "provincia": "valparaiso", "estado": "PARCIAL", "geo_precision": "commune_centroid", "geo_base": "comuna", "fecha": "2022-05-19", "compania": "Cooperativa de Artes Escénicas de Valparaíso", "espacio": "Cancha Quebrada Márquez"}}, {"type": "Feature", "geometry": {"type": "Point", "coordinates": [-71.59677, -33.11235]}, "properties": {"id": "FUN-0072", "coleccion": "funciones", "nombre": "Inusual… Mundo autista", "comuna": "valparaiso", "comuna_nombre": "Valparaíso", "provincia": "valparaiso", "estado": "PARCIAL", "geo_precision": "commune_centroid", "geo_base": "comuna", "fecha": "2022-05-14", "compania": "Soporte Corporal", "espacio": "Centex — Centro de Extensión del Ministerio de las Culturas"}}, {"type": "Feature", "geometry": {"type": "Point", "coordinates": [-71.40187, -33.12277]}, "properties": {"id": "FUN-0073", "coleccion": "funciones", "nombre": "Desentierren a los vivos", "comuna": "quilpue", "comuna_nombre": "Quilpué", "provincia": "marga-marga", "estado": "PARCIAL", "geo_precision": "commune_centroid", "geo_base": "comuna", "fecha": "2022-05-28", "compania": "NO ENCONTRADO", "espacio": "Teatro Municipal Juan Bustos Ramírez"}}, {"type": "Feature", "geometry": {"type": "Point", "coordinates": [-71.51962, -33.02621]}, "properties": {"id": "FUN-0074", "coleccion": "funciones", "nombre": "Historia de amor para un alma vieja", "comuna": "vina-del-mar", "comuna_nombre": "Viña del Mar", "provincia": "valparaiso", "estado": "PARCIAL", "geo_precision": "commune_centroid", "geo_base": "comuna", "fecha": "2026-01-31", "compania": "NO ENCONTRADO", "espacio": "Teatro Municipal de Viña del Mar"}}, {"type": "Feature", "geometry": {"type": "Point", "coordinates": [-71.51962, -33.02621]}, "properties": {"id": "FUN-0075", "coleccion": "funciones", "nombre": "La vida de mi guerra", "comuna": "vina-del-mar", "comuna_nombre": "Viña del Mar", "provincia": "valparaiso", "estado": "PARCIAL", "geo_precision": "commune_centroid", "geo_base": "comuna", "fecha": "2026-01-02", "compania": "Flamenco Triana", "espacio": "Teatro Municipal de Viña del Mar"}}, {"type": "Feature", "geometry": {"type": "Point", "coordinates": [-71.51962, -33.02621]}, "properties": {"id": "FUN-0076", "coleccion": "funciones", "nombre": "NO ENCONTRADO", "comuna": "vina-del-mar", "comuna_nombre": "Viña del Mar", "provincia": "valparaiso", "estado": "PARCIAL", "geo_precision": "commune_centroid", "geo_base": "comuna", "fecha": "2026-01-18", "compania": "NO ENCONTRADO", "espacio": "Teatro Municipal de Viña del Mar"}}, {"type": "Feature", "geometry": {"type": "Point", "coordinates": [-71.51962, -33.02621]}, "properties": {"id": "FUN-0077", "coleccion": "funciones", "nombre": "NO ENCONTRADO", "comuna": "vina-del-mar", "comuna_nombre": "Viña del Mar", "provincia": "valparaiso", "estado": "PARCIAL", "geo_precision": "commune_centroid", "geo_base": "comuna", "fecha": "2026-01-27", "compania": "NO ENCONTRADO", "espacio": "Teatro Municipal de Viña del Mar"}}], "meta": {"generado": "2026-09-08", "nota": "Puntos con geo_precision=commune_centroid usan el punto interior comunal de data/territories/comunas.json; no son ubicaciones exactas."}}
